_CustomObjectKey,TITULO_ID,Data_Entrada
24733,a0o6g00000DfrnxAAB,
24734,a0o6g00000DMLLFAA5,
24735,a0o6g00000DMLLGAA5,
24736,a0o6g00000DMLLHAA5,
24737,a0o6g00000DMLLIAA5,
24738,a0o6g00000DNEy1AAH,
24739,a0o6g00000DOVXOAA5,
24740,a0o6g00000DQzbPAAT,
24741,a0o6g00000DTcOnAAL,
24742,a0o6g00000DWM73AAH,
24743,a0o6g00000DWMbnAAH,
24744,a0o6g00000DWMboAAH,
24745,a0o6g00000DWMk7AAH,
24746,a0o6g00000DWMk8AAH,
24747,a0o6g00000DWMk9AAH,
24748,a0o6g00000DWMkAAAX,
24749,a0o6g00000DWMkBAAX,
24750,a0o6g00000DWZYBAA5,
24751,a0o6g000006LpozAAC,
24752,a0o6g000005lo5uAAA,
24753,a0o6g000005i2uHAAQ,
24754,a0o6g000006CG31AAG,
24755,a0o6g000005vfY8AAI,
24756,a0o6g000005vR8HAAU,
24757,a0o6g000005kNCsAAM,
24758,a0o6g000006KzpYAAS,
24759,a0o6g000006F9vrAAC,
24760,a0o6g000005kyyGAAQ,
24761,a0o6g0000063dl3AAA,
24762,a0o6g0000065eS0AAI,
24763,a0o6g000005uZ4AAAU,
24764,a0o6g000006F2c8AAC,
24765,a0o6g000005iyBdAAI,
24766,a0o6g000005wl4uAAA,
24767,a0o6g000005yDkIAAU,
24768,a0o6g000005loIuAAI,
24769,a0o6g000006F6dhAAC,
24770,a0o6g000005xTs6AAE,
24771,a0o6g000005l17MAAQ,
24772,a0o6g000005uQ0CAAU,
24773,a0o6g000006ExFpAAK,
24774,a0o6g000005y7ztAAA,
24775,a0o6g000005yH0YAAU,
24776,a0o6g000005cAQTAA2,
24777,a0o6g000005chUyAAI,
24778,a0o6g0000068lwXAAQ,
24779,a0o6g000005iLLcAAM,
24780,a0o6g000006GSB7AAO,
24781,a0o6g000005oBF4AAM,
24782,a0o6g000005gqpDAAQ,
24783,a0o6g000005furwAAA,
24784,a0o6g000006BhjnAAC,
24785,a0o6g000005pKCOAA2,
24786,a0o6g000006H6QrAAK,
24787,a0o6g000005dU7TAAU,
24788,a0o6g000005pr2WAAQ,
24789,a0o6g000006CriEAAS,
24790,a0o6g000006Ffl1AAC,
24791,a0o6g000005uijjAAA,
24792,a0o6g00000639ZEAAY,
24793,a0o6g0000068paXAAQ,
24794,a0o6g000005rDZyAAM,
24795,a0o6g000006BxARAA0,
24796,a0o6g000006EH0YAAW,
24797,a0o6g000005dUwPAAU,
24798,a0o6g000005r84NAAQ,
24799,a0o6g000006GVMLAA4,
24800,a0o6g0000069U7fAAE,
24801,a0o6g000005js52AAA,
24802,a0o6g000005wjG9AAI,
24803,a0o6g000006FuTrAAK,
24804,a0o6g000005hSN9AAM,
24805,a0o6g000005lloKAAQ,
24806,a0o6g000005hODxAAM,
24807,a0o6g0000068Ff8AAE,
24808,a0o6g00000658wvAAA,
24809,a0o6g000005yxVyAAI,
24810,a0o6g000006BRltAAG,
24811,a0o6g000006Cra1AAC,
24812,a0o6g0000069YjSAAU,
24813,a0o6g000005tKTLAA2,
24814,a0o6g000005hcajAAA,
24815,a0o6g000005zcq4AAA,
24816,a0o6g0000060PogAAE,
24817,a0o6g000005zlaoAAA,
24818,a0o6g000005zEhbAAE,
24819,a0o6g000005u1GTAAY,
24820,a0o6g000006GkqoAAC,
24821,a0o6g000006Ahi4AAC,
24822,a0o6g000005jpvUAAQ,
24823,a0o6g000005e5RYAAY,
24824,a0o6g000006F9q4AAC,
24825,a0o6g000005tKTRAA2,
24826,a0o6g000006Mnm5AAC,
24827,a0o6g000005jaWZAAY,
24828,a0o6g000005dMYzAAM,
24829,a0o6g0000062p2PAAQ,
24830,a0o6g000005ia0FAAQ,
24831,a0o6g000006MyBFAA0,
24832,a0o6g000005mldRAAQ,
24833,a0o6g000005enozAAA,
24834,a0o6g000005yTk0AAE,
24835,a0o6g000005iZhCAAU,
24836,a0o6g000005sIAmAAM,
24837,a0o6g000005oHanAAE,
24838,a0o6g000005yxUNAAY,
24839,a0o6g000005vV5lAAE,
24840,a0o6g0000064NylAAE,
24841,a0o6g000005xepNAAQ,
24842,a0o6g000005gIJIAA2,
24843,a0o6g000005dsUvAAI,
24844,a0o6g0000067f31AAA,
24845,a0o6g000005tTa7AAE,
24846,a0o6g000005rp0hAAA,
24847,a0o6g000005zRO7AAM,
24848,a0o6g000005dQPUAA2,
24849,a0o6g000005gxRZAAY,
24850,a0o6g000005yxXLAAY,
24851,a0o6g000006KuFUAA0,
24852,a0o6g000005gRP2AAM,
24853,a0o6g000006F37VAAS,
24854,a0o6g000005w8AmAAI,
24855,a0o6g000006Dv9ZAAS,
24856,a0o6g000005gmFcAAI,
24857,a0o6g000005hqY4AAI,
24858,a0o6g000006ERkGAAW,
24859,a0o6g000006GJPjAAO,
24860,a0o6g00000638rtAAA,
24861,a0o6g000006FFk7AAG,
24862,a0o6g000005kzgiAAA,
24863,a0o6g0000064eRHAAY,
24864,a0o6g0000060Kb5AAE,
24865,a0o6g000006IJD3AAO,
24866,a0o6g000005rTchAAE,
24867,a0o6g000005on3AAAQ,
24868,a0o6g000005zU1vAAE,
24869,a0o6g000005wGlHAAU,
24870,a0o6g000005odO0AAI,
24871,a0o6g000005w0Y8AAI,
24872,a0o6g00000634T8AAI,
24873,a0o6g000006CfluAAC,
24874,a0o6g000005yvdsAAA,
24875,a0o6g000005nmDTAAY,
24876,a0o6g000006ChunAAC,
24877,a0o6g00000686eSAAQ,
24878,a0o6g000006KLXdAAO,
24879,a0o6g000005eghlAAA,
24880,a0o6g000006GgHeAAK,
24881,a0o6g000006GFf2AAG,
24882,a0o6g0000065iFiAAI,
24883,a0o6g000005utu0AAA,
24884,a0o6g000005wdggAAA,
24885,a0o6g000005huyBAAQ,
24886,a0o6g0000067BzpAAE,
24887,a0o6g0000066Sz5AAE,
24888,a0o6g000006BJLZAA4,
24889,a0o6g000005lEoAAAU,
24890,a0o6g0000065Y6JAAU,
24891,a0o6g0000061xv9AAA,
24892,a0o6g000006AWMEAA4,
24893,a0o6g000005vV5yAAE,
24894,a0o6g000005o9rxAAA,
24895,a0o6g000005h1hhAAA,
24896,a0o6g0000067YpjAAE,
24897,a0o6g0000068XRGAA2,
24898,a0o6g000005mYF7AAM,
24899,a0o6g0000064yHyAAI,
24900,a0o6g000005mo3AAAQ,
24901,a0o6g000005oBGNAA2,
24902,a0o6g000006B5gWAAS,
24903,a0o6g0000061576AAA,
24904,a0o6g000005eyMEAAY,
24905,a0o6g000006IeAZAA0,
24906,a0o6g0000062jAuAAI,
24907,a0o6g000005qcEZAAY,
24908,a0o6g0000062fYLAAY,
24909,a0o6g000005omTsAAI,
24910,a0o6g0000064TovAAE,
24911,a0o6g000005fxN5AAI,
24912,a0o6g000006EQGPAA4,
24913,a0o6g0000060WfNAAU,
24914,a0o6g000006ERuSAAW,
24915,a0o6g000006DLz9AAG,
24916,a0o6g0000068xeBAAQ,
24917,a0o6g0000062SVPAA2,
24918,a0o6g0000061U2RAAU,
24919,a0o6g000005ff5NAAQ,
24920,a0o6g000005yeV2AAI,
24921,a0o6g000005qHb0AAE,
24922,a0o6g000006ETPhAAO,
24923,a0o6g000005uYeSAAU,
24924,a0o6g000005xAgdAAE,
24925,a0o6g000005eKVvAAM,
24926,a0o6g000005shQyAAI,
24927,a0o6g000005drBKAAY,
24928,a0o6g000006EA3EAAW,
24929,a0o6g000005xgpiAAA,
24930,a0o6g000006Li2CAAS,
24931,a0o6g000006Ejb7AAC,
24932,a0o6g000006JFqvAAG,
24933,a0o6g000005l2pOAAQ,
24934,a0o6g000005kC4qAAE,
24935,a0o6g000006GSDxAAO,
24936,a0o6g000005wVRFAA2,
24937,a0o6g000005rmMIAAY,
24938,a0o6g000005keccAAA,
24939,a0o6g000005kLPVAA2,
24940,a0o6g000005dqz4AAA,
24941,a0o6g000005jNssAAE,
24942,a0o6g000005rjA8AAI,
24943,a0o6g000005tSIrAAM,
24944,a0o6g000005rLbFAAU,
24945,a0o6g000005xcDmAAI,
24946,a0o6g0000065B97AAE,
24947,a0o6g000005h2WWAAY,
24948,a0o6g000006D5QwAAK,
24949,a0o6g000006Kj0rAAC,
24950,a0o6g000005xsvQAAQ,
24951,a0o6g000006CQQGAA4,
24952,a0o6g000005zcg8AAA,
24953,a0o6g0000066DMyAAM,
24954,a0o6g000006Cv79AAC,
24955,a0o6g000006GcVUAA0,
24956,a0o6g000006Cl87AAC,
24957,a0o6g000006M8AdAAK,
24958,a0o6g000005dtRgAAI,
24959,a0o6g000005yxXOAAY,
24960,a0o6g0000063TbwAAE,
24961,a0o6g000005mcQBAAY,
24962,a0o6g0000065aWYAAY,
24963,a0o6g000005w4B4AAI,
24964,a0o6g000006C6K7AAK,
24965,a0o6g0000066iJjAAI,
24966,a0o6g000005v78sAAA,
24967,a0o6g0000068SoZAAU,
24968,a0o6g000005ryFvAAI,
24969,a0o6g000005h3dzAAA,
24970,a0o6g000005oJqOAAU,
24971,a0o6g000005dcJDAAY,
24972,a0o6g000006743ZAAQ,
24973,a0o6g000006AnPLAA0,
24974,a0o6g0000068kkHAAQ,
24975,a0o6g0000061VX4AAM,
24976,a0o6g000006BDgrAAG,
24977,a0o6g000005iQdoAAE,
24978,a0o6g000005x0WCAAY,
24979,a0o6g000005vrPEAAY,
24980,a0o6g000005hegjAAA,
24981,a0o6g0000067AigAAE,
24982,a0o6g000005pAw5AAE,
24983,a0o6g0000068YD5AAM,
24984,a0o6g000005nYSPAA2,
24985,a0o6g00000658jAAAQ,
24986,a0o6g000005yZrDAAU,
24987,a0o6g000005o0auAAA,
24988,a0o6g000006FeaDAAS,
24989,a0o6g0000067IvOAAU,
24990,a0o6g000005ij4rAAA,
24991,a0o6g000005mFTfAAM,
24992,a0o6g000006EYesAAG,
24993,a0o6g000005dLCaAAM,
24994,a0o6g000005nSWAAA2,
24995,a0o6g000005y3ksAAA,
24996,a0o6g000006BAHEAA4,
24997,a0o6g000005tGrdAAE,
24998,a0o6g0000069DjlAAE,
24999,a0o6g000005yhhaAAA,
25000,a0o6g000006G7DWAA0,
25001,a0o6g000005vR8DAAU,
25002,a0o6g000006MzAwAAK,
25003,a0o6g000005m39ZAAQ,
25004,a0o6g000006BGYhAAO,
25005,a0o6g000005uiiqAAA,
25006,a0o6g000005xvFeAAI,
25007,a0o6g000005vXaBAAU,
25008,a0o6g000005tJ3kAAE,
25009,a0o6g0000060iI1AAI,
25010,a0o6g0000063GwjAAE,
25011,a0o6g000005tr2QAAQ,
25012,a0o6g0000060uHGAAY,
25013,a0o6g000005yyuvAAA,
25014,a0o6g000005lPYwAAM,
25015,a0o6g000006AXzYAAW,
25016,a0o6g000006KlGUAA0,
25017,a0o6g000005zRQ6AAM,
25018,a0o6g0000063kOtAAI,
25019,a0o6g000005t88TAAQ,
25020,a0o6g000005uhrnAAA,
25021,a0o6g000005fw4xAAA,
25022,a0o6g0000067xSbAAI,
25023,a0o6g000005x4tQAAQ,
25024,a0o6g000005cptPAAQ,
25025,a0o6g000005n3xLAAQ,
25026,a0o6g0000068UMMAA2,
25027,a0o6g0000065T6cAAE,
25028,a0o6g000005tzqxAAA,
25029,a0o6g000005ftFpAAI,
25030,a0o6g000005m7A5AAI,
25031,a0o6g000005ukzMAAQ,
25032,a0o6g000005buOxAAI,
25033,a0o6g0000061J8HAAU,
25034,a0o6g000005zRDtAAM,
25035,a0o6g000005ejS6AAI,
25036,a0o6g000006B6jmAAC,
25037,a0o6g000005q7XFAAY,
25038,a0o6g000005fvHTAAY,
25039,a0o6g000005xv2MAAQ,
25040,a0o6g000006AZQRAA4,
25041,a0o6g000005xD5EAAU,
25042,a0o6g000006Ca2lAAC,
25043,a0o6g000005exAdAAI,
25044,a0o6g000005zkqcAAA,
25045,a0o6g000005hzEHAAY,
25046,a0o6g000006Apd3AAC,
25047,a0o6g000005qEucAAE,
25048,a0o6g000005qr9yAAA,
25049,a0o6g0000063VJ4AAM,
25050,a0o6g000005rA8PAAU,
25051,a0o6g000005iWeFAAU,
25052,a0o6g000006DDkpAAG,
25053,a0o6g000005v1KbAAI,
25054,a0o6g000006BDFEAA4,
25055,a0o6g000005xLfiAAE,
25056,a0o6g000006DHSbAAO,
25057,a0o6g000005o892AAA,
25058,a0o6g000005jpa8AAA,
25059,a0o6g0000061XUJAA2,
25060,a0o6g000006IvozAAC,
25061,a0o6g000005fd9LAAQ,
25062,a0o6g000005uIkFAAU,
25063,a0o6g000005hWqNAAU,
25064,a0o6g0000063ClbAAE,
25065,a0o6g000006AkplAAC,
25066,a0o6g000005o89KAAQ,
25067,a0o6g000006MozuAAC,
25068,a0o6g000005nGQBAA2,
25069,a0o6g000005v6EeAAI,
25070,a0o6g000005vbs2AAA,
25071,a0o6g000005nPamAAE,
25072,a0o6g000005xsKJAAY,
25073,a0o6g000005xc5tAAA,
25074,a0o6g0000067U3cAAE,
25075,a0o6g000005mJ0EAAU,
25076,a0o6g000005flIyAAI,
25077,a0o6g000006N2WkAAK,
25078,a0o6g000005jBq8AAE,
25079,a0o6g000005hdVjAAI,
25080,a0o6g000005jILfAAM,
25081,a0o6g000005vGMCAA2,
25082,a0o6g000006DBTMAA4,
25083,a0o6g000005kCUJAA2,
25084,a0o6g000005w1clAAA,
25085,a0o6g000005xjt0AAA,
25086,a0o6g000005uPqGAAU,
25087,a0o6g000005vw8CAAQ,
25088,a0o6g000005nYpKAAU,
25089,a0o6g000006Fz5gAAC,
25090,a0o6g000005qRyQAAU,
25091,a0o6g000006BOaLAAW,
25092,a0o6g000005lo5DAAQ,
25093,a0o6g000005kpcaAAA,
25094,a0o6g000005c9TsAAI,
25095,a0o6g000005w8AbAAI,
25096,a0o6g000005z5ouAAA,
25097,a0o6g000005r0C0AAI,
25098,a0o6g0000062iNCAAY,
25099,a0o6g0000062ST7AAM,
25100,a0o6g000005eHPuAAM,
25101,a0o6g000005umJnAAI,
25102,a0o6g000005w3ivAAA,
25103,a0o6g000005gGCyAAM,
25104,a0o6g0000068TtAAAU,
25105,a0o6g000006N9sZAAS,
25106,a0o6g0000065O0kAAE,
25107,a0o6g000005jOdFAAU,
25108,a0o6g0000069Pm0AAE,
25109,a0o6g000006JKYmAAO,
25110,a0o6g0000067LXgAAM,
25111,a0o6g0000060vceAAA,
25112,a0o6g0000068PFNAA2,
25113,a0o6g000005mQeRAAU,
25114,a0o6g000005iE6NAAU,
25115,a0o6g000005onQNAAY,
25116,a0o6g000006AuReAAK,
25117,a0o6g000005lvmFAAQ,
25118,a0o6g000005yxKJAAY,
25119,a0o6g0000065zU6AAI,
25120,a0o6g000005xavhAAA,
25121,a0o6g0000063p2GAAQ,
25122,a0o6g000005tHYUAA2,
25123,a0o6g000005ln3DAAQ,
25124,a0o6g000005m7F0AAI,
25125,a0o6g000005kvssAAA,
25126,a0o6g000005k0A2AAI,
25127,a0o6g0000066kp1AAA,
25128,a0o6g000005up7hAAA,
25129,a0o6g000006BBPQAA4,
25130,a0o6g000005kczhAAA,
25131,a0o6g000005bkw0AAA,
25132,a0o6g000005wLTmAAM,
25133,a0o6g000005uiiNAAQ,
25134,a0o6g000005nukwAAA,
25135,a0o6g000005fVnpAAE,
25136,a0o6g000005sgU1AAI,
25137,a0o6g000005ktcqAAA,
25138,a0o6g000005vG6MAAU,
25139,a0o6g000006JXCOAA4,
25140,a0o6g000005oRoiAAE,
25141,a0o6g00000690IWAAY,
25142,a0o6g000005nVWLAA2,
25143,a0o6g000005pWDWAA2,
25144,a0o6g0000068NZQAA2,
25145,a0o6g000005hOKWAA2,
25146,a0o6g000005vpXeAAI,
25147,a0o6g000005trbkAAA,
25148,a0o6g0000067CNTAA2,
25149,a0o6g000005nzXeAAI,
25150,a0o6g000005hzMiAAI,
25151,a0o6g000005mHrvAAE,
25152,a0o6g000005wpNiAAI,
25153,a0o6g000005m39sAAA,
25154,a0o6g0000061OXzAAM,
25155,a0o6g000006BdkeAAC,
25156,a0o6g000006CXJdAAO,
25157,a0o6g000005gAIhAAM,
25158,a0o6g000006GHDTAA4,
25159,a0o6g000006BgvRAAS,
25160,a0o6g000006DGvUAAW,
25161,a0o6g0000062nEFAAY,
25162,a0o6g000005uoxlAAA,
25163,a0o6g000006EkqPAAS,
25164,a0o6g000006JUwqAAG,
25165,a0o6g000005osQIAAY,
25166,a0o6g000005mHc0AAE,
25167,a0o6g0000067kREAAY,
25168,a0o6g000005lIx2AAE,
25169,a0o6g000005xhKJAAY,
25170,a0o6g000005w8B0AAI,
25171,a0o6g000005iJp4AAE,
25172,a0o6g000005w3ibAAA,
25173,a0o6g000006JielAAC,
25174,a0o6g000006G2OZAA0,
25175,a0o6g000005npRAAAY,
25176,a0o6g000005kdskAAA,
25177,a0o6g0000065NLZAA2,
25178,a0o6g000006FBsZAAW,
25179,a0o6g000005xdBAAAY,
25180,a0o6g0000066IY1AAM,
25181,a0o6g000005ftKpAAI,
25182,a0o6g0000066N6SAAU,
25183,a0o6g000005ws6aAAA,
25184,a0o6g000006EvuGAAS,
25185,a0o6g0000066BSDAA2,
25186,a0o6g000005xfdCAAQ,
25187,a0o6g000006BNXpAAO,
25188,a0o6g000005zRApAAM,
25189,a0o6g000006EwIKAA0,
25190,a0o6g000006Hd3QAAS,
25191,a0o6g000005cTq2AAE,
25192,a0o6g000006AnVmAAK,
25193,a0o6g000005fXxvAAE,
25194,a0o6g00000691qNAAQ,
25195,a0o6g000005lVrfAAE,
25196,a0o6g000006LHBiAAO,
25197,a0o6g000005wpffAAA,
25198,a0o6g000005muuPAAQ,
25199,a0o6g000005jDjkAAE,
25200,a0o6g000005l6tXAAQ,
25201,a0o6g000005lrq6AAA,
25202,a0o6g000005c2mmAAA,
25203,a0o6g000005rS7mAAE,
25204,a0o6g000005vR8hAAE,
25205,a0o6g000005sORTAA2,
25206,a0o6g00000649a4AAA,
25207,a0o6g000006DpfkAAC,
25208,a0o6g000005pJqEAAU,
25209,a0o6g000005jcs7AAA,
25210,a0o6g000005zjtjAAA,
25211,a0o6g000005yCOEAA2,
25212,a0o6g000006GBOfAAO,
25213,a0o6g000005i0r2AAA,
25214,a0o6g000005mJpsAAE,
25215,a0o6g000005hg4FAAQ,
25216,a0o6g000005lay3AAA,
25217,a0o6g000005qw5VAAQ,
25218,a0o6g000005fjv9AAA,
25219,a0o6g000005sHLjAAM,
25220,a0o6g000005zFTxAAM,
25221,a0o6g000005nZ1rAAE,
25222,a0o6g0000066XWhAAM,
25223,a0o6g000006L3C8AAK,
25224,a0o6g000005iryeAAA,
25225,a0o6g000006N8NFAA0,
25226,a0o6g000005uFxkAAE,
25227,a0o6g0000061svoAAA,
25228,a0o6g000005w5dqAAA,
25229,a0o6g000005sRMHAA2,
25230,a0o6g00000695AiAAI,
25231,a0o6g000005q7X9AAI,
25232,a0o6g000005kDQQAA2,
25233,a0o6g0000068CPQAA2,
25234,a0o6g000005qvWHAAY,
25235,a0o6g00000620IXAAY,
25236,a0o6g000006HZmAAAW,
25237,a0o6g000005x658AAA,
25238,a0o6g000005x0VpAAI,
25239,a0o6g000005yJ1eAAE,
25240,a0o6g000005zROvAAM,
25241,a0o6g000006DRTXAA4,
25242,a0o6g0000068hBZAAY,
25243,a0o6g000005wzUiAAI,
25244,a0o6g000005zwbxAAA,
25245,a0o6g000005pYEFAA2,
25246,a0o6g000006FbU8AAK,
25247,a0o6g000006MgF9AAK,
25248,a0o6g0000062bO5AAI,
25249,a0o6g000006D6OnAAK,
25250,a0o6g000006129ZAAQ,
25251,a0o6g00000614X3AAI,
25252,a0o6g0000069Mv0AAE,
25253,a0o6g000005vbrKAAQ,
25254,a0o6g000005po2MAAQ,
25255,a0o6g000005uZ4IAAU,
25256,a0o6g000006BFDPAA4,
25257,a0o6g000005vdyIAAQ,
25258,a0o6g0000065abkAAA,
25259,a0o6g000005tl2oAAA,
25260,a0o6g000006AFszAAG,
25261,a0o6g000006JgcoAAC,
25262,a0o6g000005c0x7AAA,
25263,a0o6g000005vR6qAAE,
25264,a0o6g000005pSh2AAE,
25265,a0o6g000005nPahAAE,
25266,a0o6g000006K9HKAA0,
25267,a0o6g0000062qr2AAA,
25268,a0o6g000006N3JhAAK,
25269,a0o6g000006GZjSAAW,
25270,a0o6g000005h779AAA,
25271,a0o6g000005uFKGAA2,
25272,a0o6g000005qHIxAAM,
25273,a0o6g000005gTidAAE,
25274,a0o6g000006GeWBAA0,
25275,a0o6g000005zkqxAAA,
25276,a0o6g000005gGRqAAM,
25277,a0o6g0000066DNfAAM,
25278,a0o6g000005e7VFAAY,
25279,a0o6g000005wBCEAA2,
25280,a0o6g000005wLlSAAU,
25281,a0o6g000006BLq8AAG,
25282,a0o6g0000066L0MAAU,
25283,a0o6g0000060iI7AAI,
25284,a0o6g000005s3D4AAI,
25285,a0o6g0000068BeUAAU,
25286,a0o6g0000061U8cAAE,
25287,a0o6g000006GMnTAAW,
25288,a0o6g000005dGkjAAE,
25289,a0o6g000006AYhfAAG,
25290,a0o6g000006BjsvAAC,
25291,a0o6g000005r1OBAAY,
25292,a0o6g000006D7HuAAK,
25293,a0o6g000005tpWpAAI,
25294,a0o6g000005maPBAAY,
25295,a0o6g0000064E76AAE,
25296,a0o6g000005vfggAAA,
25297,a0o6g000005jeeXAAQ,
25298,a0o6g000005wf5EAAQ,
25299,a0o6g000006L2SVAA0,
25300,a0o6g000005kKrQAAU,
25301,a0o6g000006979cAAA,
25302,a0o6g000005xS9nAAE,
25303,a0o6g000005m3ikAAA,
25304,a0o6g000006Mm0KAAS,
25305,a0o6g000006KfAPAA0,
25306,a0o6g000006GHYYAA4,
25307,a0o6g000005cLnLAAU,
25308,a0o6g000005gzVHAAY,
25309,a0o6g0000065gIIAAY,
25310,a0o6g000005w8AZAAY,
25311,a0o6g000005hzSOAAY,
25312,a0o6g000005yxVcAAI,
25313,a0o6g000005qNbKAAU,
25314,a0o6g000005zROaAAM,
25315,a0o6g000005zDHiAAM,
25316,a0o6g000006CU21AAG,
25317,a0o6g0000068NXGAA2,
25318,a0o6g000005yfINAAY,
25319,a0o6g000006Ex9fAAC,
25320,a0o6g000005loueAAA,
25321,a0o6g000005w4BHAAY,
25322,a0o6g000005e7mPAAQ,
25323,a0o6g000005hZNDAA2,
25324,a0o6g000006Kr6rAAC,
25325,a0o6g000006IBX1AAO,
25326,a0o6g000005yVXIAA2,
25327,a0o6g000005eP6MAAU,
25328,a0o6g000006BSAPAA4,
25329,a0o6g000005rWK5AAM,
25330,a0o6g000006A6HnAAK,
25331,a0o6g000005mHChAAM,
25332,a0o6g000005yhkIAAQ,
25333,a0o6g000006CizoAAC,
25334,a0o6g0000065bpFAAQ,
25335,a0o6g0000060We3AAE,
25336,a0o6g000005s7RyAAI,
25337,a0o6g000005epveAAA,
25338,a0o6g000005yfIoAAI,
25339,a0o6g000005wjG8AAI,
25340,a0o6g000005xn37AAA,
25341,a0o6g0000069XVVAA2,
25342,a0o6g000005cad5AAA,
25343,a0o6g000006JekwAAC,
25344,a0o6g000006DuFHAA0,
25345,a0o6g000006JB9lAAG,
25346,a0o6g0000063JCMAA2,
25347,a0o6g000006EMdLAAW,
25348,a0o6g000005iVt6AAE,
25349,a0o6g000005xi0NAAQ,
25350,a0o6g000005xYJQAA2,
25351,a0o6g000005lC1LAAU,
25352,a0o6g0000063IeCAAU,
25353,a0o6g0000068hrHAAQ,
25354,a0o6g000005nBVSAA2,
25355,a0o6g000005hCQPAA2,
25356,a0o6g000006G2tHAAS,
25357,a0o6g000005wHkHAAU,
25358,a0o6g000006ETOVAA4,
25359,a0o6g000005xQLcAAM,
25360,a0o6g000006IjpYAAS,
25361,a0o6g000005yewHAAQ,
25362,a0o6g000005lHkmAAE,
25363,a0o6g000006AnTSAA0,
25364,a0o6g000005nPaoAAE,
25365,a0o6g000005shx8AAA,
25366,a0o6g000006G0PFAA0,
25367,a0o6g0000064pOlAAI,
25368,a0o6g0000066AJTAA2,
25369,a0o6g000005vg0UAAQ,
25370,a0o6g000006AXxgAAG,
25371,a0o6g000005sHCDAA2,
25372,a0o6g000005rLmYAAU,
25373,a0o6g000005uhXkAAI,
25374,a0o6g000005npvvAAA,
25375,a0o6g000006KXU2AAO,
25376,a0o6g000005rW5TAAU,
25377,a0o6g00000682jWAAQ,
25378,a0o6g000006CqB9AAK,
25379,a0o6g000005w3iSAAQ,
25380,a0o6g000006BnweAAC,
25381,a0o6g0000063wZFAAY,
25382,a0o6g000005mCnQAAU,
25383,a0o6g000005kgd2AAA,
25384,a0o6g0000068dZIAAY,
25385,a0o6g000005ohwVAAQ,
25386,a0o6g000006JtmyAAC,
25387,a0o6g000006AVaOAAW,
25388,a0o6g000005wZrxAAE,
25389,a0o6g000005eTWOAA2,
25390,a0o6g0000064E2PAAU,
25391,a0o6g000005vuPqAAI,
25392,a0o6g000005vXZlAAM,
25393,a0o6g000005vYabAAE,
25394,a0o6g000005xgpUAAQ,
25395,a0o6g000005fgiSAAQ,
25396,a0o6g000005xBKXAA2,
25397,a0o6g000005yWzWAAU,
25398,a0o6g000005eud1AAA,
25399,a0o6g000005kFJhAAM,
25400,a0o6g000005crGJAAY,
25401,a0o6g000005xpapAAA,
25402,a0o6g000005uQ2oAAE,
25403,a0o6g000005eS4QAAU,
25404,a0o6g000006AS4cAAG,
25405,a0o6g000005mzG2AAI,
25406,a0o6g000005zaXoAAI,
25407,a0o6g000005ipJgAAI,
25408,a0o6g0000064RotAAE,
25409,a0o6g000005kt9wAAA,
25410,a0o6g000006LpAFAA0,
25411,a0o6g0000068ddjAAA,
25412,a0o6g0000060k2gAAA,
25413,a0o6g000006GfgcAAC,
25414,a0o6g000005mFDAAA2,
25415,a0o6g000006Bjf1AAC,
25416,a0o6g000005jahJAAQ,
25417,a0o6g000006LuGfAAK,
25418,a0o6g00000675X8AAI,
25419,a0o6g000005vaKXAAY,
25420,a0o6g000005o7f0AAA,
25421,a0o6g00000642VVAAY,
25422,a0o6g000006JMTUAA4,
25423,a0o6g0000064uupAAA,
25424,a0o6g0000062PbhAAE,
25425,a0o6g000005fZK9AAM,
25426,a0o6g000005hSLWAA2,
25427,a0o6g000006FnfAAAS,
25428,a0o6g000005uUqPAAU,
25429,a0o6g000005lYVWAA2,
25430,a0o6g000005bzlrAAA,
25431,a0o6g000006DXOxAAO,
25432,a0o6g0000064sAdAAI,
25433,a0o6g000005xPNuAAM,
25434,a0o6g000006HksZAAS,
25435,a0o6g000005lKb8AAE,
25436,a0o6g000005wr7VAAQ,
25437,a0o6g000005lQXIAA2,
25438,a0o6g000005oNTgAAM,
25439,a0o6g000006EZ9WAAW,
25440,a0o6g0000061RioAAE,
25441,a0o6g000005z2uWAAQ,
25442,a0o6g0000066HRwAAM,
25443,a0o6g0000067WAuAAM,
25444,a0o6g000005mKrYAAU,
25445,a0o6g000005x0oSAAQ,
25446,a0o6g000005ej5qAAA,
25447,a0o6g0000060ZGTAA2,
25448,a0o6g00000614ugAAA,
25449,a0o6g000005bmVJAAY,
25450,a0o6g0000065lfmAAA,
25451,a0o6g000005pQr2AAE,
25452,a0o6g000006FzqkAAC,
25453,a0o6g000006FDI8AAO,
25454,a0o6g000005mtltAAA,
25455,a0o6g000005kgpFAAQ,
25456,a0o6g000005ewPoAAI,
25457,a0o6g0000061tE4AAI,
25458,a0o6g000005seQZAAY,
25459,a0o6g000005l0xpAAA,
25460,a0o6g000005wUT1AAM,
25461,a0o6g000005goYpAAI,
25462,a0o6g0000061uZjAAI,
25463,a0o6g0000069FRcAAM,
25464,a0o6g000006AiMZAA0,
25465,a0o6g0000068LEDAA2,
25466,a0o6g00000625lfAAA,
25467,a0o6g000006KR5eAAG,
25468,a0o6g000006EmcvAAC,
25469,a0o6g000006H5wfAAC,
25470,a0o6g000005twADAAY,
25471,a0o6g0000067y9lAAA,
25472,a0o6g000005wWQhAAM,
25473,a0o6g000005l55PAAQ,
25474,a0o6g000005fo6sAAA,
25475,a0o6g0000069DYkAAM,
25476,a0o6g000005slDGAAY,
25477,a0o6g000006DTLFAA4,
25478,a0o6g000006JOF7AAO,
25479,a0o6g0000063mqgAAA,
25480,a0o6g000005bvIIAAY,
25481,a0o6g000006CQGgAAO,
25482,a0o6g000005fBjqAAE,
25483,a0o6g000006HQxMAAW,
25484,a0o6g0000063gLMAAY,
25485,a0o6g000006FQj4AAG,
25486,a0o6g000005vVjpAAE,
25487,a0o6g000006AWUEAA4,
25488,a0o6g000005qKaJAAU,
25489,a0o6g000005i7B6AAI,
25490,a0o6g00000620iWAAQ,
25491,a0o6g000005ePTIAA2,
25492,a0o6g000005xgpnAAA,
25493,a0o6g000006IkB7AAK,
25494,a0o6g00000DWil9AAD,
25495,a0o6g000005nxXaAAI,
25496,a0o6g0000063UBiAAM,
25497,a0o6g000005mf6vAAA,
25498,a0o6g000006G1JEAA0,
25499,a0o6g000006AprpAAC,
25500,a0o6g000005uGDpAAM,
25501,a0o6g000005v79IAAQ,
25502,a0o6g000005udhpAAA,
25503,a0o6g000005f5zxAAA,
25504,a0o6g000006DNyNAAW,
25505,a0o6g000005uzbdAAA,
25506,a0o6g000005xhAzAAI,
25507,a0o6g0000065bQmAAI,
25508,a0o6g0000061LCqAAM,
25509,a0o6g000005tMVWAA2,
25510,a0o6g0000067iMXAAY,
25511,a0o6g000006JZVxAAO,
25512,a0o6g000005i9rrAAA,
25513,a0o6g000005yJ1hAAE,
25514,a0o6g000005zvOGAAY,
25515,a0o6g000005ggBQAAY,
25516,a0o6g000006BJKAAA4,
25517,a0o6g000005xhtsAAA,
25518,a0o6g0000060kzAAAQ,
25519,a0o6g000005yIH4AAM,
25520,a0o6g000005tOkMAAU,
25521,a0o6g000005vbqxAAA,
25522,a0o6g000006CFjUAAW,
25523,a0o6g000005vuVaAAI,
25524,a0o6g000005dgIdAAI,
25525,a0o6g000005yvR4AAI,
25526,a0o6g0000062dY3AAI,
25527,a0o6g000005mlXPAAY,
25528,a0o6g000006IElmAAG,
25529,a0o6g000005uhY6AAI,
25530,a0o6g000005xDRYAA2,
25531,a0o6g000005iwaVAAQ,
25532,a0o6g000006BPV5AAO,
25533,a0o6g000005zylyAAA,
25534,a0o6g000005rL5TAAU,
25535,a0o6g000005fO7HAAU,
25536,a0o6g000005bpSBAAY,
25537,a0o6g000005h2WSAAY,
25538,a0o6g000005kNC7AAM,
25539,a0o6g0000064H1GAAU,
25540,a0o6g0000060n15AAA,
25541,a0o6g000005ilrZAAQ,
25542,a0o6g000006E9szAAC,
25543,a0o6g000005hIU1AAM,
25544,a0o6g000006BdIEAA0,
25545,a0o6g000005vLPJAA2,
25546,a0o6g000006B9yzAAC,
25547,a0o6g000005uHgKAAU,
25548,a0o6g000006KLhiAAG,
25549,a0o6g000005nfkbAAA,
25550,a0o6g000005tv6EAAQ,
25551,a0o6g000006CsxpAAC,
25552,a0o6g000005eelWAAQ,
25553,a0o6g000005mo54AAA,
25554,a0o6g000006GIm2AAG,
25555,a0o6g000006DEIXAA4,
25556,a0o6g000005t4wVAAQ,
25557,a0o6g000005x6baAAA,
25558,a0o6g000006EY0tAAG,
25559,a0o6g0000069gsrAAA,
25560,a0o6g000005lo5dAAA,
25561,a0o6g000005oPcwAAE,
25562,a0o6g000006Fb5eAAC,
25563,a0o6g0000067izlAAA,
25564,a0o6g00000638LtAAI,
25565,a0o6g000005w8BGAAY,
25566,a0o6g000005zx0jAAA,
25567,a0o6g0000062Og4AAE,
25568,a0o6g000005o5KKAAY,
25569,a0o6g00000626yzAAA,
25570,a0o6g000006GTHMAA4,
25571,a0o6g0000063g8BAAQ,
25572,a0o6g000005nkCqAAI,
25573,a0o6g00000632D1AAI,
25574,a0o6g000005yyaQAAQ,
25575,a0o6g000005vxpXAAQ,
25576,a0o6g0000060TnUAAU,
25577,a0o6g0000064IyCAAU,
25578,a0o6g000006HZNhAAO,
25579,a0o6g0000064vLvAAI,
25580,a0o6g000005x9EIAAY,
25581,a0o6g000005gCj3AAE,
25582,a0o6g0000064RVjAAM,
25583,a0o6g000005w8BUAAY,
25584,a0o6g0000067lNOAAY,
25585,a0o6g0000065jFGAAY,
25586,a0o6g000006B3b7AAC,
25587,a0o6g000006DSBCAA4,
25588,a0o6g000005ofbzAAA,
25589,a0o6g0000064g89AAA,
25590,a0o6g000005oM0hAAE,
25591,a0o6g000005oXxxAAE,
25592,a0o6g00000655WHAAY,
25593,a0o6g0000060YMtAAM,
25594,a0o6g000005vkCXAAY,
25595,a0o6g000005qEUnAAM,
25596,a0o6g000005x0JZAAY,
25597,a0o6g000005hh1OAAQ,
25598,a0o6g000005mibDAAQ,
25599,a0o6g0000064aOeAAI,
25600,a0o6g0000062e86AAA,
25601,a0o6g000005p1TTAAY,
25602,a0o6g000005zmV8AAI,
25603,a0o6g000005vTV3AAM,
25604,a0o6g000005zx0kAAA,
25605,a0o6g000005jdh4AAA,
25606,a0o6g000005ohMeAAI,
25607,a0o6g000005uijEAAQ,
25608,a0o6g000005xByqAAE,
25609,a0o6g00000DgCLmAAN,
25610,a0o6g000006123EAAQ,
25611,a0o6g000005eCPbAAM,
25612,a0o6g000005vR6zAAE,
25613,a0o6g000005pDmAAAU,
25614,a0o6g00000DfyodAAB,
25615,a0o6g000005f9nwAAA,
25616,a0o6g000005hcrRAAQ,
25617,a0o6g000005cMcGAAU,
25618,a0o6g00000680BuAAI,
25619,a0o6g000006AD2FAAW,
25620,a0o6g000005muNiAAI,
25621,a0o6g000005po3wAAA,
25622,a0o6g000005vV5qAAE,
25623,a0o6g000006CqayAAC,
25624,a0o6g000006Mvy2AAC,
25625,a0o6g000006MvlpAAC,
25626,a0o6g000006Bp2mAAC,
25627,a0o6g000005zMnKAAU,
25628,a0o6g00000620qyAAA,
25629,a0o6g00000605FuAAI,
25630,a0o6g000005oGK2AAM,
25631,a0o6g000005pv0YAAQ,
25632,a0o6g000005jNA8AAM,
25633,a0o6g000006EAo0AAG,
25634,a0o6g000005zduOAAQ,
25635,a0o6g000005sd0mAAA,
25636,a0o6g000005owmMAAQ,
25637,a0o6g000005xCsbAAE,
25638,a0o6g0000065XAwAAM,
25639,a0o6g0000062gq6AAA,
25640,a0o6g0000068yanAAA,
25641,a0o6g000005wc1PAAQ,
25642,a0o6g000005vg13AAA,
25643,a0o6g0000062uvrAAA,
25644,a0o6g0000060keHAAQ,
25645,a0o6g000005eherAAA,
25646,a0o6g000005sAoPAAU,
25647,a0o6g000006AEdmAAG,
25648,a0o6g00000DfyGnAAJ,
25649,a0o6g000006ASjnAAG,
25650,a0o6g000005uiiUAAQ,
25651,a0o6g000005e1dxAAA,
25652,a0o6g0000067zCgAAI,
25653,a0o6g000005yH0bAAE,
25654,a0o6g000005wBusAAE,
25655,a0o6g000006MxBUAA0,
25656,a0o6g000005jDf8AAE,
25657,a0o6g000005oTyJAAU,
25658,a0o6g000005hdzSAAQ,
25659,a0o6g000006GsorAAC,
25660,a0o6g000005vXa9AAE,
25661,a0o6g000005vDHfAAM,
25662,a0o6g000005ct58AAA,
25663,a0o6g000005n8fIAAQ,
25664,a0o6g000005evKSAAY,
25665,a0o6g000005kL99AAE,
25666,a0o6g0000063eR4AAI,
25667,a0o6g000005veaXAAQ,
25668,a0o6g0000063ZWmAAM,
25669,a0o6g0000062ozqAAA,
25670,a0o6g000005o33eAAA,
25671,a0o6g0000065FXWAA2,
25672,a0o6g000006FoX2AAK,
25673,a0o6g000006JXZ8AAO,
25674,a0o6g00000631XSAAY,
25675,a0o6g000005ofXnAAI,
25676,a0o6g00000621NAAAY,
25677,a0o6g000005jqKdAAI,
25678,a0o6g000006EBnUAAW,
25679,a0o6g000006ER2fAAG,
25680,a0o6g0000069TwNAAU,
25681,a0o6g000005pkdIAAQ,
25682,a0o6g000005yR7cAAE,
25683,a0o6g000005qiLVAAY,
25684,a0o6g000005j8t4AAA,
25685,a0o6g000006N7WqAAK,
25686,a0o6g000006B2wnAAC,
25687,a0o6g000006Gak1AAC,
25688,a0o6g0000069yAtAAI,
25689,a0o6g000005vR88AAE,
25690,a0o6g000005yIenAAE,
25691,a0o6g000005oSDtAAM,
25692,a0o6g000006FZSyAAO,
25693,a0o6g000006DPq8AAG,
25694,a0o6g000005jDJSAA2,
25695,a0o6g0000061XqMAAU,
25696,a0o6g000006NBSXAA4,
25697,a0o6g000005zDaLAAU,
25698,a0o6g000005mYFMAA2,
25699,a0o6g000006CZZuAAO,
25700,a0o6g000005vkExAAI,
25701,a0o6g0000066eD2AAI,
25702,a0o6g000005fDWeAAM,
25703,a0o6g000006AGH4AAO,
25704,a0o6g000005mZ8JAAU,
25705,a0o6g000005vbrxAAA,
25706,a0o6g000005nYMfAAM,
25707,a0o6g000005i8WJAAY,
25708,a0o6g0000063PQfAAM,
25709,a0o6g00000Dg7NUAAZ,
25710,a0o6g000005owIpAAI,
25711,a0o6g0000067g0BAAQ,
25712,a0o6g000005xhuOAAQ,
25713,a0o6g0000062G1iAAE,
25714,a0o6g00000615udAAA,
25715,a0o6g000005lILmAAM,
25716,a0o6g000005liUMAAY,
25717,a0o6g000005ehzfAAA,
25718,a0o6g000005vkC4AAI,
25719,a0o6g000005z33WAAQ,
25720,a0o6g00000611OzAAI,
25721,a0o6g000005rCpNAAU,
25722,a0o6g000005vR70AAE,
25723,a0o6g000005icneAAA,
25724,a0o6g000005zsBAAAY,
25725,a0o6g000005w23uAAA,
25726,a0o6g000006DuhCAAS,
25727,a0o6g000005zA0kAAE,
25728,a0o6g0000065wmTAAQ,
25729,a0o6g000005dUTVAA2,
25730,a0o6g000005bwtrAAA,
25731,a0o6g000005vEJZAA2,
25732,a0o6g000005rNU5AAM,
25733,a0o6g000005nDYtAAM,
25734,a0o6g000005sWpVAAU,
25735,a0o6g000006NG4cAAG,
25736,a0o6g00000Dg0zNAAR,
25737,a0o6g000005dsDCAAY,
25738,a0o6g000006HFbEAAW,
25739,a0o6g000005cXo9AAE,
25740,a0o6g000006F5nyAAC,
25741,a0o6g000005vR7KAAU,
25742,a0o6g000005zROMAA2,
25743,a0o6g0000065WK4AAM,
25744,a0o6g0000060n0CAAQ,
25745,a0o6g0000063sazAAA,
25746,a0o6g000006JHUcAAO,
25747,a0o6g0000069TsFAAU,
25748,a0o6g000005lo3hAAA,
25749,a0o6g000006GhyJAAS,
25750,a0o6g000005vjfKAAQ,
25751,a0o6g0000066ZnWAAU,
25752,a0o6g000006FVKEAA4,
25753,a0o6g000006CcIIAA0,
25754,a0o6g000005ws7bAAA,
25755,a0o6g000005wUfZAAU,
25756,a0o6g000005mNwKAAU,
25757,a0o6g0000069u0uAAA,
25758,a0o6g000005mhbyAAA,
25759,a0o6g000005zhw9AAA,
25760,a0o6g000006DfsqAAC,
25761,a0o6g000005p6jLAAQ,
25762,a0o6g000005mEfrAAE,
25763,a0o6g000005wCQxAAM,
25764,a0o6g000006MylRAAS,
25765,a0o6g00000657dTAAQ,
25766,a0o6g000005u1QvAAI,
25767,a0o6g000005kvWWAAY,
25768,a0o6g0000068NTMAA2,
25769,a0o6g0000068jKWAAY,
25770,a0o6g000005vaIxAAI,
25771,a0o6g000006F1jXAAS,
25772,a0o6g000005vXZtAAM,
25773,a0o6g000005lqCFAAY,
25774,a0o6g000006GCxjAAG,
25775,a0o6g000006ETm8AAG,
25776,a0o6g000005lxf5AAA,
25777,a0o6g000005uFfyAAE,
25778,a0o6g000005rux7AAA,
25779,a0o6g000006JfxTAAS,
25780,a0o6g000005dVn3AAE,
25781,a0o6g000005pLHiAAM,
25782,a0o6g0000060ceeAAA,
25783,a0o6g000005ufMnAAI,
25784,a0o6g0000063Ol1AAE,
25785,a0o6g000006GO1BAAW,
25786,a0o6g000005ykKBAAY,
25787,a0o6g00000614nwAAA,
25788,a0o6g000005q9ZNAAY,
25789,a0o6g000006GQbuAAG,
25790,a0o6g000005ixeDAAQ,
25791,a0o6g000005ood5AAA,
25792,a0o6g000005oKStAAM,
25793,a0o6g000005xbmKAAQ,
25794,a0o6g000005zRQ2AAM,
25795,a0o6g0000068v3cAAA,
25796,a0o6g0000060LVZAA2,
25797,a0o6g000006De26AAC,
25798,a0o6g000006F2UPAA0,
25799,a0o6g000005zx0lAAA,
25800,a0o6g000005oxxXAAQ,
25801,a0o6g000006Gxe4AAC,
25802,a0o6g000006LntYAAS,
25803,a0o6g0000069irWAAQ,
25804,a0o6g0000066dY5AAI,
25805,a0o6g000006Czm6AAC,
25806,a0o6g000005yI0kAAE,
25807,a0o6g0000066XqcAAE,
25808,a0o6g000006Ec51AAC,
25809,a0o6g000005lUjOAAU,
25810,a0o6g00000657aYAAQ,
25811,a0o6g000005jqU8AAI,
25812,a0o6g000005g5XOAAY,
25813,a0o6g000005ui8FAAQ,
25814,a0o6g000005s1q2AAA,
25815,a0o6g000005ukN7AAI,
25816,a0o6g000005yxEMAAY,
25817,a0o6g000006IYtSAAW,
25818,a0o6g000005gRPAAA2,
25819,a0o6g000006B6kPAAS,
25820,a0o6g000005nYLHAA2,
25821,a0o6g000006A8o7AAC,
25822,a0o6g000005rn2YAAQ,
25823,a0o6g0000063hfhAAA,
25824,a0o6g0000065noNAAQ,
25825,a0o6g000005c20QAAQ,
25826,a0o6g000005vR8jAAE,
25827,a0o6g000006Mm5JAAS,
25828,a0o6g000005zduCAAQ,
25829,a0o6g000005e1SuAAI,
25830,a0o6g000005ui9kAAA,
25831,a0o6g000005rzo4AAA,
25832,a0o6g0000060Q4DAAU,
25833,a0o6g000006Cfi4AAC,
25834,a0o6g00000629szAAA,
25835,a0o6g000006M3vKAAS,
25836,a0o6g000005iEKLAA2,
25837,a0o6g000005xBa5AAE,
25838,a0o6g000005uhX2AAI,
25839,a0o6g0000065d9dAAA,
25840,a0o6g000005nTHlAAM,
25841,a0o6g000005jnZ8AAI,
25842,a0o6g0000068NDsAAM,
25843,a0o6g000005qw7CAAQ,
25844,a0o6g000005sPKEAA2,
25845,a0o6g000005bmCnAAI,
25846,a0o6g000005ip3wAAA,
25847,a0o6g000005ugzIAAQ,
25848,a0o6g000005ep3eAAA,
25849,a0o6g00000688MwAAI,
25850,a0o6g000005icr8AAA,
25851,a0o6g000006C01mAAC,
25852,a0o6g000005omW0AAI,
25853,a0o6g000005nQ6tAAE,
25854,a0o6g000005cWt5AAE,
25855,a0o6g000005eZJ9AAM,
25856,a0o6g000005xiVKAAY,
25857,a0o6g0000067of8AAA,
25858,a0o6g000005gk0GAAQ,
25859,a0o6g000006375fAAA,
25860,a0o6g000005tE1uAAE,
25861,a0o6g000005vjKVAAY,
25862,a0o6g000005xJbiAAE,
25863,a0o6g000005zduXAAQ,
25864,a0o6g000006EO8wAAG,
25865,a0o6g000006GctPAAS,
25866,a0o6g000005nFyDAAU,
25867,a0o6g000005c5KMAAY,
25868,a0o6g000005vR6rAAE,
25869,a0o6g0000062gUaAAI,
25870,a0o6g0000068MLlAAM,
25871,a0o6g000005wsr1AAA,
25872,a0o6g000005kcwVAAQ,
25873,a0o6g000006HPOTAA4,
25874,a0o6g0000062DW2AAM,
25875,a0o6g000005pdQMAAY,
25876,a0o6g0000069QXmAAM,
25877,a0o6g00000610BDAAY,
25878,a0o6g000005wnRtAAI,
25879,a0o6g000006BROsAAO,
25880,a0o6g000005vV69AAE,
25881,a0o6g000005rwQyAAI,
25882,a0o6g0000066CyMAAU,
25883,a0o6g0000064ys1AAA,
25884,a0o6g00000Dg89HAAR,
25885,a0o6g000005hABJAA2,
25886,a0o6g000005kgboAAA,
25887,a0o6g000006BiRdAAK,
25888,a0o6g000005uiiaAAA,
25889,a0o6g000005dk9vAAA,
25890,a0o6g000006E4G0AAK,
25891,a0o6g000005zkqoAAA,
25892,a0o6g000006AFoSAAW,
25893,a0o6g0000067bZeAAI,
25894,a0o6g000005fcGWAAY,
25895,a0o6g000005n7pZAAQ,
25896,a0o6g000006LmzWAAS,
25897,a0o6g000006BzgrAAC,
25898,a0o6g000005xOmhAAE,
25899,a0o6g000006JLdWAAW,
25900,a0o6g000006GYt3AAG,
25901,a0o6g000005xqnjAAA,
25902,a0o6g000006CgqAAAS,
25903,a0o6g000005s60mAAA,
25904,a0o6g000006CAJAAA4,
25905,a0o6g000006023YAAQ,
25906,a0o6g000005n0vvAAA,
25907,a0o6g000005viMnAAI,
25908,a0o6g000005tGZlAAM,
25909,a0o6g000005qLFvAAM,
25910,a0o6g000005nKqIAAU,
25911,a0o6g0000061iCmAAI,
25912,a0o6g000005wGQpAAM,
25913,a0o6g0000065NRUAA2,
25914,a0o6g000005pNY0AAM,
25915,a0o6g000006B8QOAA0,
25916,a0o6g0000066QlZAAU,
25917,a0o6g000005oHjVAAU,
25918,a0o6g000005hJEHAA2,
25919,a0o6g0000064eY2AAI,
25920,a0o6g000005tU0kAAE,
25921,a0o6g000005ohsuAAA,
25922,a0o6g000005wPt0AAE,
25923,a0o6g0000061gFDAAY,
25924,a0o6g000006BHibAAG,
25925,a0o6g0000065snpAAA,
25926,a0o6g000006MNkzAAG,
25927,a0o6g00000607NsAAI,
25928,a0o6g000005o2RRAAY,
25929,a0o6g000006MHUPAA4,
25930,a0o6g000005zsNKAAY,
25931,a0o6g000006ChUhAAK,
25932,a0o6g000005vXYjAAM,
25933,a0o6g0000069bW4AAI,
25934,a0o6g000006F1jfAAC,
25935,a0o6g000005x6bHAAQ,
25936,a0o6g0000068DFVAA2,
25937,a0o6g0000063iG0AAI,
25938,a0o6g000005xKjQAAU,
25939,a0o6g0000066kw6AAA,
25940,a0o6g0000068QByAAM,
25941,a0o6g0000061QXyAAM,
25942,a0o6g0000063qZBAAY,
25943,a0o6g000006ImROAA0,
25944,a0o6g000005lvsYAAQ,
25945,a0o6g0000069meBAAQ,
25946,a0o6g0000067skyAAA,
25947,a0o6g00000611DiAAI,
25948,a0o6g000006FCgaAAG,
25949,a0o6g00000659sDAAQ,
25950,a0o6g000005fgADAAY,
25951,a0o6g000005qklIAAQ,
25952,a0o6g000005xjHpAAI,
25953,a0o6g000005xAGEAA2,
25954,a0o6g000005oNP8AAM,
25955,a0o6g000006A5XHAA0,
25956,a0o6g000005uik8AAA,
25957,a0o6g000006CUtBAAW,
25958,a0o6g0000065X5VAAU,
25959,a0o6g000006Ax4KAAS,
25960,a0o6g000005eLruAAE,
25961,a0o6g0000061ozLAAQ,
25962,a0o6g0000064qAyAAI,
25963,a0o6g000005zRNlAAM,
25964,a0o6g000006LkQkAAK,
25965,a0o6g000006EoixAAC,
25966,a0o6g000005zcv3AAA,
25967,a0o6g000005vdrbAAA,
25968,a0o6g0000066IcvAAE,
25969,a0o6g000005v87yAAA,
25970,a0o6g0000061IRbAAM,
25971,a0o6g0000061cdFAAQ,
25972,a0o6g000005kQtTAAU,
25973,a0o6g000006C6KFAA0,
25974,a0o6g0000061tTcAAI,
25975,a0o6g000005d4raAAA,
25976,a0o6g000006DIn7AAG,
25977,a0o6g000006DbCjAAK,
25978,a0o6g000005duJRAAY,
25979,a0o6g000005ut3uAAA,
25980,a0o6g00000687EIAAY,
25981,a0o6g0000064h0lAAA,
25982,a0o6g0000068Td5AAE,
25983,a0o6g000005xslGAAQ,
25984,a0o6g000006IWRiAAO,
25985,a0o6g000005oHqBAAU,
25986,a0o6g000005tNH0AAM,
25987,a0o6g000005sWqgAAE,
25988,a0o6g000006KmLHAA0,
25989,a0o6g0000069zejAAA,
25990,a0o6g000006GQyNAAW,
25991,a0o6g000005h8PTAAY,
25992,a0o6g000005lbp4AAA,
25993,a0o6g000005x6flAAA,
25994,a0o6g000005mHUQAA2,
25995,a0o6g000005yNGQAA2,
25996,a0o6g000005gMNgAAM,
25997,a0o6g000005ybIzAAI,
25998,a0o6g000006CbKcAAK,
25999,a0o6g0000069ESKAA2,
26000,a0o6g00000DWZZzAAP,
26001,a0o6g000006JhUMAA0,
26002,a0o6g000005pt1hAAA,
26003,a0o6g000006M0vqAAC,
26004,a0o6g000005lzHaAAI,
26005,a0o6g000005hDu2AAE,
26006,a0o6g000005x4beAAA,
26007,a0o6g000006Km4OAAS,
26008,a0o6g000005tvXPAAY,
26009,a0o6g000006GEVyAAO,
26010,a0o6g000005goxQAAQ,
26011,a0o6g00000686dkAAA,
26012,a0o6g000005qyTHAAY,
26013,a0o6g000005nPZrAAM,
26014,a0o6g000005hzuQAAQ,
26015,a0o6g0000063CrhAAE,
26016,a0o6g000005x0A6AAI,
26017,a0o6g000005z4xbAAA,
26018,a0o6g000005vCpTAAU,
26019,a0o6g00000673iUAAQ,
26020,a0o6g0000068cbVAAQ,
26021,a0o6g000005kgoiAAA,
26022,a0o6g000006MDLCAA4,
26023,a0o6g0000065BZ4AAM,
26024,a0o6g000005nILbAAM,
26025,a0o6g000005hki4AAA,
26026,a0o6g000005kM9IAAU,
26027,a0o6g0000064ZufAAE,
26028,a0o6g000006FvLbAAK,
26029,a0o6g000005ioV8AAI,
26030,a0o6g0000068FRWAA2,
26031,a0o6g0000066hTeAAI,
26032,a0o6g000005sy8zAAA,
26033,a0o6g000005jWUyAAM,
26034,a0o6g0000062OEUAA2,
26035,a0o6g0000068PCnAAM,
26036,a0o6g000006GYdWAAW,
26037,a0o6g0000069KzbAAE,
26038,a0o6g000005gT7jAAE,
26039,a0o6g000005k5T0AAI,
26040,a0o6g0000060a7yAAA,
26041,a0o6g000005loukAAA,
26042,a0o6g000005o3joAAA,
26043,a0o6g000006Dmt7AAC,
26044,a0o6g0000069CwWAAU,
26045,a0o6g000005ibGvAAI,
26046,a0o6g000006N1TTAA0,
26047,a0o6g000006CJrrAAG,
26048,a0o6g000005tL2nAAE,
26049,a0o6g0000069vOOAAY,
26050,a0o6g000006Eo6LAAS,
26051,a0o6g0000060imgAAA,
26052,a0o6g000005udiDAAQ,
26053,a0o6g000005phDbAAI,
26054,a0o6g000005vaKPAAY,
26055,a0o6g000005tkpcAAA,
26056,a0o6g000006CmMbAAK,
26057,a0o6g000006AHW4AAO,
26058,a0o6g0000064mYxAAI,
26059,a0o6g000006DOpoAAG,
26060,a0o6g0000062uhuAAA,
26061,a0o6g000005vStEAAU,
26062,a0o6g000005ui9iAAA,
26063,a0o6g000005qAeYAAU,
26064,a0o6g000005k1zTAAQ,
26065,a0o6g0000061PURAA2,
26066,a0o6g000005qS9jAAE,
26067,a0o6g000006D35uAAC,
26068,a0o6g000006B5rpAAC,
26069,a0o6g000006001FAAQ,
26070,a0o6g000005pZFAAA2,
26071,a0o6g000005gKvfAAE,
26072,a0o6g00000664VaAAI,
26073,a0o6g0000069bqaAAA,
26074,a0o6g0000066TaUAAU,
26075,a0o6g000005rFqnAAE,
26076,a0o6g000005vkCaAAI,
26077,a0o6g000006CjqwAAC,
26078,a0o6g000005zw29AAA,
26079,a0o6g0000062Cp0AAE,
26080,a0o6g000005zQc4AAE,
26081,a0o6g000005dgJkAAI,
26082,a0o6g000005wkTaAAI,
26083,a0o6g000005sFESAA2,
26084,a0o6g00000676sVAAQ,
26085,a0o6g0000062qaZAAQ,
26086,a0o6g000006IdjMAAS,
26087,a0o6g000005obzWAAQ,
26088,a0o6g0000063MTmAAM,
26089,a0o6g00000656XpAAI,
26090,a0o6g000005lG2IAAU,
26091,a0o6g000005wWQcAAM,
26092,a0o6g000005ccKTAAY,
26093,a0o6g000005nEWpAAM,
26094,a0o6g000005hjmEAAQ,
26095,a0o6g000005oEM0AAM,
26096,a0o6g0000068GteAAE,
26097,a0o6g000006BtUnAAK,
26098,a0o6g000005pgRoAAI,
26099,a0o6g000005d6bsAAA,
26100,a0o6g0000064JMyAAM,
26101,a0o6g0000060rFpAAI,
26102,a0o6g000005un2mAAA,
26103,a0o6g000005zxhOAAQ,
26104,a0o6g000005snYCAAY,
26105,a0o6g000006CmlVAAS,
26106,a0o6g000006D0fHAAS,
26107,a0o6g000006ERRwAAO,
26108,a0o6g000005zC0rAAE,
26109,a0o6g000006EQwSAAW,
26110,a0o6g000005nJvTAAU,
26111,a0o6g000005eskAAAQ,
26112,a0o6g000005fZJIAA2,
26113,a0o6g000005onQMAAY,
26114,a0o6g000005rjLIAAY,
26115,a0o6g000005vaJLAAY,
26116,a0o6g000005lcYUAAY,
26117,a0o6g000005oqQfAAI,
26118,a0o6g000006EjWgAAK,
26119,a0o6g000005ocfeAAA,
26120,a0o6g000006HuBdAAK,
26121,a0o6g000006KdnOAAS,
26122,a0o6g000005udFhAAI,
26123,a0o6g000005qRAkAAM,
26124,a0o6g000005dfWzAAI,
26125,a0o6g000005uik5AAA,
26126,a0o6g000006Dj4QAAS,
26127,a0o6g000005ukzYAAQ,
26128,a0o6g000005j7TXAAY,
26129,a0o6g0000064A6AAAU,
26130,a0o6g000005vaJoAAI,
26131,a0o6g000005uvUjAAI,
26132,a0o6g000005rnCxAAI,
26133,a0o6g000005zsNPAAY,
26134,a0o6g000005uscjAAA,
26135,a0o6g000005vjrDAAQ,
26136,a0o6g000006MO3iAAG,
26137,a0o6g000005q6P9AAI,
26138,a0o6g000006N9kbAAC,
26139,a0o6g0000061DyHAAU,
26140,a0o6g0000069v8EAAQ,
26141,a0o6g00000Dg3LwAAJ,
26142,a0o6g000005guOhAAI,
26143,a0o6g000006Bd89AAC,
26144,a0o6g000005r7rnAAA,
26145,a0o6g000005l7OIAAY,
26146,a0o6g000005vg0iAAA,
26147,a0o6g000005xvl2AAA,
26148,a0o6g000005uglEAAQ,
26149,a0o6g0000068b6RAAQ,
26150,a0o6g000005yALkAAM,
26151,a0o6g000005p2SEAAY,
26152,a0o6g000005p7kuAAA,
26153,a0o6g000005wGRMAA2,
26154,a0o6g000005eWUqAAM,
26155,a0o6g000005wqdWAAQ,
26156,a0o6g000005t6wdAAA,
26157,a0o6g000005dP9nAAE,
26158,a0o6g0000065bKwAAI,
26159,a0o6g000005eDx5AAE,
26160,a0o6g000006EEiRAAW,
26161,a0o6g000005eCLDAA2,
26162,a0o6g000006IyEXAA0,
26163,a0o6g000006KZI7AAO,
26164,a0o6g000006MrCnAAK,
26165,a0o6g000005ofZdAAI,
26166,a0o6g000005vjrCAAQ,
26167,a0o6g00000698BMAAY,
26168,a0o6g000005yxUlAAI,
26169,a0o6g000006FnQPAA0,
26170,a0o6g000005zJ0lAAE,
26171,a0o6g000005uZ44AAE,
26172,a0o6g000006G4eJAAS,
26173,a0o6g000005lxfBAAQ,
26174,a0o6g000005zb4nAAA,
26175,a0o6g00000614uUAAQ,
26176,a0o6g000006JMjEAAW,
26177,a0o6g0000062wT6AAI,
26178,a0o6g000006AoOoAAK,
26179,a0o6g000005gT3jAAE,
26180,a0o6g000005pv5cAAA,
26181,a0o6g000005yet3AAA,
26182,a0o6g000005vR84AAE,
26183,a0o6g000005c5GiAAI,
26184,a0o6g000005lnbTAAQ,
26185,a0o6g000005shOgAAI,
26186,a0o6g0000060pCjAAI,
26187,a0o6g000006DTPDAA4,
26188,a0o6g000005d6ZcAAI,
26189,a0o6g000005fFNsAAM,
26190,a0o6g000005fVpaAAE,
26191,a0o6g000005yFoBAAU,
26192,a0o6g0000067p3vAAA,
26193,a0o6g000005uMfOAAU,
26194,a0o6g000005oqCAAAY,
26195,a0o6g000005nczTAAQ,
26196,a0o6g000005foGsAAI,
26197,a0o6g000006GIu1AAG,
26198,a0o6g000005qs5jAAA,
26199,a0o6g000005vXZkAAM,
26200,a0o6g0000067m0uAAA,
26201,a0o6g000005jBN4AAM,
26202,a0o6g0000067BmcAAE,
26203,a0o6g000005gLatAAE,
26204,a0o6g000005ksodAAA,
26205,a0o6g0000065tH6AAI,
26206,a0o6g0000069EP0AAM,
26207,a0o6g000005eoXqAAI,
26208,a0o6g000005ylTIAAY,
26209,a0o6g000005gHZjAAM,
26210,a0o6g000005yRaaAAE,
26211,a0o6g000005wUARAA2,
26212,a0o6g000005xDRdAAM,
26213,a0o6g000005wIoTAAU,
26214,a0o6g000005j9FmAAI,
26215,a0o6g000005x11aAAA,
26216,a0o6g000005nJgdAAE,
26217,a0o6g000006DDPlAAO,
26218,a0o6g00000683BgAAI,
26219,a0o6g000005q3CEAAY,
26220,a0o6g000006L0BsAAK,
26221,a0o6g000006HvPMAA0,
26222,a0o6g000006BEEjAAO,
26223,a0o6g0000062qAqAAI,
26224,a0o6g000005uUqmAAE,
26225,a0o6g000005d6o0AAA,
26226,a0o6g0000066fVzAAI,
26227,a0o6g000006INX0AAO,
26228,a0o6g0000068i4sAAA,
26229,a0o6g000005yJc9AAE,
26230,a0o6g000006ID8ZAAW,
26231,a0o6g0000064LRmAAM,
26232,a0o6g000005pyAIAAY,
26233,a0o6g0000069RvYAAU,
26234,a0o6g000005guu4AAA,
26235,a0o6g000005f7eLAAQ,
26236,a0o6g000005xjnNAAQ,
26237,a0o6g000005dpqkAAA,
26238,a0o6g000005qubDAAQ,
26239,a0o6g000006N9DdAAK,
26240,a0o6g0000063xINAAY,
26241,a0o6g000005vR77AAE,
26242,a0o6g0000061j4AAAQ,
26243,a0o6g0000066MMlAAM,
26244,a0o6g000006AlgpAAC,
26245,a0o6g0000062WvTAAU,
26246,a0o6g000006Ku9RAAS,
26247,a0o6g0000069GqLAAU,
26248,a0o6g000005vbqWAAQ,
26249,a0o6g000005k7ZxAAI,
26250,a0o6g000005wrJQAAY,
26251,a0o6g000005iOdFAAU,
26252,a0o6g000006FKgLAAW,
26253,a0o6g000006N4aqAAC,
26254,a0o6g000005r5mYAAQ,
26255,a0o6g0000065WEyAAM,
26256,a0o6g000005ydzlAAA,
26257,a0o6g0000062bzUAAQ,
26258,a0o6g000005khVhAAI,
26259,a0o6g000006CtKYAA0,
26260,a0o6g0000068YiEAAU,
26261,a0o6g000005o7NSAAY,
26262,a0o6g000005xkesAAA,
26263,a0o6g000006B2coAAC,
26264,a0o6g000005c5FoAAI,
26265,a0o6g000006BokSAAS,
26266,a0o6g0000067edbAAA,
26267,a0o6g0000062z5uAAA,
26268,a0o6g000005uWFPAA2,
26269,a0o6g000005kjTRAAY,
26270,a0o6g0000062AcAAAU,
26271,a0o6g000006K9SnAAK,
26272,a0o6g000005iEd1AAE,
26273,a0o6g000005u2eRAAQ,
26274,a0o6g000006Cz34AAC,
26275,a0o6g000006BFcaAAG,
26276,a0o6g0000065yJYAAY,
26277,a0o6g000005hS6WAAU,
26278,a0o6g000005sC2mAAE,
26279,a0o6g00000678SOAAY,
26280,a0o6g000005p7h9AAA,
26281,a0o6g000005zscUAAQ,
26282,a0o6g000005ugzPAAQ,
26283,a0o6g000005uTzQAAU,
26284,a0o6g000006DNxaAAG,
26285,a0o6g0000064s4WAAQ,
26286,a0o6g000005ps1NAAQ,
26287,a0o6g00000614uuAAA,
26288,a0o6g0000067l00AAA,
26289,a0o6g000006K8C9AAK,
26290,a0o6g000005zROPAA2,
26291,a0o6g000005y2ewAAA,
26292,a0o6g0000061OYUAA2,
26293,a0o6g000005s44bAAA,
26294,a0o6g000005jWfaAAE,
26295,a0o6g000005grpVAAQ,
26296,a0o6g000005lIAkAAM,
26297,a0o6g000005eEHuAAM,
26298,a0o6g000005mZ8KAAU,
26299,a0o6g000006DCOtAAO,
26300,a0o6g000006DFyUAAW,
26301,a0o6g000005wzxdAAA,
26302,a0o6g000005yyXvAAI,
26303,a0o6g000005lVv1AAE,
26304,a0o6g0000068JBXAA2,
26305,a0o6g000005rWJUAA2,
26306,a0o6g00000692qwAAA,
26307,a0o6g000006GIGuAAO,
26308,a0o6g000005zhvDAAQ,
26309,a0o6g000005n9uaAAA,
26310,a0o6g000006LYqJAAW,
26311,a0o6g000005fBWFAA2,
26312,a0o6g000006E2QEAA0,
26313,a0o6g000006E1TjAAK,
26314,a0o6g000005vV5sAAE,
26315,a0o6g000005yLqkAAE,
26316,a0o6g000005kduqAAA,
26317,a0o6g000005zscPAAQ,
26318,a0o6g000005wpOFAAY,
26319,a0o6g000005mrA0AAI,
26320,a0o6g000006CprTAAS,
26321,a0o6g0000061NBaAAM,
26322,a0o6g000005hPsRAAU,
26323,a0o6g000005x5xqAAA,
26324,a0o6g0000068hvxAAA,
26325,a0o6g000005vJ63AAE,
26326,a0o6g000005vaJmAAI,
26327,a0o6g000005kL9AAAU,
26328,a0o6g000005d60pAAA,
26329,a0o6g000005gvUXAAY,
26330,a0o6g000005phf6AAA,
26331,a0o6g000005u6ofAAA,
26332,a0o6g000005pZkZAAU,
26333,a0o6g000006Gh0aAAC,
26334,a0o6g000005ktcvAAA,
26335,a0o6g0000063hHTAAY,
26336,a0o6g000005vMfpAAE,
26337,a0o6g00000673w6AAA,
26338,a0o6g000005tGnfAAE,
26339,a0o6g0000067BViAAM,
26340,a0o6g000006BSVMAA4,
26341,a0o6g000005ejzTAAQ,
26342,a0o6g0000066bUdAAI,
26343,a0o6g000005z1kYAAQ,
26344,a0o6g000006IewaAAC,
26345,a0o6g0000062MO1AAM,
26346,a0o6g000005iYlBAAU,
26347,a0o6g000006JMjZAAW,
26348,a0o6g000005wlFBAAY,
26349,a0o6g000005pctIAAQ,
26350,a0o6g0000062zuJAAQ,
26351,a0o6g000005xMaPAAU,
26352,a0o6g000005oRUKAA2,
26353,a0o6g000006EajpAAC,
26354,a0o6g000005h2KGAAY,
26355,a0o6g000005wzUWAAY,
26356,a0o6g000006JP01AAG,
26357,a0o6g000005d6jyAAA,
26358,a0o6g0000062sVlAAI,
26359,a0o6g000005oXMhAAM,
26360,a0o6g0000062oDoAAI,
26361,a0o6g000005g0uXAAQ,
26362,a0o6g000005w8AOAAY,
26363,a0o6g000005cGgfAAE,
26364,a0o6g000006FzxmAAC,
26365,a0o6g000006EVelAAG,
26366,a0o6g000005dvGwAAI,
26367,a0o6g000005x2KAAAY,
26368,a0o6g000005eqoGAAQ,
26369,a0o6g000005kRqGAAU,
26370,a0o6g000005kNBtAAM,
26371,a0o6g000006F6GLAA0,
26372,a0o6g000005voa0AAA,
26373,a0o6g000006031iAAA,
26374,a0o6g0000068hNAAAY,
26375,a0o6g000005uiA8AAI,
26376,a0o6g000006AO22AAG,
26377,a0o6g000006EKv1AAG,
26378,a0o6g00000605GAAAY,
26379,a0o6g0000067KHKAA2,
26380,a0o6g000005dgdKAAQ,
26381,a0o6g0000060imsAAA,
26382,a0o6g0000063SnqAAE,
26383,a0o6g000005uikEAAQ,
26384,a0o6g000006JnicAAC,
26385,a0o6g000005lLgIAAU,
26386,a0o6g000006Hk0iAAC,
26387,a0o6g000005mk19AAA,
26388,a0o6g000005lqOAAAY,
26389,a0o6g000005xjHgAAI,
26390,a0o6g000006GcnLAAS,
26391,a0o6g000005vbr5AAA,
26392,a0o6g000005w3hrAAA,
26393,a0o6g0000062FB7AAM,
26394,a0o6g000005khAeAAI,
26395,a0o6g000005yrCyAAI,
26396,a0o6g000005goy2AAA,
26397,a0o6g000005xb2FAAQ,
26398,a0o6g000005xeuYAAQ,
26399,a0o6g000005s5pcAAA,
26400,a0o6g0000069yP2AAI,
26401,a0o6g000005lH4mAAE,
26402,a0o6g0000065Vm2AAE,
26403,a0o6g000005eg8XAAQ,
26404,a0o6g000005xjpEAAQ,
26405,a0o6g000005mxgxAAA,
26406,a0o6g000005ltDjAAI,
26407,a0o6g0000061SXgAAM,
26408,a0o6g000005lo5rAAA,
26409,a0o6g000005x7GCAAY,
26410,a0o6g000005xjuNAAQ,
26411,a0o6g000006D1ENAA0,
26412,a0o6g0000065bvIAAQ,
26413,a0o6g000005m3iZAAQ,
26414,a0o6g000005kL8lAAE,
26415,a0o6g0000068yJMAAY,
26416,a0o6g000005jve7AAA,
26417,a0o6g000005mZ85AAE,
26418,a0o6g000005qvnVAAQ,
26419,a0o6g000006AG8fAAG,
26420,a0o6g000006A2qCAAS,
26421,a0o6g000005ktcoAAA,
26422,a0o6g0000061Y8cAAE,
26423,a0o6g000005ukBcAAI,
26424,a0o6g000005tLkxAAE,
26425,a0o6g000006Ame3AAC,
26426,a0o6g000005kvWeAAI,
26427,a0o6g000005wlfLAAQ,
26428,a0o6g000005qS9hAAE,
26429,a0o6g000005iLdfAAE,
26430,a0o6g000005z2u7AAA,
26431,a0o6g0000067eyGAAQ,
26432,a0o6g000006FO7OAAW,
26433,a0o6g0000061KMFAA2,
26434,a0o6g0000061uZ0AAI,
26435,a0o6g000005o9sWAAQ,
26436,a0o6g0000067jakAAA,
26437,a0o6g000005uUrHAAU,
26438,a0o6g000006BDPJAA4,
26439,a0o6g000005sJDiAAM,
26440,a0o6g000005rVZaAAM,
26441,a0o6g0000065HPOAA2,
26442,a0o6g0000065wtFAAQ,
26443,a0o6g000005dlTpAAI,
26444,a0o6g0000069AdBAAU,
26445,a0o6g000005q8zNAAQ,
26446,a0o6g000005eEuTAAU,
26447,a0o6g000006JgNkAAK,
26448,a0o6g0000061muCAAQ,
26449,a0o6g000005jbLHAAY,
26450,a0o6g000006110ZAAQ,
26451,a0o6g000005uwnOAAQ,
26452,a0o6g000006Fam9AAC,
26453,a0o6g000005wavDAAQ,
26454,a0o6g000006DM5AAAW,
26455,a0o6g000005zXkuAAE,
26456,a0o6g000006DSEIAA4,
26457,a0o6g0000065O8oAAE,
26458,a0o6g000005rT1ZAAU,
26459,a0o6g000006J1hQAAS,
26460,a0o6g000006CeKSAA0,
26461,a0o6g000005mFTrAAM,
26462,a0o6g000005vapMAAQ,
26463,a0o6g000005vn4HAAQ,
26464,a0o6g000005m8DHAAY,
26465,a0o6g0000069aMtAAI,
26466,a0o6g000005jknuAAA,
26467,a0o6g000006Jtp2AAC,
26468,a0o6g000005zXDGAA2,
26469,a0o6g000006BycsAAC,
26470,a0o6g000005uoqaAAA,
26471,a0o6g000005n5JmAAI,
26472,a0o6g000006AA8KAAW,
26473,a0o6g000006L23DAAS,
26474,a0o6g000005eqizAAA,
26475,a0o6g000006C41GAAS,
26476,a0o6g000006Ac6JAAS,
26477,a0o6g0000066PlYAAU,
26478,a0o6g000005llb9AAA,
26479,a0o6g000005zuVLAAY,
26480,a0o6g000005ldQzAAI,
26481,a0o6g0000060QzKAAU,
26482,a0o6g000006EUURAA4,
26483,a0o6g000005m7UUAAY,
26484,a0o6g000005hpXhAAI,
26485,a0o6g000006CyD4AAK,
26486,a0o6g00000605hiAAA,
26487,a0o6g000006FcbAAAS,
26488,a0o6g000005y9YnAAI,
26489,a0o6g000005yhg0AAA,
26490,a0o6g00000647o3AAA,
26491,a0o6g000005la2YAAQ,
26492,a0o6g000005iECzAAM,
26493,a0o6g0000069QSBAA2,
26494,a0o6g000005jshsAAA,
26495,a0o6g000006KehnAAC,
26496,a0o6g000005zP6vAAE,
26497,a0o6g000006KmSWAA0,
26498,a0o6g000005tl2eAAA,
26499,a0o6g000005naGDAAY,
26500,a0o6g000005eeUpAAI,
26501,a0o6g000006INU3AAO,
26502,a0o6g000005fFNtAAM,
26503,a0o6g000005o2J2AAI,
26504,a0o6g000005qoAcAAI,
26505,a0o6g000005wnynAAA,
26506,a0o6g000006K8dyAAC,
26507,a0o6g000006Jg9OAAS,
26508,a0o6g0000060jW1AAI,
26509,a0o6g000005dJXaAAM,
26510,a0o6g000005fjvRAAQ,
26511,a0o6g00000614sGAAQ,
26512,a0o6g0000061JcrAAE,
26513,a0o6g0000068hSBAAY,
26514,a0o6g0000060U9PAAU,
26515,a0o6g000006L1vaAAC,
26516,a0o6g000006KENrAAO,
26517,a0o6g0000061julAAA,
26518,a0o6g000006CED7AAO,
26519,a0o6g000005oMEMAA2,
26520,a0o6g0000062VXxAAM,
26521,a0o6g000005ciqkAAA,
26522,a0o6g000005zcBcAAI,
26523,a0o6g0000067FDMAA2,
26524,a0o6g000006831QAAQ,
26525,a0o6g000005vq38AAA,
26526,a0o6g000005mRrAAAU,
26527,a0o6g00000686rNAAQ,
26528,a0o6g000006JtsiAAC,
26529,a0o6g000006DzCbAAK,
26530,a0o6g00000619pjAAA,
26531,a0o6g000006AKAkAAO,
26532,a0o6g000005ti8RAAQ,
26533,a0o6g000006B9KzAAK,
26534,a0o6g000005uxQvAAI,
26535,a0o6g000005x1o8AAA,
26536,a0o6g0000069MmbAAE,
26537,a0o6g0000060XXVAA2,
26538,a0o6g000005wf5JAAQ,
26539,a0o6g000006C5HXAA0,
26540,a0o6g0000064WfcAAE,
26541,a0o6g000005lFBGAA2,
26542,a0o6g0000063iurAAA,
26543,a0o6g00000616XoAAI,
26544,a0o6g000005yOuhAAE,
26545,a0o6g000005ui91AAA,
26546,a0o6g0000060DVdAAM,
26547,a0o6g0000063bQpAAI,
26548,a0o6g000005vIpDAAU,
26549,a0o6g0000064oPIAAY,
26550,a0o6g0000068Xm1AAE,
26551,a0o6g000006JgbZAAS,
26552,a0o6g000005jhZgAAI,
26553,a0o6g0000061UxoAAE,
26554,a0o6g000005vYTgAAM,
26555,a0o6g000005yGzpAAE,
26556,a0o6g000005t4soAAA,
26557,a0o6g0000067bPkAAI,
26558,a0o6g0000061mjvAAA,
26559,a0o6g000005ydX8AAI,
26560,a0o6g00000670duAAA,
26561,a0o6g0000065uf8AAA,
26562,a0o6g000005uiAMAAY,
26563,a0o6g000006CnzTAAS,
26564,a0o6g0000061xUOAAY,
26565,a0o6g000006Dl14AAC,
26566,a0o6g000005mVvSAAU,
26567,a0o6g000006BXndAAG,
26568,a0o6g000006N2blAAC,
26569,a0o6g000006JMlMAAW,
26570,a0o6g000005mYFLAA2,
26571,a0o6g000005f69CAAQ,
26572,a0o6g000006A2rmAAC,
26573,a0o6g000005mfP6AAI,
26574,a0o6g000005sKhMAAU,
26575,a0o6g000005sIP4AAM,
26576,a0o6g000005bromAAA,
26577,a0o6g000005wpNlAAI,
26578,a0o6g000005h8KDAAY,
26579,a0o6g000006DvElAAK,
26580,a0o6g000005fCgjAAE,
26581,a0o6g000005ugziAAA,
26582,a0o6g0000066Da6AAE,
26583,a0o6g000005gTMCAA2,
26584,a0o6g000006FLnNAAW,
26585,a0o6g000005tl31AAA,
26586,a0o6g000005hAZSAA2,
26587,a0o6g0000060Si5AAE,
26588,a0o6g000006EzDIAA0,
26589,a0o6g000005iF5sAAE,
26590,a0o6g000005jWQtAAM,
26591,a0o6g000005yE7XAAU,
26592,a0o6g000005uOS0AAM,
26593,a0o6g000005vaJXAAY,
26594,a0o6g000006FpFgAAK,
26595,a0o6g000005rr0wAAA,
26596,a0o6g000005xj4dAAA,
26597,a0o6g000005iUpiAAE,
26598,a0o6g000006EIv6AAG,
26599,a0o6g0000067Ub7AAE,
26600,a0o6g0000068PR0AAM,
26601,a0o6g0000063zh5AAA,
26602,a0o6g000005yX6LAAU,
26603,a0o6g0000063aiGAAQ,
26604,a0o6g000005w7mlAAA,
26605,a0o6g000006DmTBAA0,
26606,a0o6g000005uOFaAAM,
26607,a0o6g000006GJEaAAO,
26608,a0o6g000005d9uTAAQ,
26609,a0o6g00000662CcAAI,
26610,a0o6g000005yGCHAA2,
26611,a0o6g000005eN1oAAE,
26612,a0o6g000005nREOAA2,
26613,a0o6g0000065bDRAAY,
26614,a0o6g0000065sklAAA,
26615,a0o6g000006GwzYAAS,
26616,a0o6g000005uBY5AAM,
26617,a0o6g0000064iC6AAI,
26618,a0o6g000005ucnEAAQ,
26619,a0o6g000006GrYEAA0,
26620,a0o6g000005vkETAAY,
26621,a0o6g0000066xIlAAI,
26622,a0o6g0000060d0sAAA,
26623,a0o6g000005zkqtAAA,
26624,a0o6g000005f7SMAAY,
26625,a0o6g000005qw9lAAA,
26626,a0o6g0000064M3sAAE,
26627,a0o6g000005vXa4AAE,
26628,a0o6g000005pWCbAAM,
26629,a0o6g000005mkX9AAI,
26630,a0o6g000005uHWuAAM,
26631,a0o6g0000066ZvZAAU,
26632,a0o6g000006N1xjAAC,
26633,a0o6g000005kaIZAAY,
26634,a0o6g000006JUwNAAW,
26635,a0o6g000005zAtDAAU,
26636,a0o6g000005puALAAY,
26637,a0o6g0000069Ig0AAE,
26638,a0o6g000005l788AAA,
26639,a0o6g000005ftt4AAA,
26640,a0o6g0000067zY6AAI,
26641,a0o6g000005mzddAAA,
26642,a0o6g000006EQ5kAAG,
26643,a0o6g0000068lz4AAA,
26644,a0o6g000005dwCkAAI,
26645,a0o6g000006ATKqAAO,
26646,a0o6g000006AvCAAA0,
26647,a0o6g000006DpGZAA0,
26648,a0o6g000005snpYAAQ,
26649,a0o6g000006C3vUAAS,
26650,a0o6g000005tvFBAAY,
26651,a0o6g000006CkmPAAS,
26652,a0o6g0000068bxrAAA,
26653,a0o6g000005xkquAAA,
26654,a0o6g000005p2orAAA,
26655,a0o6g000005fjb9AAA,
26656,a0o6g0000060hi8AAA,
26657,a0o6g000006GHgIAAW,
26658,a0o6g000006KLIiAAO,
26659,a0o6g000005zj5GAAQ,
26660,a0o6g000006ApLTAA0,
26661,a0o6g000005mHbvAAE,
26662,a0o6g000005zbLKAAY,
26663,a0o6g000005onQTAAY,
26664,a0o6g000006Bg1mAAC,
26665,a0o6g000005ktcsAAA,
26666,a0o6g000005peqIAAQ,
26667,a0o6g000005hLT6AAM,
26668,a0o6g000005ePbSAAU,
26669,a0o6g000005uIG5AAM,
26670,a0o6g000005kCXhAAM,
26671,a0o6g000005zscJAAQ,
26672,a0o6g000005wuG9AAI,
26673,a0o6g000005iZOZAA2,
26674,a0o6g000005nQXNAA2,
26675,a0o6g000005ldAEAAY,
26676,a0o6g000005iBycAAE,
26677,a0o6g000005tm5XAAQ,
26678,a0o6g000005wXdoAAE,
26679,a0o6g000005xnrYAAQ,
26680,a0o6g000005sz3iAAA,
26681,a0o6g000006DNRBAA4,
26682,a0o6g000006AYoDAAW,
26683,a0o6g000005nyITAAY,
26684,a0o6g000005bwstAAA,
26685,a0o6g0000069YzoAAE,
26686,a0o6g000005et3LAAQ,
26687,a0o6g000005pHf8AAE,
26688,a0o6g00000668PrAAI,
26689,a0o6g000006MrtEAAS,
26690,a0o6g000005lGwrAAE,
26691,a0o6g0000068AH9AAM,
26692,a0o6g000005bsCTAAY,
26693,a0o6g000006Bd80AAC,
26694,a0o6g000006HUJtAAO,
26695,a0o6g000006DVebAAG,
26696,a0o6g00000614v5AAA,
26697,a0o6g00000649oaAAA,
26698,a0o6g000006C5MMAA0,
26699,a0o6g000005cXjZAAU,
26700,a0o6g000005xpxFAAQ,
26701,a0o6g000005oUbKAAU,
26702,a0o6g000005fMZxAAM,
26703,a0o6g000005bk1yAAA,
26704,a0o6g0000065KbuAAE,
26705,a0o6g000005ia8SAAQ,
26706,a0o6g00000683kDAAQ,
26707,a0o6g0000067yvNAAQ,
26708,a0o6g000005yxVzAAI,
26709,a0o6g000005o9tNAAQ,
26710,a0o6g000005lSO8AAM,
26711,a0o6g000005ei5uAAA,
26712,a0o6g0000060hMXAAY,
26713,a0o6g000005lc41AAA,
26714,a0o6g000006FSHNAA4,
26715,a0o6g000005i9Y7AAI,
26716,a0o6g000005eSfIAAU,
26717,a0o6g000005xkKsAAI,
26718,a0o6g000006BixrAAC,
26719,a0o6g000005us6IAAQ,
26720,a0o6g000006JLplAAG,
26721,a0o6g000005dBoXAAU,
26722,a0o6g000006EElSAAW,
26723,a0o6g000006A4PQAA0,
26724,a0o6g000005klW3AAI,
26725,a0o6g000005zP7lAAE,
26726,a0o6g000005zAtQAAU,
26727,a0o6g000006846TAAQ,
26728,a0o6g000005rTPyAAM,
26729,a0o6g000005yxXCAAY,
26730,a0o6g000005vfKfAAI,
26731,a0o6g000005glgcAAA,
26732,a0o6g000005dy8IAAQ,
26733,a0o6g000005qVG8AAM,
26734,a0o6g000005onseAAA,
26735,a0o6g000005zwG6AAI,
26736,a0o6g000005tsmFAAQ,
26737,a0o6g000006KKfrAAG,
26738,a0o6g000005lq4SAAQ,
26739,a0o6g0000067GkLAAU,
26740,a0o6g000005qap3AAA,
26741,a0o6g000005ggayAAA,
26742,a0o6g0000060d1UAAQ,
26743,a0o6g000005vNqFAAU,
26744,a0o6g000005w8BEAAY,
26745,a0o6g000006812rAAA,
26746,a0o6g0000069Cl4AAE,
26747,a0o6g000006AaPZAA0,
26748,a0o6g000005pHinAAE,
26749,a0o6g000005jSE5AAM,
26750,a0o6g000006FR8MAAW,
26751,a0o6g0000066272AAA,
26752,a0o6g0000060LcFAAU,
26753,a0o6g000006EhHzAAK,
26754,a0o6g0000067kQBAAY,
26755,a0o6g000006KmIlAAK,
26756,a0o6g000006DIkYAAW,
26757,a0o6g000005rye8AAA,
26758,a0o6g000006982UAAQ,
26759,a0o6g000006A15nAAC,
26760,a0o6g00000622WaAAI,
26761,a0o6g000005vooRAAQ,
26762,a0o6g000006CQ1HAAW,
26763,a0o6g000005v78uAAA,
26764,a0o6g000005or3BAAQ,
26765,a0o6g000005zRPwAAM,
26766,a0o6g000005leufAAA,
26767,a0o6g000005nPbzAAE,
26768,a0o6g000005zRQ5AAM,
26769,a0o6g000005p6uLAAQ,
26770,a0o6g000005oySyAAI,
26771,a0o6g000005sojwAAA,
26772,a0o6g000005owzmAAA,
26773,a0o6g000006J5PkAAK,
26774,a0o6g000005eioJAAQ,
26775,a0o6g000006GpAlAAK,
26776,a0o6g000005jgSiAAI,
26777,a0o6g000005yH08AAE,
26778,a0o6g000006HgbKAAS,
26779,a0o6g000005glFUAAY,
26780,a0o6g000005oAhUAAU,
26781,a0o6g000005zfNiAAI,
26782,a0o6g00000648nlAAA,
26783,a0o6g000006Cu7lAAC,
26784,a0o6g000005z52lAAA,
26785,a0o6g000005p6fXAAQ,
26786,a0o6g0000068d8NAAQ,
26787,a0o6g000005vVY5AAM,
26788,a0o6g000005jU3gAAE,
26789,a0o6g000005v82iAAA,
26790,a0o6g000005qcxdAAA,
26791,a0o6g000005z0XiAAI,
26792,a0o6g000005mRozAAE,
26793,a0o6g000005tz4gAAA,
26794,a0o6g0000069e4PAAQ,
26795,a0o6g000005xCq2AAE,
26796,a0o6g000005uMsQAAU,
26797,a0o6g000006DnhSAAS,
26798,a0o6g000005eHcuAAE,
26799,a0o6g0000062qFEAAY,
26800,a0o6g0000061TIsAAM,
26801,a0o6g000006FLcLAAW,
26802,a0o6g000005i8zuAAA,
26803,a0o6g000006JtFmAAK,
26804,a0o6g0000065XXxAAM,
26805,a0o6g0000067fG6AAI,
26806,a0o6g000005tlsqAAA,
26807,a0o6g0000063p2sAAA,
26808,a0o6g000006GHZ6AAO,
26809,a0o6g000005zC0uAAE,
26810,a0o6g000005nlUvAAI,
26811,a0o6g000005qc9sAAA,
26812,a0o6g000005vbr8AAA,
26813,a0o6g000005vR76AAE,
26814,a0o6g000005x3lNAAQ,
26815,a0o6g00000643INAAY,
26816,a0o6g0000069mndAAA,
26817,a0o6g000006K1N0AAK,
26818,a0o6g000006JAhvAAG,
26819,a0o6g000006KDi4AAG,
26820,a0o6g0000063z65AAA,
26821,a0o6g000005kkrEAAQ,
26822,a0o6g000005uZhsAAE,
26823,a0o6g000006LwifAAC,
26824,a0o6g00000656IZAAY,
26825,a0o6g000006BCqlAAG,
26826,a0o6g0000066e5uAAA,
26827,a0o6g000006ENYgAAO,
26828,a0o6g000006B8JtAAK,
26829,a0o6g000005nfUZAAY,
26830,a0o6g000005iTKiAAM,
26831,a0o6g000005ka4jAAA,
26832,a0o6g000005lYnZAAU,
26833,a0o6g000006GQizAAG,
26834,a0o6g000005zx1EAAQ,
26835,a0o6g000005uPt9AAE,
26836,a0o6g000005xYN9AAM,
26837,a0o6g000005lt4MAAQ,
26838,a0o6g000005yBnzAAE,
26839,a0o6g0000061Vt5AAE,
26840,a0o6g000006IA2MAAW,
26841,a0o6g000005kxMFAAY,
26842,a0o6g000005h8zvAAA,
26843,a0o6g000006G4VmAAK,
26844,a0o6g000005lFinAAE,
26845,a0o6g000005fd7GAAQ,
26846,a0o6g000005yegCAAQ,
26847,a0o6g000005qk8xAAA,
26848,a0o6g000005pptkAAA,
26849,a0o6g000005zeTHAAY,
26850,a0o6g000005wWQ6AAM,
26851,a0o6g000006Anx8AAC,
26852,a0o6g000005w3iiAAA,
26853,a0o6g000005zBxmAAE,
26854,a0o6g0000066T82AAE,
26855,a0o6g000005lvlcAAA,
26856,a0o6g0000064PYRAA2,
26857,a0o6g000005yIGVAA2,
26858,a0o6g000005wf5WAAQ,
26859,a0o6g000006DXXgAAO,
26860,a0o6g000005luqRAAQ,
26861,a0o6g000006FePNAA0,
26862,a0o6g000006GhjMAAS,
26863,a0o6g00000686vvAAA,
26864,a0o6g000005zWzRAAU,
26865,a0o6g0000068neTAAQ,
26866,a0o6g000006A9mxAAC,
26867,a0o6g0000062JD6AAM,
26868,a0o6g000005eH05AAE,
26869,a0o6g000005r6BxAAI,
26870,a0o6g000005mOYmAAM,
26871,a0o6g000005yc55AAA,
26872,a0o6g0000063PxoAAE,
26873,a0o6g0000062i3RAAQ,
26874,a0o6g0000068w39AAA,
26875,a0o6g000005xBDUAA2,
26876,a0o6g000005tixRAAQ,
26877,a0o6g00000674jXAAQ,
26878,a0o6g000005vRy9AAE,
26879,a0o6g000005cTd5AAE,
26880,a0o6g0000062xBnAAI,
26881,a0o6g0000065PnMAAU,
26882,a0o6g000005pnOCAAY,
26883,a0o6g000005xBhTAAU,
26884,a0o6g000005yFoOAAU,
26885,a0o6g000005vrUGAAY,
26886,a0o6g000005jA41AAE,
26887,a0o6g000006MnbNAAS,
26888,a0o6g000005u0bEAAQ,
26889,a0o6g000005qjtrAAA,
26890,a0o6g000006BNVIAA4,
26891,a0o6g000005sjIRAAY,
26892,a0o6g000006CyT9AAK,
26893,a0o6g000005f8csAAA,
26894,a0o6g000005ecJuAAI,
26895,a0o6g000006CoTjAAK,
26896,a0o6g000005yg8kAAA,
26897,a0o6g000006EaK7AAK,
26898,a0o6g000006Au5XAAS,
26899,a0o6g0000061DC9AAM,
26900,a0o6g000005spOaAAI,
26901,a0o6g0000066TAUAA2,
26902,a0o6g000006482zAAA,
26903,a0o6g000006FJtYAAW,
26904,a0o6g000005cNBDAA2,
26905,a0o6g000005rZGHAA2,
26906,a0o6g000006JmmoAAC,
26907,a0o6g000006HPT3AAO,
26908,a0o6g000005wFa1AAE,
26909,a0o6g000005shhgAAA,
26910,a0o6g0000066fU3AAI,
26911,a0o6g000005e0PGAAY,
26912,a0o6g000005seyAAAQ,
26913,a0o6g000005jXnWAAU,
26914,a0o6g0000065s3qAAA,
26915,a0o6g000005fnuUAAQ,
26916,a0o6g000005mZfBAAU,
26917,a0o6g000005rUceAAE,
26918,a0o6g000005cLeFAAU,
26919,a0o6g000005ioW4AAI,
26920,a0o6g00000692hhAAA,
26921,a0o6g0000064cG6AAI,
26922,a0o6g000006BdpmAAC,
26923,a0o6g000006BHp5AAG,
26924,a0o6g0000063KpDAAU,
26925,a0o6g000006C0ANAA0,
26926,a0o6g000006DmS7AAK,
26927,a0o6g000005pCnVAAU,
26928,a0o6g0000062i4lAAA,
26929,a0o6g000005vDUXAA2,
26930,a0o6g000006EYEmAAO,
26931,a0o6g000005quijAAA,
26932,a0o6g0000063GjqAAE,
26933,a0o6g000005e3zGAAQ,
26934,a0o6g000005wkTkAAI,
26935,a0o6g000005qU59AAE,
26936,a0o6g000005xCfXAAU,
26937,a0o6g0000061kYmAAI,
26938,a0o6g0000067uTbAAI,
26939,a0o6g000005zTKEAA2,
26940,a0o6g000005ixr0AAA,
26941,a0o6g0000065rEYAAY,
26942,a0o6g000005dv1tAAA,
26943,a0o6g000006GQ4JAAW,
26944,a0o6g000005rWE6AAM,
26945,a0o6g000005yZfxAAE,
26946,a0o6g000005vKVTAA2,
26947,a0o6g0000065rpGAAQ,
26948,a0o6g000005r681AAA,
26949,a0o6g000005vVY1AAM,
26950,a0o6g000005vV6AAAU,
26951,a0o6g000005lk0ZAAQ,
26952,a0o6g000005kiLtAAI,
26953,a0o6g000006F6ynAAC,
26954,a0o6g000005jo1PAAQ,
26955,a0o6g000005nPbTAAU,
26956,a0o6g0000066hKcAAI,9/26/2022 12:16:01 PM
26957,a0o6g000005z2CVAAY,9/26/2022 12:16:01 PM
26958,a0o6g000005pG3aAAE,9/26/2022 12:16:01 PM
26959,a0o6g000005cC0WAAU,9/26/2022 12:16:01 PM
26960,a0o6g000006GQn9AAG,9/26/2022 12:16:01 PM
26961,a0o6g000005vkEWAAY,9/26/2022 12:16:01 PM
26962,a0o6g000005jhy9AAA,9/26/2022 12:16:01 PM
26963,a0o6g000005cOQEAA2,9/26/2022 12:16:01 PM
26964,a0o6g000005zVAdAAM,9/26/2022 12:16:01 PM
26965,a0o6g000005vaK2AAI,9/26/2022 12:16:01 PM
26966,a0o6g000005lMeHAAU,9/26/2022 12:16:01 PM
26967,a0o6g000006FCXhAAO,9/26/2022 12:16:01 PM
26968,a0o6g000006M2eIAAS,9/26/2022 12:16:01 PM
26969,a0o6g00000686hbAAA,9/26/2022 12:16:01 PM
26970,a0o6g000005fYnHAAU,9/26/2022 12:16:01 PM
26971,a0o6g000005rtzRAAQ,9/26/2022 12:16:01 PM
26972,a0o6g000005uGUfAAM,9/26/2022 12:16:01 PM
26973,a0o6g0000063b1gAAA,9/26/2022 12:16:01 PM
26974,a0o6g000006FUMAAA4,9/26/2022 12:16:01 PM
26975,a0o6g000006COJ7AAO,9/26/2022 12:16:01 PM
26976,a0o6g000005lz16AAA,9/26/2022 12:16:01 PM
26977,a0o6g00000630bZAAQ,9/26/2022 12:16:01 PM
26978,a0o6g00000629VHAAY,9/26/2022 12:16:01 PM
26979,a0o6g000005zWSuAAM,9/26/2022 12:16:01 PM
26980,a0o6g000005zAjDAAU,9/26/2022 12:16:01 PM
26981,a0o6g0000063S6PAAU,9/26/2022 12:16:01 PM
26982,a0o6g000006FutMAAS,9/26/2022 12:16:01 PM
26983,a0o6g000006579uAAA,9/26/2022 12:16:01 PM
26984,a0o6g000005rLCiAAM,9/26/2022 12:16:01 PM
26985,a0o6g000005yxWRAAY,9/26/2022 12:16:01 PM
26986,a0o6g0000063EIJAA2,9/26/2022 12:16:01 PM
26987,a0o6g0000069Bq3AAE,9/26/2022 12:16:01 PM
26988,a0o6g0000062fYHAAY,9/26/2022 12:16:01 PM
26989,a0o6g000006ETdNAAW,9/26/2022 12:16:01 PM
26990,a0o6g000005uxElAAI,9/26/2022 12:16:01 PM
26991,a0o6g0000065FguAAE,9/26/2022 12:16:01 PM
26992,a0o6g0000065yvrAAA,9/26/2022 12:16:01 PM
26993,a0o6g000005znb5AAA,9/26/2022 12:16:01 PM
26994,a0o6g000005ta8NAAQ,9/26/2022 12:16:01 PM
26995,a0o6g000006DgQaAAK,9/26/2022 12:16:01 PM
26996,a0o6g000006BjZyAAK,9/26/2022 12:16:01 PM
26997,a0o6g0000061kbfAAA,9/26/2022 12:16:01 PM
26998,a0o6g000006AMmBAAW,9/26/2022 12:16:01 PM
26999,a0o6g000005pAOSAA2,9/26/2022 12:16:01 PM
27000,a0o6g000005s56PAAQ,9/26/2022 12:16:01 PM
27001,a0o6g000006Mn2LAAS,9/26/2022 12:16:01 PM
27002,a0o6g0000069WoYAAU,9/26/2022 12:16:01 PM
27003,a0o6g000005gyC5AAI,9/26/2022 12:16:01 PM
27004,a0o6g000005nzXDAAY,9/26/2022 12:16:01 PM
27005,a0o6g000005rlsdAAA,9/26/2022 12:16:01 PM
27006,a0o6g000005yZuYAAU,9/26/2022 12:16:01 PM
27007,a0o6g000006MhDyAAK,9/26/2022 12:16:01 PM
27008,a0o6g000005vgcJAAQ,9/26/2022 12:16:01 PM
27009,a0o6g0000068x7PAAQ,9/26/2022 12:16:01 PM
27010,a0o6g000005e1kQAAQ,9/26/2022 12:16:01 PM
27011,a0o6g000005kya5AAA,9/26/2022 12:16:01 PM
27012,a0o6g000005yMNwAAM,9/26/2022 12:16:01 PM
27013,a0o6g0000061JXyAAM,9/26/2022 12:16:01 PM
27014,a0o6g000006I4KpAAK,9/26/2022 12:16:01 PM
27015,a0o6g00000626q8AAA,9/26/2022 12:16:01 PM
27016,a0o6g0000064q6gAAA,9/26/2022 12:16:01 PM
27017,a0o6g000005mteOAAQ,9/26/2022 12:16:01 PM
27018,a0o6g000005l8LOAAY,9/26/2022 12:16:01 PM
27019,a0o6g000005ooA6AAI,9/26/2022 12:16:01 PM
27020,a0o6g000005n4ehAAA,9/26/2022 12:16:01 PM
27021,a0o6g000005tUqGAAU,9/26/2022 12:16:01 PM
27022,a0o6g0000065nn7AAA,9/26/2022 12:16:01 PM
27023,a0o6g000006GJkPAAW,9/26/2022 12:16:01 PM
27024,a0o6g000005qTKcAAM,9/26/2022 12:16:01 PM
27025,a0o6g000006CZ8iAAG,9/26/2022 12:16:01 PM
27026,a0o6g000006DfgqAAC,9/26/2022 12:16:01 PM
27027,a0o6g0000065R0xAAE,9/26/2022 12:16:01 PM
27028,a0o6g000005zaxHAAQ,9/26/2022 12:16:01 PM
27029,a0o6g000006N9saAAC,9/26/2022 12:16:01 PM
27030,a0o6g0000069xygAAA,9/26/2022 12:16:01 PM
27031,a0o6g000006FmOEAA0,9/26/2022 12:16:01 PM
27032,a0o6g000005ukB5AAI,9/26/2022 12:16:01 PM
27033,a0o6g000006DOFwAAO,9/26/2022 12:16:01 PM
27034,a0o6g000006GhmsAAC,9/26/2022 12:16:01 PM
27035,a0o6g000005nQ74AAE,9/26/2022 12:16:01 PM
27036,a0o6g0000065H1bAAE,9/26/2022 12:16:01 PM
27037,a0o6g000005wpiGAAQ,9/26/2022 12:16:01 PM
27038,a0o6g0000064uHRAAY,9/26/2022 12:16:01 PM
27039,a0o6g000005n8e9AAA,9/26/2022 12:16:01 PM
27040,a0o6g000005d3LzAAI,9/26/2022 12:16:01 PM
27041,a0o6g000005uHw4AAE,9/26/2022 12:16:01 PM
27042,a0o6g000005v7FAAAY,9/26/2022 12:16:01 PM
27043,a0o6g000005wamPAAQ,9/26/2022 12:16:01 PM
27044,a0o6g000005nTXGAA2,9/26/2022 12:16:01 PM
27045,a0o6g000006AcKDAA0,9/26/2022 12:16:01 PM
27046,a0o6g0000060QjCAAU,9/26/2022 12:16:01 PM
27047,a0o6g000006ChWrAAK,9/26/2022 12:16:01 PM
27048,a0o6g0000062siHAAQ,9/26/2022 12:16:01 PM
27049,a0o6g000005hFJEAA2,9/26/2022 12:16:01 PM
27050,a0o6g000005oKvBAAU,9/26/2022 12:16:01 PM
27051,a0o6g000006NDz3AAG,9/26/2022 12:16:01 PM
27052,a0o6g000005ugzhAAA,9/26/2022 12:16:01 PM
27053,a0o6g000006LqqoAAC,9/26/2022 12:16:01 PM
27054,a0o6g000005zkqwAAA,9/26/2022 12:16:01 PM
27055,a0o6g000005kL8qAAE,9/26/2022 12:16:01 PM
27056,a0o6g000006IlgyAAC,9/26/2022 12:16:01 PM
27057,a0o6g000006G6jMAAS,9/26/2022 12:16:01 PM
27058,a0o6g000006B7anAAC,9/26/2022 12:16:01 PM
27059,a0o6g0000062CWmAAM,9/26/2022 12:16:01 PM
27060,a0o6g000005vbqgAAA,9/26/2022 12:16:01 PM
27061,a0o6g000006Lgj2AAC,9/26/2022 12:16:01 PM
27062,a0o6g00000669LjAAI,9/26/2022 12:16:01 PM
27063,a0o6g000005goD2AAI,9/26/2022 12:16:01 PM
27064,a0o6g000006E7whAAC,9/26/2022 12:16:01 PM
27065,a0o6g000006418uAAA,9/26/2022 12:16:01 PM
27066,a0o6g000006CrlBAAS,9/26/2022 12:16:01 PM
27067,a0o6g000006KkSxAAK,9/26/2022 12:16:01 PM
27068,a0o6g000006KjjMAAS,9/26/2022 12:16:01 PM
27069,a0o6g000005ze4RAAQ,9/26/2022 12:16:01 PM
27070,a0o6g000006Eu1GAAS,9/26/2022 12:16:01 PM
27071,a0o6g000006DPg4AAG,9/26/2022 12:16:01 PM
27072,a0o6g0000063RthAAE,9/26/2022 12:16:01 PM
27073,a0o6g000005uzbLAAQ,9/26/2022 12:16:01 PM
27074,a0o6g000005lNESAA2,9/26/2022 12:16:01 PM
27075,a0o6g000005wEExAAM,9/26/2022 12:16:01 PM
27076,a0o6g000005e6dAAAQ,9/26/2022 12:16:01 PM
27077,a0o6g0000062oBuAAI,9/26/2022 12:16:01 PM
27078,a0o6g000005mRAyAAM,9/26/2022 12:16:01 PM
27079,a0o6g000005mMf8AAE,9/26/2022 12:16:01 PM
27080,a0o6g0000063SvsAAE,9/26/2022 12:16:01 PM
27081,a0o6g0000060VEaAAM,9/26/2022 12:16:01 PM
27082,a0o6g0000064F2yAAE,9/26/2022 12:16:01 PM
27083,a0o6g000005p2BJAAY,9/26/2022 12:16:01 PM
27084,a0o6g000005fVbqAAE,9/26/2022 12:16:01 PM
27085,a0o6g000005n34qAAA,9/26/2022 12:16:01 PM
27086,a0o6g0000066MBwAAM,9/26/2022 12:16:01 PM
27087,a0o6g000005tx23AAA,9/26/2022 12:16:01 PM
27088,a0o6g000006ERtZAAW,9/26/2022 12:16:01 PM
27089,a0o6g000005zVW6AAM,9/26/2022 12:16:01 PM
27090,a0o6g000006M36JAAS,9/26/2022 12:16:01 PM
27091,a0o6g0000060DayAAE,9/26/2022 12:16:01 PM
27092,a0o6g000005s3aQAAQ,9/26/2022 12:16:01 PM
27093,a0o6g000006BVfhAAG,9/26/2022 12:16:01 PM
27094,a0o6g0000065CWhAAM,9/26/2022 12:16:01 PM
27095,a0o6g000005ue4EAAQ,9/26/2022 12:16:01 PM
27096,a0o6g000005cpr8AAA,9/26/2022 12:16:01 PM
27097,a0o6g000005z3ZWAAY,9/26/2022 12:16:01 PM
27098,a0o6g0000066ateAAA,9/26/2022 12:16:01 PM
27099,a0o6g000005w1ckAAA,9/26/2022 12:16:01 PM
27100,a0o6g000005zVB1AAM,9/26/2022 12:16:01 PM
27101,a0o6g000006I5v8AAC,9/26/2022 12:16:01 PM
27102,a0o6g000006MxFsAAK,9/26/2022 12:16:01 PM
27103,a0o6g000006FsiOAAS,9/26/2022 12:16:01 PM
27104,a0o6g000005nToeAAE,9/26/2022 12:16:01 PM
27105,a0o6g000005kgxfAAA,9/26/2022 12:16:01 PM
27106,a0o6g000005o5SWAAY,9/26/2022 12:16:01 PM
27107,a0o6g000006G65DAAS,9/26/2022 12:16:01 PM
27108,a0o6g0000065KugAAE,9/26/2022 12:16:01 PM
27109,a0o6g000005zx0hAAA,9/26/2022 12:16:01 PM
27110,a0o6g000006Kk55AAC,9/26/2022 12:16:01 PM
27111,a0o6g000005jpqzAAA,9/26/2022 12:16:01 PM
27112,a0o6g000005kgobAAA,9/26/2022 12:16:01 PM
27113,a0o6g000005fCcAAAU,9/26/2022 12:16:01 PM
27114,a0o6g000005dwmfAAA,9/26/2022 12:16:01 PM
27115,a0o6g000005nsntAAA,9/26/2022 12:16:01 PM
27116,a0o6g000005ui8vAAA,9/26/2022 12:16:01 PM
27117,a0o6g0000069Qo8AAE,9/26/2022 12:16:01 PM
27118,a0o6g00000676tdAAA,9/26/2022 12:16:01 PM
27119,a0o6g000005oKYaAAM,9/26/2022 12:16:01 PM
27120,a0o6g000005c39PAAQ,9/26/2022 12:16:01 PM
27121,a0o6g000005zPhkAAE,9/26/2022 12:16:01 PM
27122,a0o6g000005eIENAA2,9/26/2022 12:16:01 PM
27123,a0o6g000005fFFSAA2,9/26/2022 12:16:01 PM
27124,a0o6g000006IkW1AAK,9/26/2022 12:16:01 PM
27125,a0o6g000005lNefAAE,9/26/2022 12:16:01 PM
27126,a0o6g000005cZEDAA2,9/26/2022 12:16:01 PM
27127,a0o6g000005mnyiAAA,9/26/2022 12:16:01 PM
27128,a0o6g0000064UFwAAM,9/26/2022 12:16:01 PM
27129,a0o6g000006CgRLAA0,9/26/2022 12:16:01 PM
27130,a0o6g000006AGooAAG,9/26/2022 12:16:01 PM
27131,a0o6g0000062JfWAAU,9/26/2022 12:16:01 PM
27132,a0o6g000005nN5tAAE,9/26/2022 12:16:01 PM
27133,a0o6g000005vR6yAAE,9/26/2022 12:16:01 PM
27134,a0o6g000005y55VAAQ,9/26/2022 12:16:01 PM
27135,a0o6g0000066gRwAAI,9/26/2022 12:16:01 PM
27136,a0o6g000005mjnTAAQ,9/26/2022 12:16:01 PM
27137,a0o6g000005qMslAAE,9/26/2022 12:16:01 PM
27138,a0o6g000005pnT2AAI,9/26/2022 12:16:01 PM
27139,a0o6g000006D4fOAAS,9/26/2022 12:16:01 PM
27140,a0o6g000006BcPxAAK,9/26/2022 12:16:01 PM
27141,a0o6g000005tIWtAAM,9/26/2022 12:16:01 PM
27142,a0o6g000006FziBAAS,9/26/2022 12:16:01 PM
27143,a0o6g000005ouE2AAI,9/26/2022 12:16:01 PM
27144,a0o6g000005v4vcAAA,9/26/2022 12:16:01 PM
27145,a0o6g0000065v5dAAA,9/26/2022 12:16:01 PM
27146,a0o6g0000067l6bAAA,9/26/2022 12:16:01 PM
27147,a0o6g0000061JdXAAU,9/26/2022 12:16:01 PM
27148,a0o6g000006DK3JAAW,9/26/2022 12:16:01 PM
27149,a0o6g000006HHA3AAO,9/26/2022 12:16:01 PM
27150,a0o6g000006Aj8DAAS,9/26/2022 12:16:01 PM
27151,a0o6g0000060LQUAA2,9/26/2022 12:16:01 PM
27152,a0o6g000006FengAAC,9/26/2022 12:16:01 PM
27153,a0o6g000006N0h7AAC,9/26/2022 12:16:01 PM
27154,a0o6g000005dwCjAAI,9/26/2022 12:16:01 PM
27155,a0o6g000005nNtDAAU,9/26/2022 12:16:01 PM
27156,a0o6g000005uLlxAAE,9/26/2022 12:16:01 PM
27157,a0o6g000005hlLtAAI,9/26/2022 12:16:01 PM
27158,a0o6g000005lkKXAAY,9/26/2022 12:16:01 PM
27159,a0o6g000006GJe2AAG,9/26/2022 12:16:01 PM
27160,a0o6g0000060LIzAAM,9/26/2022 12:16:01 PM
27161,a0o6g000006LJD8AAO,9/26/2022 12:16:01 PM
27162,a0o6g00000626XIAAY,9/26/2022 12:16:01 PM
27163,a0o6g000005oykIAAQ,9/26/2022 12:16:01 PM
27164,a0o6g0000069c6yAAA,9/26/2022 12:16:01 PM
27165,a0o6g0000062uk5AAA,9/26/2022 12:16:01 PM
27166,a0o6g000006FF09AAG,9/26/2022 12:16:01 PM
27167,a0o6g0000066qW4AAI,9/26/2022 12:16:01 PM
27168,a0o6g000005ycq4AAA,9/26/2022 12:16:01 PM
27169,a0o6g000006FWmDAAW,9/26/2022 12:16:01 PM
27170,a0o6g000005yG83AAE,9/26/2022 12:16:01 PM
27171,a0o6g000005y590AAA,9/26/2022 12:16:01 PM
27172,a0o6g0000060TBsAAM,9/26/2022 12:16:01 PM
27173,a0o6g000006EGLJAA4,9/26/2022 12:16:01 PM
27174,a0o6g000005lsNKAAY,9/26/2022 12:16:01 PM
27175,a0o6g000006Il6JAAS,9/26/2022 12:16:01 PM
27176,a0o6g000005uMyFAAU,9/26/2022 12:16:01 PM
27177,a0o6g000006DbWEAA0,9/26/2022 12:16:01 PM
27178,a0o6g000005ftrhAAA,9/26/2022 12:16:01 PM
27179,a0o6g000005jY08AAE,9/26/2022 12:16:01 PM
27180,a0o6g000005dGmdAAE,9/26/2022 12:16:01 PM
27181,a0o6g00000616XkAAI,9/26/2022 12:16:01 PM
27182,a0o6g000005klubAAA,9/26/2022 12:16:01 PM
27183,a0o6g000005rY3QAAU,9/26/2022 12:16:01 PM
27184,a0o6g000005omRbAAI,9/26/2022 12:16:01 PM
27185,a0o6g000005iyrmAAA,9/26/2022 12:16:01 PM
27186,a0o6g00000675LvAAI,9/26/2022 12:16:01 PM
27187,a0o6g0000063nTHAAY,9/26/2022 12:16:01 PM
27188,a0o6g000005dLSZAA2,9/26/2022 12:16:01 PM
27189,a0o6g000005xxMyAAI,9/26/2022 12:16:01 PM
27190,a0o6g000005tyvxAAA,9/26/2022 12:16:01 PM
27191,a0o6g000006CDuUAAW,9/26/2022 12:16:01 PM
27192,a0o6g000006F0dyAAC,9/26/2022 12:16:01 PM
27193,a0o6g000005cFhQAAU,9/26/2022 12:16:01 PM
27194,a0o6g000005iQs6AAE,9/26/2022 12:16:01 PM
27195,a0o6g000005swbcAAA,9/26/2022 12:16:01 PM
27196,a0o6g000005xlEnAAI,9/26/2022 12:16:01 PM
27197,a0o6g000005xjFRAAY,9/26/2022 12:16:01 PM
27198,a0o6g000005qAnQAAU,9/26/2022 12:16:01 PM
27199,a0o6g00000693FiAAI,9/26/2022 12:16:01 PM
27200,a0o6g000005oUCqAAM,9/26/2022 12:16:01 PM
27201,a0o6g0000062EQYAA2,9/26/2022 12:16:01 PM
27202,a0o6g000005wpaxAAA,9/26/2022 12:16:01 PM
27203,a0o6g00000636oNAAQ,9/26/2022 12:16:01 PM
27204,a0o6g00000648dCAAQ,9/26/2022 12:16:01 PM
27205,a0o6g000005fIXzAAM,9/26/2022 12:16:01 PM
27206,a0o6g0000067RNlAAM,9/26/2022 12:16:01 PM
27207,a0o6g000006L1HWAA0,9/26/2022 12:16:01 PM
27208,a0o6g000005ocu1AAA,9/26/2022 12:16:01 PM
27209,a0o6g000006GRBHAA4,9/26/2022 12:16:01 PM
27210,a0o6g000005gMHHAA2,9/26/2022 12:16:01 PM
27211,a0o6g000005nBwsAAE,9/26/2022 12:16:01 PM
27212,a0o6g000005d2iFAAQ,9/26/2022 12:16:01 PM
27213,a0o6g000005cI3tAAE,9/26/2022 12:16:01 PM
27214,a0o6g000005lE2lAAE,9/26/2022 12:16:01 PM
27215,a0o6g000005qAQvAAM,9/26/2022 12:16:01 PM
27216,a0o6g000005yGzoAAE,9/26/2022 12:16:01 PM
27217,a0o6g000005vaIQAAY,9/26/2022 12:16:01 PM
27218,a0o6g000005olPCAAY,9/26/2022 12:16:01 PM
27219,a0o6g0000067c59AAA,9/26/2022 12:16:01 PM
27220,a0o6g0000063Gl2AAE,9/26/2022 12:16:01 PM
27221,a0o6g000006CES1AAO,9/26/2022 12:16:01 PM
27222,a0o6g000006B4VUAA0,9/26/2022 12:16:01 PM
27223,a0o6g0000068zHfAAI,9/26/2022 12:16:01 PM
27224,a0o6g000005tluPAAQ,9/26/2022 12:16:01 PM
27225,a0o6g000006AULNAA4,9/26/2022 12:16:01 PM
27226,a0o6g00000681mNAAQ,9/26/2022 12:16:01 PM
27227,a0o6g000006FjEJAA0,9/26/2022 12:16:01 PM
27228,a0o6g000005eAPSAA2,9/26/2022 12:16:01 PM
27229,a0o6g000005zw0jAAA,9/26/2022 12:16:01 PM
27230,a0o6g000006DMA9AAO,9/26/2022 12:16:01 PM
27231,a0o6g000005jaD0AAI,9/26/2022 12:16:01 PM
27232,a0o6g000005fDK0AAM,9/26/2022 12:16:01 PM