_CustomObjectKey,ID,HC_Codigo_de_Retorno_de_Erro__c,HC_Data_do_pagamento__c
91337,a0V6g0000064XWzEAM,,10/03/2023
91338,a0V6g0000064XXVEA2,,10/03/2023
91339,a0V6g0000064XY5EAM,,10/03/2023
91340,a0V6g0000064Y0wEAE,,15/03/2023
91341,a0V6g0000064Y0xEAE,,15/03/2023
91342,a0V6g0000064Y1JEAU,,15/03/2023
91343,a0V6g0000064XuZEAU,,14/03/2023
91344,a0V6g0000064Xv3EAE,,14/03/2023
91345,a0V6g0000064Y2fEAE,,15/03/2023
91346,a0V6g0000064XgREAU,,13/03/2023
91347,a0V6g0000064XwnEAE,,15/03/2023
91348,a0V6g0000064XXYEA2,,10/03/2023
91349,a0V6g0000064XXZEA2,,10/03/2023
91350,a0V6g0000064XXkEAM,,10/03/2023
91351,a0V6g0000064Y11EAE,,15/03/2023
91352,a0V6g0000064Xv7EAE,,14/03/2023
91353,a0V6g0000064Xv9EAE,,14/03/2023
91354,a0V6g0000064Xg8EAE,,13/03/2023
91355,a0V6g0000064XgFEAU,,13/03/2023
91356,a0V6g0000064XgSEAU,,13/03/2023
91357,a0V6g0000064XglEAE,,13/03/2023
91358,a0V6g0000064XgnEAE,,13/03/2023
91359,a0V6g0000064XwvEAE,,15/03/2023
91360,a0V6g0000064Y1CEAU,,15/03/2023
91361,a0V6g0000064Y5OEAU,,16/03/2023
91362,a0V6g0000088MYGEA2,,17/04/2023
91363,a0V6g0000064XXAEA2,,10/03/2023
91364,a0V6g0000064Y2cEAE,,15/03/2023
91365,a0V6g0000064XbAEAU,,13/03/2023
91366,a0V6g0000064XgcEAE,,13/03/2023
91367,a0V6g0000064XhHEAU,,13/03/2023
91368,a0V6g0000064XWcEAM,,10/03/2023
91369,a0V6g0000064XWeEAM,,10/03/2023
91370,a0V6g0000064XXBEA2,,10/03/2023
91371,a0V6g0000064XXqEAM,,10/03/2023
91372,a0V6g0000064Xv1EAE,,14/03/2023
91373,a0V6g0000064XhJEAU,,13/03/2023
91374,a0V6g0000064XhMEAU,,13/03/2023
91375,a0V6g0000064XhSEAU,,13/03/2023
91376,a0V6g0000064Y2jEAE,,15/03/2023
91377,a0V6g0000088MY0EAM,,17/04/2023
91378,a0V6g0000064Y5CEAU,,16/03/2023
91379,a0V6g0000064Y5DEAU,,16/03/2023
91380,a0V6g0000064XujEAE,,14/03/2023
91381,a0V6g0000064Y7HEAU,,16/03/2023
91382,a0V6g0000064Y4iEAE,,16/03/2023
91383,a0V6g0000064XbFEAU,,13/03/2023
91384,a0V6g0000064XfyEAE,,13/03/2023
91385,a0V6g0000064XgqEAE,,13/03/2023
91386,a0V6g0000064XgrEAE,,13/03/2023
91387,a0V6g0000064XWkEAM,,10/03/2023
91388,a0V6g0000064XXrEAM,,10/03/2023
91389,a0V6g0000064XXsEAM,,10/03/2023
91390,a0V6g0000064YAzEAM,,17/03/2023
91391,a0V6g0000064YB0EAM,,17/03/2023
91392,a0V6g0000064XvWEAU,,14/03/2023
91393,a0V6g0000064YBSEA2,,17/03/2023
91394,a0V6g0000064XfJEAU,,13/03/2023
91395,a0V6g0000064XgHEAU,,13/03/2023
91396,a0V6g0000064YBNEA2,,17/03/2023
91397,a0V6g0000064XukEAE,,14/03/2023
91398,a0V6g0000064XfCEAU,,13/03/2023
91399,a0V6g0000064XgJEAU,,13/03/2023
91400,a0V6g0000064Y5GEAU,,16/03/2023
91401,a0V6g0000064XXtEAM,,10/03/2023
91402,a0V6g0000064XXuEAM,,10/03/2023
91403,a0V6g0000064XXvEAM,,10/03/2023
91404,a0V6g0000064XfGEAU,,13/03/2023
91405,a0V6g0000064Xg2EAE,,13/03/2023
91406,a0V6g0000064Xx5EAE,,15/03/2023
91407,a0V6g0000064Xx6EAE,,15/03/2023
91408,a0V6g0000064XWqEAM,,10/03/2023
91409,a0V6g0000064XXxEAM,,10/03/2023
91410,a0V6g0000088MXlEAM,,17/04/2023
91411,a0V6g0000088MXoEAM,,17/04/2023
91412,a0V6g0000088MY6EAM,,17/04/2023
91413,a0V6g0000088MY7EAM,,17/04/2023
91414,a0V6g0000088MYAEA2,,17/04/2023
91415,a0V6g0000064Xh2EAE,,13/03/2023
91416,a0V6g0000064Y0vEAE,,15/03/2023
91417,a0V6g0000064XXHEA2,,10/03/2023
91418,a0V6g0000064Y4vEAE,,16/03/2023
91419,a0V6g0000064YBOEA2,,17/03/2023
91420,a0V6g0000064XgLEAU,,13/03/2023
91421,a0V6g0000064Y4wEAE,,16/03/2023
91422,a0V6g0000064Y51EAE,,16/03/2023
91423,a0V6g0000064XumEAE,,14/03/2023
91424,a0V6g0000064XunEAE,,14/03/2023
91425,a0V6g0000064Y13EAE,,15/03/2023
91426,a0V6g0000064YBdEAM,,17/03/2023
91427,a0V6g0000088MXqEAM,,17/04/2023
91428,a0V6g0000064Xf6EAE,,13/03/2023
91429,a0V6g0000064XfbEAE,,13/03/2023
91430,a0V6g0000064Xh4EAE,,13/03/2023
91431,a0V6g0000064Y1GEAU,,15/03/2023
91432,a0V6g0000064Y1HEAU,,15/03/2023
91433,a0V6g0000064YB8EAM,,17/03/2023
91434,a0V6g0000064Xh8EAE,,13/03/2023
91435,a0V6g0000064XhiEAE,,13/03/2023
91436,a0V6g0000064Y1IEAU,,15/03/2023
91437,a0V6g0000064XWTEA2,,10/03/2023
91438,a0V6g0000064XXOEA2,,10/03/2023
91439,a0V6g0000064XY1EAM,,10/03/2023
91440,a0V6g0000064YB9EAM,,17/03/2023
91441,a0V6g0000064XuyEAE,,14/03/2023
91442,a0V6g000005Nn9oEAC,,13/08/2018
91443,a0V6g0000064Xx0EAE,,15/03/2023
91444,a0V6g0000064XXWEA2,,10/03/2023
91445,a0V6g0000064XXjEAM,,10/03/2023
91446,a0V6g0000064XuXEAU,,14/03/2023
91447,a0V6g0000064Y2eEAE,,15/03/2023
91448,a0V6g0000064Xb0EAE,,13/03/2023
91449,a0V6g0000064XftEAE,,13/03/2023
91450,a0V6g0000064XgQEAU,,13/03/2023
91451,a0V6g0000064Y4oEAE,,16/03/2023
91452,a0V6g0000064Y1BEAU,,15/03/2023
91453,a0V6g0000064Y2ZEAU,,15/03/2023
91454,a0V6g0000064Y2aEAE,,15/03/2023
91455,a0V6g0000064Xv6EAE,,14/03/2023
91456,a0V6g0000064XvAEAU,,14/03/2023
91457,a0V6g0000064Xg7EAE,,13/03/2023
91458,a0V6g0000064XgDEAU,,13/03/2023
91459,a0V6g0000064XgTEAU,,13/03/2023
91460,a0V6g0000064XgVEAU,,13/03/2023
91461,a0V6g0000064XgXEAU,,13/03/2023
91462,a0V6g0000064XhGEAU,,13/03/2023
91463,a0V6g0000064XY6EAM,,10/03/2023
91464,a0V6g0000064XY7EAM,,10/03/2023
91465,a0V6g0000064XY8EAM,,10/03/2023
91466,a0V6g0000064XYDEA2,,10/03/2023
91467,a0V6g0000064Y15EAE,,15/03/2023
91468,a0V6g0000064Y16EAE,,15/03/2023
91469,a0V6g0000064XfvEAE,,13/03/2023
91470,a0V6g0000064XWYEA2,,10/03/2023
91471,a0V6g0000064Y1FEAU,,15/03/2023
91472,a0V6g0000064XgGEAU,,13/03/2023
91473,a0V6g0000064XgYEAU,,13/03/2023
91474,a0V6g0000064XgbEAE,,13/03/2023
91475,a0V6g0000064YB2EAM,,17/03/2023
91476,a0V6g0000064YB3EAM,,17/03/2023
91477,a0V6g0000064YB4EAM,,17/03/2023
91478,a0V6g0000064XWaEAM,,10/03/2023
91479,a0V6g0000064XWdEAM,,10/03/2023
91480,a0V6g0000064XWgEAM,,10/03/2023
91481,a0V6g0000088MXHEA2,,17/04/2023
91482,a0V6g0000064Y59EAE,,16/03/2023
91483,a0V6g0000064XfwEAE,,13/03/2023
91484,a0V6g0000064XhLEAU,,13/03/2023
91485,a0V6g0000064XhOEAU,,13/03/2023
91486,a0V6g0000064XhREAU,,13/03/2023
91487,a0V6g0000064Y4rEAE,,16/03/2023
91488,a0V6g0000064XWiEAM,,10/03/2023
91489,a0V6g0000064XXbEAM,,10/03/2023
91490,a0V6g0000088MY4EAM,,17/04/2023
91491,a0V6g0000064Y5KEAU,,16/03/2023
91492,a0V6g0000064YAdEAM,,17/03/2023
91493,a0V6g0000064XXEEA2,,10/03/2023
91494,a0V6g0000064YBAEA2,,17/03/2023
91495,a0V6g0000064Y7CEAU,,16/03/2023
91496,a0V6g0000064XvREAU,,14/03/2023
91497,a0V6g0000064XpkEAE,,14/03/2023
91498,a0V6g0000064XbIEAU,,13/03/2023
91499,a0V6g0000064XfKEAU,,13/03/2023
91500,a0V6g0000064XXcEAM,,10/03/2023
91501,a0V6g0000064XXdEAM,,10/03/2023
91502,a0V6g0000064YBLEA2,,17/03/2023
91503,a0V6g0000064XfzEAE,,13/03/2023
91504,a0V6g0000064XgsEAE,,13/03/2023
91505,a0V6g0000064XgvEAE,,13/03/2023
91506,a0V6g0000064XgwEAE,,13/03/2023
91507,a0V6g0000064XYJEA2,,10/03/2023
91508,a0V6g0000088MXJEA2,,17/04/2023
91509,a0V6g0000088MXMEA2,,17/04/2023
91510,a0V6g0000064XulEAE,,14/03/2023
91511,a0V6g0000088MXPEA2,,17/04/2023
91512,a0V6g0000064Xh1EAE,,13/03/2023
91513,a0V6g0000064Xx7EAE,,15/03/2023
91514,a0V6g0000064XXwEAM,,10/03/2023
91515,a0V6g0000088MXQEA2,,17/04/2023
91516,a0V6g0000088MXmEAM,,17/04/2023
91517,a0V6g0000088MY9EAM,,17/04/2023
91518,a0V6g0000088MYCEA2,,17/04/2023
91519,a0V6g0000064YAaEAM,,17/03/2023
91520,a0V6g0000064Y4sEAE,,16/03/2023
91521,a0V6g0000064Xg3EAE,,13/03/2023
91522,a0V6g0000064XhBEAU,,13/03/2023
91523,a0V6g0000064Xx9EAE,,15/03/2023
91524,a0V6g0000064XX3EAM,,10/03/2023
91525,a0V6g0000064XXIEA2,,10/03/2023
91526,a0V6g0000064YAwEAM,,17/03/2023
91527,a0V6g0000064YAxEAM,,17/03/2023
91528,a0V6g0000064YAyEAM,,17/03/2023
91529,a0V6g0000064XuuEAE,,14/03/2023
91530,a0V6g0000064XuvEAE,,14/03/2023
91531,a0V6g0000064XbTEAU,,13/03/2023
91532,a0V6g0000064XWOEA2,,10/03/2023
91533,a0V6g0000064XWsEAM,,10/03/2023
91534,a0V6g0000064YBWEA2,,17/03/2023
91535,a0V6g0000064XgMEAU,,13/03/2023
91536,a0V6g0000064XgfEAE,,13/03/2023
91537,a0V6g0000064Xh3EAE,,13/03/2023
91538,a0V6g0000064XX6EAM,,10/03/2023
91539,a0V6g0000064XXzEAM,,10/03/2023
91540,a0V6g0000088MXEEA2,,17/04/2023
91541,a0V6g0000088MXOEA2,,17/04/2023
91542,a0V6g0000088MXrEAM,,17/04/2023
91543,a0V6g0000088MXtEAM,,17/04/2023
91544,a0V6g0000088MXwEAM,,17/04/2023
91545,a0V6g0000088MY3EAM,,17/04/2023
91546,a0V6g0000064Xh5EAE,,13/03/2023
91547,a0V6g0000064Xx1EAE,,15/03/2023
91548,a0V6g0000064XWVEA2,,10/03/2023
91549,a0V6g0000064XWyEAM,,10/03/2023
91550,a0V6g0000064XX0EAM,,10/03/2023
91551,a0V6g0000064Y10EAE,,15/03/2023
91552,a0V6g0000064XuYEAU,,14/03/2023
91553,a0V6g0000064XurEAE,,14/03/2023
91554,a0V6g0000064Xv2EAE,,14/03/2023
91555,a0V6g0000064XfuEAE,,13/03/2023
91556,a0V6g0000064Xg6EAE,,13/03/2023
91557,a0V6g0000064XwmEAE,,15/03/2023
91558,a0V6g0000064XwoEAE,,15/03/2023
91559,a0V6g0000064Xv8EAE,,14/03/2023
91560,a0V6g0000064Xg9EAE,,13/03/2023
91561,a0V6g0000064XgAEAU,,13/03/2023
91562,a0V6g0000064XgBEAU,,13/03/2023
91563,a0V6g0000064XgCEAU,,13/03/2023
91564,a0V6g0000064XgEEAU,,13/03/2023
91565,a0V6g0000064XgUEAU,,13/03/2023
91566,a0V6g0000064XwwEAE,,15/03/2023
91567,a0V6g0000064Y5IEAU,,16/03/2023
91568,a0V6g0000064XY9EAM,,10/03/2023
91569,a0V6g0000064XYAEA2,,10/03/2023
91570,a0V6g0000064Y17EAE,,15/03/2023
91571,a0V6g0000064Y1EEAU,,15/03/2023
91572,a0V6g0000064XWZEA2,,10/03/2023
91573,a0V6g0000064Y2gEAE,,15/03/2023
91574,a0V6g0000064Xb9EAE,,13/03/2023
91575,a0V6g0000064XgaEAE,,13/03/2023
91576,a0V6g0000064YB5EAM,,17/03/2023
91577,a0V6g0000064XXpEAM,,10/03/2023
91578,a0V6g0000088MXFEA2,,17/04/2023
91579,a0V6g0000064XucEAE,,14/03/2023
91580,a0V6g0000064XhKEAU,,13/03/2023
91581,a0V6g0000064XhPEAU,,13/03/2023
91582,a0V6g0000064XhQEAU,,13/03/2023
91583,a0V6g0000064XWjEAM,,10/03/2023
91584,a0V6g0000064Y2iEAE,,15/03/2023
91585,a0V6g0000064XuhEAE,,14/03/2023
91586,a0V6g0000064XuiEAE,,14/03/2023
91587,a0V6g0000064XvBEAU,,14/03/2023
91588,a0V6g0000064Y7IEAU,,16/03/2023
91589,a0V6g0000064XbGEAU,,13/03/2023
91590,a0V6g0000064XfiEAE,,20/08/2023
91591,a0V6g0000064XfxEAE,,13/03/2023
91592,a0V6g0000064XWlEAM,,10/03/2023
91593,a0V6g0000064YBFEA2,,17/03/2023
91594,a0V6g0000064YBPEA2,,17/03/2023
91595,a0V6g0000064YBREA2,,17/03/2023
91596,a0V6g0000064XXFEA2,,10/03/2023
91597,a0V6g0000064XXGEA2,,10/03/2023
91598,a0V6g0000064YBQEA2,,17/03/2023
91599,a0V6g0000064Y4mEAE,,16/03/2023
91600,a0V6g0000064Y4nEAE,,16/03/2023
91601,a0V6g0000064XgIEAU,,13/03/2023
91602,a0V6g0000064XgdEAE,,13/03/2023
91603,a0V6g0000064XguEAE,,13/03/2023
91604,a0V6g0000064Y5EEAU,,16/03/2023
91605,a0V6g0000064Xx2EAE,,15/03/2023
91606,a0V6g0000064Y3UEAU,,15/03/2023
91607,a0V6g0000064XfOEAU,,13/03/2023
91608,a0V6g0000064XfPEAU,,13/03/2023
91609,a0V6g0000064Xg1EAE,,13/03/2023
91610,a0V6g0000064XgxEAE,,13/03/2023
91611,a0V6g0000064XgyEAE,,13/03/2023
91612,a0V6g0000064XgzEAE,,13/03/2023
91613,a0V6g0000064Xx8EAE,,15/03/2023
91614,a0V6g0000088MY5EAM,,17/04/2023
91615,a0V6g0000064Y58EAE,,16/03/2023
91616,a0V6g0000064YBTEA2,,17/03/2023
91617,a0V6g0000064Y5HEAU,,16/03/2023
91618,a0V6g0000064XbUEAU,,13/03/2023
91619,a0V6g0000064XX4EAM,,10/03/2023
91620,a0V6g0000064XXKEA2,,10/03/2023
91621,a0V6g0000064XgeEAE,,13/03/2023
91622,a0V6g0000064XXMEA2,,10/03/2023
91623,a0V6g0000088MXNEA2,,17/04/2023
91624,a0V6g0000088MXpEAM,,17/04/2023
91625,a0V6g0000088MXsEAM,,17/04/2023
91626,a0V6g0000088MXxEAM,,17/04/2023
91627,a0V6g0000088MXyEAM,,17/04/2023
91628,a0V6g0000088MY2EAM,,17/04/2023
91629,a0V6g0000064XgNEAU,,13/03/2023
91630,a0V6g0000064XggEAE,,13/03/2023
91631,a0V6g0000064XXNEA2,,10/03/2023
91632,a0V6g0000064XXiEAM,,10/03/2023
91633,a0V6g0000064XuwEAE,,14/03/2023
91634,a0V6g0000064YB1EAM,,17/03/2023
91635,a0V6g0000064Xh6EAE,,13/03/2023
91636,a0V6g0000064XazEAE,,09/03/2023
91637,a0V6g0000064XWQEA2,,10/03/2023
91638,a0V6g0000064XWREA2,,10/03/2023
91639,a0V6g0000064YBDEA2,,17/03/2023
91640,a0V6g0000064YBHEA2,,17/03/2023
91641,a0V6g0000064YBJEA2,,17/03/2023
91642,a0V6g0000064YBKEA2,,17/03/2023
91643,a0V6g0000064XuqEAE,,14/03/2023
91644,a0V6g0000064XgiEAE,,13/03/2023
91645,a0V6g0000064XjZEAU,,13/03/2023
91646,a0V6g0000064XjaEAE,,13/03/2023
91647,a0V6g0000064YAfEAM,,17/03/2023
91648,a0V6g0000064YAkEAM,,17/03/2023
91649,a0V6g0000064XWwEAM,,10/03/2023
91650,a0V6g0000064XY3EAM,,10/03/2023
91651,a0V6g0000064YBZEA2,,17/03/2023
91652,a0V6g0000064XXXEA2,,10/03/2023
91653,a0V6g0000064Y0yEAE,,15/03/2023
91654,a0V6g0000064XuWEAU,,14/03/2023
91655,a0V6g0000064Xv0EAE,,14/03/2023
91656,a0V6g0000064Xv4EAE,,14/03/2023
91657,a0V6g0000064Xb2EAE,,13/03/2023
91658,a0V6g0000064XhFEAU,,13/03/2023
91659,a0V6g0000064XwpEAE,,15/03/2023
91660,a0V6g0000064Y4pEAE,,16/03/2023
91661,a0V6g0000064XXmEAM,,10/03/2023
91662,a0V6g0000064XXnEAM,,10/03/2023
91663,a0V6g0000064Y12EAE,,15/03/2023
91664,a0V6g0000064Xv5EAE,,14/03/2023
91665,a0V6g0000064XgWEAU,,13/03/2023
91666,a0V6g0000064XgmEAE,,13/03/2023
91667,a0V6g0000064XwuEAE,,15/03/2023
91668,a0V6g0000064XXoEAM,,10/03/2023
91669,a0V6g0000064XYBEA2,,10/03/2023
91670,a0V6g0000064XYCEA2,,10/03/2023
91671,a0V6g0000064Y1DEAU,,15/03/2023
91672,a0V6g0000088MYFEA2,,17/04/2023
91673,a0V6g0000064XXaEAM,,10/03/2023
91674,a0V6g0000064XYEEA2,,10/03/2023
91675,a0V6g0000064XYFEA2,,10/03/2023
91676,a0V6g0000064YBaEAM,,17/03/2023
91677,a0V6g0000064YBbEAM,,17/03/2023
91678,a0V6g0000064XgZEAU,,13/03/2023
91679,a0V6g0000064XhIEAU,,13/03/2023
91680,a0V6g0000064XWbEAM,,10/03/2023
91681,a0V6g0000064XWfEAM,,10/03/2023
91682,a0V6g0000064Y2dEAE,,15/03/2023
91683,a0V6g0000064Y2hEAE,,15/03/2023
91684,a0V6g0000088MXGEA2,,17/04/2023
91685,a0V6g0000064Y5JEAU,,16/03/2023
91686,a0V6g0000064XgpEAE,,13/03/2023
91687,a0V6g0000064XhNEAU,,13/03/2023
91688,a0V6g0000064XWhEAM,,10/03/2023
91689,a0V6g0000064Y5AEAU,,16/03/2023
91690,a0V6g0000064XugEAE,,14/03/2023
91691,a0V6g0000064Y7FEAU,,16/03/2023
91692,a0V6g0000064Y7GEAU,,16/03/2023
91693,a0V6g0000064YBBEA2,,17/03/2023
91694,a0V6g0000064XWoEAM,,10/03/2023
91695,a0V6g0000064YBMEA2,,17/03/2023
91696,a0V6g0000064Y4lEAE,,16/03/2023
91697,a0V6g0000064XfDEAU,,13/03/2023
91698,a0V6g0000064XgtEAE,,13/03/2023
91699,a0V6g0000064Y5FEAU,,16/03/2023
91700,a0V6g0000064XWpEAM,,10/03/2023
91701,a0V6g0000064Y4hEAE,,16/03/2023
91702,a0V6g0000088MXKEA2,,17/04/2023
91703,a0V6g0000088MXLEA2,,17/04/2023
91704,a0V6g0000064Xg0EAE,,13/03/2023
91705,a0V6g0000064XgKEAU,,13/03/2023
91706,a0V6g0000064Xh0EAE,,13/03/2023
91707,a0V6g0000064XYvEAM,,10/03/2023
91708,a0V6g0000088MXnEAM,,17/04/2023
91709,a0V6g0000088MY1EAM,,17/04/2023
91710,a0V6g0000088MY8EAM,,17/04/2023
91711,a0V6g0000088MYBEA2,,17/04/2023
91712,a0V6g0000064Xg4EAE,,13/03/2023
91713,a0V6g0000064XWrEAM,,10/03/2023
91714,a0V6g0000064XX1EAM,,10/03/2023
91715,a0V6g0000064XX2EAM,,10/03/2023
91716,a0V6g0000064XXyEAM,,10/03/2023
91717,a0V6g0000064Y0zEAE,,15/03/2023
91718,a0V6g0000064XWtEAM,,10/03/2023
91719,a0V6g0000064XX5EAM,,10/03/2023
91720,a0V6g0000064YBVEA2,,17/03/2023
91721,a0V6g0000064YBcEAM,,17/03/2023
91722,a0V6g0000064Xf4EAE,,13/03/2023
91723,a0V6g0000064XWPEA2,,10/03/2023
91724,a0V6g0000064XXLEA2,,10/03/2023
91725,a0V6g0000064YBeEAM,,17/03/2023
91726,a0V6g0000064XupEAE,,14/03/2023
91727,a0V6g0000088MXuEAM,,17/04/2023
91728,a0V6g0000088MXvEAM,,17/04/2023
91729,a0V6g0000088MXzEAM,,17/04/2023
91730,a0V6g0000064XfeEAE,,13/03/2023
91731,a0V6g0000064XXfEAM,,10/03/2023
91732,a0V6g0000064XY0EAM,,10/03/2023
91733,a0V6g0000064YAbEAM,,17/03/2023
91734,a0V6g0000064XghEAE,,13/03/2023
91735,a0V6g0000064Xh7EAE,,13/03/2023
91736,a0V6g0000064XhCEAU,,13/03/2023
91737,a0V6g0000064XWuEAM,,10/03/2023
91738,a0V6g0000064YB7EAM,,17/03/2023
91739,a0V6g0000064XgjEAE,,13/03/2023
91740,a0V6g0000064XjWEAU,,13/03/2023
91741,a0V6g0000064XjYEAU,,13/03/2023
91742,a0V6g0000064Xk9EAE,,13/03/2023
91743,a0V6g0000064YAiEAM,,17/03/2023
91744,a0V6g0000064XXQEA2,,10/03/2023
91745,a0V6g0000064XY2EAM,,10/03/2023
91746,a0V6g0000064YBXEA2,,17/03/2023
91747,a0V6g0000064YBYEA2,,17/03/2023
91748,a0V6g0000064Y8lEAE,,17/03/2023
91749,a0V6g0000088MxcEAE,,24/04/2023
91750,a0V6g0000088MtPEAU,,20/04/2023
91751,a0V6g0000088MtREAU,,20/04/2023
91752,a0V6g0000088MxEEAU,,20/04/2023
91753,a0V6g0000088MxpEAE,,24/04/2023
91754,a0V6g0000088MedEAE,,18/04/2023
91755,a0V6g0000088MxzEAE,,24/04/2023
91756,a0V6g0000088MyLEAU,,24/04/2023
91757,a0V6g0000064Y1AEAU,,15/03/2023
91758,a0V6g0000064XXeEAM,,10/03/2023
91759,a0V6g0000064XXgEAM,,10/03/2023
91760,a0V6g0000088MYDEA2,,17/04/2023
91761,a0V6g0000088MYEEA2,,17/04/2023
91762,a0V6g0000064YAcEAM,,17/03/2023
91763,a0V6g0000064YAeEAM,,17/03/2023
91764,a0V6g0000064YAlEAM,,17/03/2023
91765,a0V6g0000064YB6EAM,,17/03/2023
91766,a0V6g0000064Xh9EAE,,13/03/2023
91767,a0V6g0000064XhAEAU,,13/03/2023
91768,a0V6g0000064XWUEA2,,10/03/2023
91769,a0V6g0000064YBEEA2,,17/03/2023
91770,a0V6g0000064XuxEAE,,14/03/2023
91771,a0V6g0000064YBUEA2,,17/03/2023
91772,a0V6g0000064XfdEAE,,13/03/2023
91773,a0V6g0000064XhDEAU,,13/03/2023
91774,a0V6g0000064Xk8EAE,,13/03/2023
91775,a0V6g0000064Y53EAE,,16/03/2023
91776,a0V6g0000064Y54EAE,,16/03/2023
91777,a0V6g0000064YAgEAM,,17/03/2023
91778,a0V6g0000064YAhEAM,,17/03/2023
91779,a0V6g0000064YAjEAM,,17/03/2023
91780,a0V6g0000064XX7EAM,,10/03/2023
91781,a0V6g0000064XX8EAM,,10/03/2023
91782,a0V6g0000064XXREA2,,10/03/2023
91783,a0V6g0000064XY4EAM,,10/03/2023
91784,a0V6g0000064YBfEAM,,17/03/2023
91785,a0V6g0000064YBhEAM,,17/03/2023
91786,a0V6g0000064Y8qEAE,,17/03/2023
91787,a0V6g0000088MeLEAU,,18/04/2023
91788,a0V6g0000088Mt5EAE,,20/04/2023
91789,a0V6g0000088MmmEAE,,19/04/2023
91790,a0V6g0000088MtGEAU,,20/04/2023
91791,a0V6g0000088MtHEAU,,20/04/2023
91792,a0V6g0000088Mt9EAE,,20/04/2023
91793,a0V6g0000088MtJEAU,,20/04/2023
91794,a0V6g0000088MtTEAU,,20/04/2023
91795,a0V6g0000088MyNEAU,,24/04/2023
91796,a0V6g0000088MePEAU,,18/04/2023
91797,a0V6g0000088MegEAE,,18/04/2023
91798,a0V6g0000088MyhEAE,,24/04/2023
91799,a0V6g0000088MyjEAE,,24/04/2023
91800,a0V6g0000088MynEAE,,24/04/2023
91801,a0V6g0000088MypEAE,,24/04/2023
91802,a0V6g0000088MysEAE,,24/04/2023
91803,a0V6g0000088Mz2EAE,,24/04/2023
91804,a0V6g0000088Mz4EAE,,24/04/2023
91805,a0V6g0000088N0JEAU,,24/04/2023
91806,a0V6g0000088MpaEAE,,19/04/2023
91807,a0V6g0000088N0fEAE,,24/04/2023
91808,a0V6g0000088MvhEAE,,24/04/2023
91809,a0V6g0000088MYHEA2,,17/04/2023
91810,a0V6g0000088MYJEA2,,17/04/2023
91811,a0V6g0000088Mg0EAE,,18/04/2023
91812,a0V6g0000088MmsEAE,,19/04/2023
91813,a0V6g0000088Mn5EAE,,19/04/2023
91814,a0V6g0000088MnHEAU,,19/04/2023
91815,a0V6g0000088MnIEAU,,19/04/2023
91816,a0V6g0000088Md5EAE,,18/04/2023
91817,a0V6g0000088MZ9EAM,,17/04/2023
91818,a0V6g0000088MZAEA2,,17/04/2023
91819,a0V6g0000088MZJEA2,,17/04/2023
91820,a0V6g0000088Mg9EAE,,18/04/2023
91821,a0V6g0000088MxfEAE,,24/04/2023
91822,a0V6g0000088MxgEAE,,24/04/2023
91823,a0V6g0000088Mt1EAE,,20/04/2023
91824,a0V6g0000088MxmEAE,,24/04/2023
91825,a0V6g0000088Mu2EAE,,20/04/2023
91826,a0V6g0000088My0EAE,,24/04/2023
91827,a0V6g0000088My3EAE,,24/04/2023
91828,a0V6g0000088My4EAE,,24/04/2023
91829,a0V6g0000088My7EAE,,24/04/2023
91830,a0V6g0000088MZBEA2,,17/04/2023
91831,a0V6g0000088MxPEAU,,24/04/2023
91832,a0V6g0000088MxUEAU,,24/04/2023
91833,a0V6g0000088My8EAE,,24/04/2023
91834,a0V6g0000088MyFEAU,,24/04/2023
91835,a0V6g0000088MyHEAU,,24/04/2023
91836,a0V6g0000088MyOEAU,,24/04/2023
91837,a0V6g0000088MyQEAU,,24/04/2023
91838,a0V6g0000088MyTEAU,,24/04/2023
91839,a0V6g0000088MgJEAU,,18/04/2023
91840,a0V6g0000088MyVEAU,,24/04/2023
91841,a0V6g0000088MyXEAU,,24/04/2023
91842,a0V6g0000088MyYEAU,,24/04/2023
91843,a0V6g0000088MymEAE,,24/04/2023
91844,a0V6g0000088MytEAE,,24/04/2023
91845,a0V6g0000088MyvEAE,,24/04/2023
91846,a0V6g0000088MzEEAU,,24/04/2023
91847,a0V6g0000088MzFEAU,,24/04/2023
91848,a0V6g0000088MzIEAU,,24/04/2023
91849,a0V6g0000088MzJEAU,,24/04/2023
91850,a0V6g0000088MzKEAU,,24/04/2023
91851,a0V6g0000088MbEEAU,,17/04/2023
91852,a0V6g0000088MbIEAU,,17/04/2023
91853,a0V6g0000088MxQEAU,,24/04/2023
91854,a0V6g0000088MeZEAU,,18/04/2023
91855,a0V6g0000088MirEAE,,18/04/2023
91856,a0V6g0000088MpUEAU,,19/04/2023
91857,a0V6g0000088MpVEAU,,19/04/2023
91858,a0V6g0000088MpmEAE,,19/04/2023
91859,a0V6g0000088MtEEAU,,20/04/2023
91860,a0V6g0000088MxXEAU,,24/04/2023
91861,a0V6g0000088MxYEAU,,24/04/2023
91862,a0V6g0000064XgkEAE,,13/03/2023
91863,a0V6g0000064XjbEAE,,13/03/2023
91864,a0V6g0000064XjcEAE,,13/03/2023
91865,a0V6g0000064XWvEAM,,10/03/2023
91866,a0V6g0000064XXPEA2,,10/03/2023
91867,a0V6g0000064XXSEA2,,10/03/2023
91868,a0V6g0000064XuzEAE,,14/03/2023
91869,a0V6g0000064Y8ZEAU,,17/03/2023
91870,a0V6g0000064Y8nEAE,,17/03/2023
91871,a0V6g0000064Y8rEAE,,17/03/2023
91872,a0V6g0000064Y94EAE,,17/03/2023
91873,a0V6g0000088MtOEAU,,20/04/2023
91874,a0V6g0000088MppEAE,,19/04/2023
91875,a0V6g0000088MeNEAU,,18/04/2023
91876,a0V6g0000088MtQEAU,,20/04/2023
91877,a0V6g0000088MxrEAE,,24/04/2023
91878,a0V6g0000088LTtEAM,,03/04/2023
91879,a0V6g0000088LTuEAM,,03/04/2023
91880,a0V6g0000064YH7EAM,,20/03/2023
91881,a0V6g0000064YXpEAM,,23/03/2023
91882,a0V6g0000064YXqEAM,,23/03/2023
91883,a0V6g0000064YF6EAM,,20/03/2023
91884,a0V6g0000064YQREA2,,22/03/2023
91885,a0V6g0000064YXYEA2,,23/03/2023
91886,a0V6g0000064YFYEA2,,20/03/2023
91887,a0V6g0000064YGfEAM,,20/03/2023
91888,a0V6g0000064YHCEA2,,20/03/2023
91889,a0V6g0000064YXiEAM,,23/03/2023
91890,a0V6g0000064YFwEAM,,20/03/2023
91891,a0V6g0000064YHHEA2,,20/03/2023
91892,a0V6g0000064YHIEA2,,20/03/2023
91893,a0V6g0000064YQSEA2,,22/03/2023
91894,a0V6g0000064YF7EAM,,20/03/2023
91895,a0V6g0000064YG5EAM,,20/03/2023
91896,a0V6g0000064YG9EAM,,20/03/2023
91897,a0V6g0000064YKdEAM,,21/03/2023
91898,a0V6g0000064YF9EAM,,20/03/2023
91899,a0V6g0000064YGkEAM,,20/03/2023
91900,a0V6g0000064YGlEAM,,20/03/2023
91901,a0V6g0000064YQgEAM,,22/03/2023
91902,a0V6g0000088N8aEAE,,17/11/2022
91903,a0V6g0000064YvGEAU,,28/03/2023
91904,a0V6g0000064Yw4EAE,,28/03/2023
91905,a0V6g0000064Yw8EAE,,28/03/2023
91906,a0V6g0000064YwDEAU,,28/03/2023
91907,a0V6g0000064YwEEAU,,28/03/2023
91908,a0V6g0000064XUEEA2,,09/03/2023
91909,a0V6g0000064XRqEAM,,09/03/2023
91910,a0V6g0000064XRrEAM,,09/03/2023
91911,a0V6g0000064XS9EAM,,09/03/2023
91912,a0V6g0000064YlJEAU,,27/03/2023
91913,a0V6g0000064Yd8EAE,,24/03/2023
91914,a0V6g0000064Yd9EAE,,24/03/2023
91915,a0V6g0000064YdYEAU,,24/03/2023
91916,a0V6g0000088Lu1EAE,,11/04/2023
91917,a0V6g0000064YkqEAE,,27/03/2023
91918,a0V6g0000064YlhEAE,,27/03/2023
91919,a0V6g0000064YlkEAE,,27/03/2023
91920,a0V6g0000064ZMIEA2,,29/03/2023
91921,a0V6g0000064ZMPEA2,,29/03/2023
91922,a0V6g0000064ZMQEA2,,29/03/2023
91923,a0V6g0000064ZMjEAM,,29/03/2023
91924,a0V6g0000088MBnEAM,,13/04/2023
91925,a0V6g0000088MBsEAM,,13/04/2023
91926,a0V6g0000088MBzEAM,,13/04/2023
91927,a0V6g0000088MC7EAM,,13/04/2023
91928,a0V6g0000064YcpEAE,,24/03/2023
91929,a0V6g0000064YdAEAU,,24/03/2023
91930,a0V6g0000064XSpEAM,,09/03/2023
91931,a0V6g0000064XSrEAM,,09/03/2023
91932,a0V6g0000064YlKEAU,,27/03/2023
91933,a0V6g0000064ZNiEAM,,30/03/2023
91934,a0V6g0000088MC2EAM,,13/04/2023
91935,a0V6g0000088MC3EAM,,13/04/2023
91936,a0V6g0000064YcFEAU,,24/03/2023
91937,a0V6g0000064YvJEAU,,28/03/2023
91938,a0V6g0000088M54EAE,,12/04/2023
91939,a0V6g0000088MCWEA2,,13/04/2023
91940,a0V6g0000088MCXEA2,,13/04/2023
91941,a0V6g0000088MCZEA2,,13/04/2023
91942,a0V6g0000064YbnEAE,,24/03/2023
91943,a0V6g0000064YboEAE,,24/03/2023
91944,a0V6g0000064YuxEAE,,28/03/2023
91945,a0V6g0000064YvLEAU,,28/03/2023
91946,a0V6g0000088MCCEA2,,13/04/2023
91947,a0V6g0000064YdIEAU,,24/03/2023
91948,a0V6g0000064YuzEAE,,28/03/2023
91949,a0V6g0000064YvPEAU,,28/03/2023
91950,a0V6g0000064XTvEAM,,09/03/2023
91951,a0V6g0000064XRGEA2,,09/03/2023
91952,a0V6g0000064XRHEA2,,09/03/2023
91953,a0V6g0000064YlvEAE,,27/03/2023
91954,a0V6g0000064YlzEAE,,27/03/2023
91955,a0V6g0000064ZMsEAM,,29/03/2023
91956,a0V6g0000064ZMtEAM,,29/03/2023
91957,a0V6g0000064ZMxEAM,,29/03/2023
91958,a0V6g0000064ZN1EAM,,29/03/2023
91959,a0V6g0000088MC5EAM,,13/04/2023
91960,a0V6g0000088MCdEAM,,13/04/2023
91961,a0V6g0000088MX5EAM,,17/04/2023
91962,a0V6g0000064YctEAE,,24/03/2023
91963,a0V6g0000088Lu3EAE,,11/04/2023
91964,a0V6g0000064XRJEA2,,09/03/2023
91965,a0V6g0000064XRKEA2,,09/03/2023
91966,a0V6g0000064YlOEAU,,27/03/2023
91967,a0V6g0000064YBgEAM,,17/03/2023
91968,a0V6g0000064Y93EAE,,17/03/2023
91969,a0V6g0000088MpWEAU,,19/04/2023
91970,a0V6g0000088MpoEAE,,19/04/2023
91971,a0V6g0000088MxZEAU,,24/04/2023
91972,a0V6g0000088MeMEAU,,18/04/2023
91973,a0V6g0000088MpXEAU,,19/04/2023
91974,a0V6g0000088Mt6EAE,,20/04/2023
91975,a0V6g0000088MxDEAU,,20/04/2023
91976,a0V6g0000088MxqEAE,,24/04/2023
91977,a0V6g0000088MxsEAE,,24/04/2023
91978,a0V6g0000088MmoEAE,,19/04/2023
91979,a0V6g0000088MmpEAE,,19/04/2023
91980,a0V6g0000088MyZEAU,,24/04/2023
91981,a0V6g0000088MyaEAE,,24/04/2023
91982,a0V6g0000088MyrEAE,,24/04/2023
91983,a0V6g0000088Mz5EAE,,24/04/2023
91984,a0V6g0000088N0MEAU,,24/04/2023
91985,a0V6g0000088N0QEAU,,24/04/2023
91986,a0V6g0000088MeREAU,,18/04/2023
91987,a0V6g0000064YJMEA2,,20/03/2023
91988,a0V6g0000064YQNEA2,,22/03/2023
91989,a0V6g0000064YZFEA2,,23/03/2023
91990,a0V6g0000064YL9EAM,,21/03/2023
91991,a0V6g0000064YXXEA2,,23/03/2023
91992,a0V6g0000064YXaEAM,,23/03/2023
91993,a0V6g0000064YXhEAM,,23/03/2023
91994,a0V6g0000064YHDEA2,,20/03/2023
91995,a0V6g0000064YQYEA2,,22/03/2023
91996,a0V6g0000064YFtEAM,,20/03/2023
91997,a0V6g0000064YG0EAM,,20/03/2023
91998,a0V6g0000064YG1EAM,,20/03/2023
91999,a0V6g0000064YHGEA2,,20/03/2023
92000,a0V6g0000064YXcEAM,,23/03/2023
92001,a0V6g0000064YG4EAM,,20/03/2023
92002,a0V6g0000064YQfEAM,,22/03/2023
92003,a0V6g0000064YFCEA2,,20/03/2023
92004,a0V6g0000064YG6EAM,,20/03/2023
92005,a0V6g0000064YG7EAM,,20/03/2023
92006,a0V6g0000064YGjEAM,,20/03/2023
92007,a0V6g0000064YHJEA2,,20/03/2023
92008,a0V6g0000064YHKEA2,,20/03/2023
92009,a0V6g0000064YHLEA2,,20/03/2023
92010,a0V6g0000064YHNEA2,,20/03/2023
92011,a0V6g0000064YHUEA2,,20/03/2023
92012,a0V6g0000064YHVEA2,,20/03/2023
92013,a0V6g0000064YHXEA2,,20/03/2023
92014,a0V6g0000064YHaEAM,,20/03/2023
92015,a0V6g0000064YHbEAM,,20/03/2023
92016,a0V6g0000064YHcEAM,,20/03/2023
92017,a0V6g0000064YHdEAM,,20/03/2023
92018,a0V6g0000064YQlEAM,,22/03/2023
92019,a0V6g0000064YQnEAM,,22/03/2023
92020,a0V6g0000064YdXEAU,,24/03/2023
92021,a0V6g0000064Yw6EAE,,28/03/2023
92022,a0V6g0000064Yw7EAE,,28/03/2023
92023,a0V6g0000064YwGEAU,,28/03/2023
92024,a0V6g0000064XUDEA2,,09/03/2023
92025,a0V6g0000064XS8EAM,,09/03/2023
92026,a0V6g0000064ZMaEAM,,29/03/2023
92027,a0V6g0000064ZMgEAM,,29/03/2023
92028,a0V6g0000064ZMiEAM,,29/03/2023
92029,a0V6g0000088LubEAE,,11/04/2023
92030,a0V6g0000088M56EAE,,12/04/2023
92031,a0V6g0000088MGeEAM,,14/04/2023
92032,a0V6g0000088MGfEAM,,14/04/2023
92033,a0V6g0000088MGgEAM,,14/04/2023
92034,a0V6g0000088MGhEAM,,14/04/2023
92035,a0V6g0000088MGmEAM,,14/04/2023
92036,a0V6g0000088MGsEAM,,14/04/2023
92037,a0V6g0000088Lu2EAE,,11/04/2023
92038,a0V6g0000064YlfEAE,,27/03/2023
92039,a0V6g0000064YlgEAE,,27/03/2023
92040,a0V6g0000064YmDEAU,,27/03/2023
92041,a0V6g0000088LueEAE,,11/04/2023
92042,a0V6g0000088MBvEAM,,13/04/2023
92043,a0V6g0000088MC0EAM,,13/04/2023
92044,a0V6g0000088MC1EAM,,13/04/2023
92045,a0V6g0000064YcoEAE,,24/03/2023
92046,a0V6g0000064YdBEAU,,24/03/2023
92047,a0V6g0000064YbxEAE,,24/03/2023
92048,a0V6g0000064XTZEA2,,09/03/2023
92049,a0V6g0000064YlLEAU,,27/03/2023
92050,a0V6g0000064YlpEAE,,27/03/2023
92051,a0V6g0000088M52EAE,,12/04/2023
92052,a0V6g0000088MBpEAM,,13/04/2023
92053,a0V6g0000088MBuEAM,,13/04/2023
92054,a0V6g0000088MC4EAM,,13/04/2023
92055,a0V6g0000064YcqEAE,,24/03/2023
92056,a0V6g0000064Yc7EAE,,24/03/2023
92057,a0V6g0000064XTbEAM,,09/03/2023
92058,a0V6g0000064ZNwEAM,,30/03/2023
92059,a0V6g0000064ZNyEAM,,30/03/2023
92060,a0V6g0000088LuhEAE,,11/04/2023
92061,a0V6g0000088MCTEA2,,13/04/2023
92062,a0V6g0000088MCUEA2,,13/04/2023
92063,a0V6g0000088MCcEAM,,13/04/2023
92064,a0V6g0000088MCyEAM,,13/04/2023
92065,a0V6g0000064YdFEAU,,24/03/2023
92066,a0V6g0000064YblEAE,,24/03/2023
92067,a0V6g0000064YcYEAU,,24/03/2023
92068,a0V6g0000064ZMmEAM,,29/03/2023
92069,a0V6g0000088MCREA2,,13/04/2023
92070,a0V6g0000064YdcEAE,,24/03/2023
92071,a0V6g0000064YddEAE,,24/03/2023
92072,a0V6g0000088NoyEAE,,03/05/2023
92073,a0V6g0000088NpREAU,,03/05/2023
92074,a0V6g0000088NpTEAU,,03/05/2023
92075,a0V6g0000088NpUEAU,,03/05/2023
92076,a0V6g0000088NpVEAU,,03/05/2023
92077,a0V6g0000088Np3EAE,,03/05/2023
92078,a0V6g0000088Np4EAE,,03/05/2023
92079,a0V6g0000088NpbEAE,,03/05/2023
92080,a0V6g0000088NpfEAE,,03/05/2023
92081,a0V6g0000088NpgEAE,,03/05/2023
92082,a0V6g000005NnVmEAK,,10/08/2018
92083,a0V6g0000064YH8EAM,,20/03/2023
92084,a0V6g0000064YJJEA2,,20/03/2023
92085,a0V6g0000064YJNEA2,,20/03/2023
92086,a0V6g0000064YQOEA2,,22/03/2023
92087,a0V6g0000064YYyEAM,,23/03/2023
92088,a0V6g0000064YQQEA2,,22/03/2023
92089,a0V6g0000064YHAEA2,,20/03/2023
92090,a0V6g0000064YHEEA2,,20/03/2023
92091,a0V6g0000064YHFEA2,,20/03/2023
92092,a0V6g0000064YFyEAM,,20/03/2023
92093,a0V6g0000064YG2EAM,,20/03/2023
92094,a0V6g0000064YXbEAM,,23/03/2023
92095,a0V6g0000064YGgEAM,,20/03/2023
92096,a0V6g0000064YF8EAM,,20/03/2023
92097,a0V6g0000064YKoEAM,,21/03/2023
92098,a0V6g0000064YXjEAM,,23/03/2023
92099,a0V6g0000064YGiEAM,,20/03/2023
92100,a0V6g0000064YHMEA2,,20/03/2023
92101,a0V6g0000064YHOEA2,,20/03/2023
92102,a0V6g0000064YHTEA2,,20/03/2023
92103,a0V6g0000064YHWEA2,,20/03/2023
92104,a0V6g0000064YHYEA2,,20/03/2023
92105,a0V6g0000064YQhEAM,,22/03/2023
92106,a0V6g0000064YQjEAM,,22/03/2023
92107,a0V6g0000064YQoEAM,,22/03/2023
92108,a0V6g0000064Yd7EAE,,24/03/2023
92109,a0V6g0000064Yw3EAE,,28/03/2023
92110,a0V6g0000064Yw5EAE,,28/03/2023
92111,a0V6g0000064Yw9EAE,,28/03/2023
92112,a0V6g0000064YwBEAU,,28/03/2023
92113,a0V6g0000064YwCEAU,,28/03/2023
92114,a0V6g0000064YwFEAU,,28/03/2023
92115,a0V6g0000064YwHEAU,,28/03/2023
92116,a0V6g0000064XS6EAM,,09/03/2023
92117,a0V6g0000064XS7EAM,,09/03/2023
92118,a0V6g0000064XSAEA2,,09/03/2023
92119,a0V6g0000064ZMhEAM,,29/03/2023
92120,a0V6g0000088LuZEAU,,11/04/2023
92121,a0V6g0000088LucEAE,,11/04/2023
92122,a0V6g0000088MGdEAM,,14/04/2023
92123,a0V6g0000088MGjEAM,,14/04/2023
92124,a0V6g0000088MGkEAM,,14/04/2023
92125,a0V6g0000088MGlEAM,,14/04/2023
92126,a0V6g0000088MGrEAM,,14/04/2023
92127,a0V6g0000064YliEAE,,27/03/2023
92128,a0V6g0000064YljEAE,,27/03/2023
92129,a0V6g0000064YmCEAU,,27/03/2023
92130,a0V6g0000088LudEAE,,11/04/2023
92131,a0V6g0000088LufEAE,,11/04/2023
92132,a0V6g0000088M51EAE,,12/04/2023
92133,a0V6g0000088MBxEAM,,13/04/2023
92134,a0V6g0000064XSCEA2,,09/03/2023
92135,a0V6g0000064XSEEA2,,09/03/2023
92136,a0V6g0000064YlqEAE,,27/03/2023
92137,a0V6g0000064YlrEAE,,27/03/2023
92138,a0V6g0000064YlsEAE,,27/03/2023
92139,a0V6g0000064YltEAE,,27/03/2023
92140,a0V6g0000064ZMREA2,,29/03/2023
92141,a0V6g0000064ZNjEAM,,30/03/2023
92142,a0V6g0000088MBtEAM,,13/04/2023
92143,a0V6g0000064YdCEAU,,24/03/2023
92144,a0V6g0000064YvoEAE,,28/03/2023
92145,a0V6g0000064YvpEAE,,28/03/2023
92146,a0V6g0000064YmEEAU,,27/03/2023
92147,a0V6g0000064ZNxEAM,,30/03/2023
92148,a0V6g0000088MCYEA2,,13/04/2023
92149,a0V6g0000064YdHEAU,,04/07/2023
92150,a0V6g0000064YdaEAE,,24/03/2023
92151,a0V6g0000064YwgEAE,,28/03/2023
92152,a0V6g0000064YkrEAE,,27/03/2023
92153,a0V6g0000088MCKEA2,,13/04/2023
92154,a0V6g0000064YcsEAE,,24/03/2023
92155,a0V6g0000064YvqEAE,,28/03/2023
92156,a0V6g0000064YvrEAE,,28/03/2023
92157,a0V6g0000088LtdEAE,,11/04/2023
92158,a0V6g0000088LOmEAM,,24/05/2022
92159,a0V6g0000088NbkEAE,,02/05/2023
92160,a0V6g0000088Nc9EAE,,02/05/2023
92161,a0V6g0000088NWHEA2,,28/04/2023
92162,a0V6g0000088NWsEAM,,28/04/2023
92163,a0V6g0000088NWtEAM,,28/04/2023
92164,a0V6g0000088NcmEAE,,02/05/2023
92165,a0V6g0000088N4hEAE,,25/04/2023
92166,a0V6g0000088NRREA2,,27/04/2023
92167,a0V6g0000088NWLEA2,,28/04/2023
92168,a0V6g0000088NcvEAE,,02/05/2023
92169,a0V6g0000088NcoEAE,,02/05/2023
92170,a0V6g0000088NcrEAE,,02/05/2023
92171,a0V6g0000088NRTEA2,,27/04/2023
92172,a0V6g0000088NReEAM,,27/04/2023
92173,a0V6g0000088NcwEAE,,02/05/2023
92174,a0V6g0000088NfmEAE,,02/05/2023
92175,a0V6g0000088NfnEAE,,02/05/2023
92176,a0V6g0000088NfpEAE,,02/05/2023
92177,a0V6g0000088MCGEA2,,13/04/2023
92178,a0V6g0000088MCOEA2,,13/04/2023
92179,a0V6g0000088MHJEA2,,14/04/2023
92180,a0V6g0000088MHTEA2,,14/04/2023
92181,a0V6g0000088MHXEA2,,14/04/2023
92182,a0V6g0000064Yv3EAE,,28/03/2023
92183,a0V6g0000064Ym1EAE,,27/03/2023
92184,a0V6g0000064Ym3EAE,,27/03/2023
92185,a0V6g0000064Ym5EAE,,27/03/2023
92186,a0V6g0000088MCSEA2,,13/04/2023
92187,a0V6g0000088MWtEAM,,17/04/2023
92188,a0V6g0000064YdMEAU,,24/03/2023
92189,a0V6g0000064YdNEAU,,24/03/2023
92190,a0V6g0000088Lu6EAE,,11/04/2023
92191,a0V6g0000088Lu7EAE,,11/04/2023
92192,a0V6g0000088Lu9EAE,,11/04/2023
92193,a0V6g0000064XRSEA2,,09/03/2023
92194,a0V6g0000064YkHEAU,,27/03/2023
92195,a0V6g0000064YkLEAU,,27/03/2023
92196,a0V6g0000064YgVEAU,,27/03/2023
92197,a0V6g0000088MGtEAM,,14/04/2023
92198,a0V6g0000088MHCEA2,,14/04/2023
92199,a0V6g0000064Yv6EAE,,28/03/2023
92200,a0V6g0000064YvYEAU,,28/03/2023
92201,a0V6g0000064XSGEA2,,09/03/2023
92202,a0V6g0000088LuUEAU,,11/04/2023
92203,a0V6g0000064YkSEAU,,27/03/2023
92204,a0V6g0000064YlSEAU,,27/03/2023
92205,a0V6g0000088MHbEAM,,14/04/2023
92206,a0V6g0000088MJEEA2,,14/04/2023
92207,a0V6g0000088MK7EAM,,14/04/2023
92208,a0V6g0000088MK9EAM,,14/04/2023
92209,a0V6g0000088LtAEAU,,06/03/2023
92210,a0V6g0000064YvZEAU,,28/03/2023
92211,a0V6g0000064XRbEAM,,09/03/2023
92212,a0V6g0000064XSIEA2,,09/03/2023
92213,a0V6g0000088LuXEAU,,11/04/2023
92214,a0V6g0000064Yl9EAE,,27/03/2023
92215,a0V6g0000064ZNMEA2,,29/03/2023
92216,a0V6g0000064ZNtEAM,,30/03/2023
92217,a0V6g0000088MWwEAM,,17/04/2023
92218,a0V6g0000088MWxEAM,,17/04/2023
92219,a0V6g0000088M24EAE,,12/04/2023
92220,a0V6g0000088MFYEA2,,14/04/2023
92221,a0V6g0000088MFsEAM,,14/04/2023
92222,a0V6g0000088MG3EAM,,14/04/2023
92223,a0V6g0000064Yv9EAE,,28/03/2023
92224,a0V6g0000064YvfEAE,,28/03/2023
92225,a0V6g0000064YvvEAE,,28/03/2023
92226,a0V6g0000064YvwEAE,,28/03/2023
92227,a0V6g0000064YvyEAE,,28/03/2023
92228,a0V6g0000088LtoEAE,,11/04/2023
92229,a0V6g0000064XRcEAM,,09/03/2023
92230,a0V6g0000064YATEA2,,15/06/2023
92231,a0V6g0000064YkeEAE,,27/03/2023
92232,a0V6g0000064YlNEAU,,27/03/2023
92233,a0V6g0000064ZNdEAM,,30/03/2023
92234,a0V6g0000064ZOUEA2,,30/03/2023
92235,a0V6g0000088MGyEAM,,14/04/2023
92236,a0V6g0000088MH2EAM,,14/04/2023
92237,a0V6g0000088MH5EAM,,14/04/2023
92238,a0V6g0000088MHDEA2,,14/04/2023
92239,a0V6g0000088MHIEA2,,14/05/2023
92240,a0V6g0000088MHOEA2,,14/04/2023
92241,a0V6g0000088MHPEA2,,14/04/2023
92242,a0V6g0000088MHREA2,,14/04/2023
92243,a0V6g0000088M5BEAU,,12/04/2023
92244,a0V6g0000088MG4EAM,,14/04/2023
92245,a0V6g0000088MGOEA2,,14/04/2023
92246,a0V6g0000064YlEEAU,,27/03/2023
92247,a0V6g0000064YlYEAU,,27/03/2023
92248,a0V6g0000064YlaEAE,,27/03/2023
92249,a0V6g0000064ZNSEA2,,30/03/2023
92250,a0V6g0000088MG7EAM,,14/04/2023
92251,a0V6g0000088MGGEA2,,14/04/2023
92252,a0V6g0000088MGHEA2,,14/04/2023
92253,a0V6g0000088MGQEA2,,14/04/2023
92254,a0V6g0000088M4TEAU,,12/04/2023
92255,a0V6g0000088M4aEAE,,12/04/2023
92256,a0V6g0000064YviEAE,,28/03/2023
92257,a0V6g0000088LtvEAE,,11/04/2023
92258,a0V6g0000064XRlEAM,,09/03/2023
92259,a0V6g0000064XSOEA2,,09/03/2023
92260,a0V6g0000064YlcEAE,,27/03/2023
92261,a0V6g0000064Ym8EAE,,27/03/2023
92262,a0V6g0000088MX8EAM,,17/04/2023
92263,a0V6g0000088M5DEAU,,12/04/2023
92264,a0V6g0000088MFeEAM,,14/04/2023
92265,a0V6g0000088MFfEAM,,14/04/2023
92266,a0V6g0000088MFwEAM,,14/04/2023
92267,a0V6g0000088MFzEAM,,14/04/2023
92268,a0V6g0000088MG0EAM,,14/04/2023
92269,a0V6g0000088MGJEA2,,14/04/2023
92270,a0V6g0000088MGSEA2,,14/04/2023
92271,a0V6g0000088MGTEA2,,14/04/2023
92272,a0V6g0000088MGVEA2,,14/04/2023
92273,a0V6g0000088M4UEAU,,12/04/2023
92274,a0V6g0000088M4YEAU,,12/04/2023
92275,a0V6g0000088M4bEAE,,12/04/2023
92276,a0V6g0000088M4nEAE,,12/04/2023
92277,a0V6g0000088M4oEAE,,12/04/2023
92278,a0V6g0000064Yd3EAE,,24/03/2023
92279,a0V6g0000064XS0EAM,,09/03/2023
92280,a0V6g0000064XS2EAM,,09/03/2023
92281,a0V6g0000064XSPEA2,,09/03/2023
92282,a0V6g0000088MtIEAU,,20/04/2023
92283,a0V6g0000088MtaEAE,,20/04/2023
92284,a0V6g0000088MtbEAE,,20/04/2023
92285,a0V6g0000088MxFEAU,,20/04/2023
92286,a0V6g0000088MyMEAU,,24/04/2023
92287,a0V6g0000088MyiEAE,,24/04/2023
92288,a0V6g0000088Mz1EAE,,24/04/2023
92289,a0V6g0000088MzgEAE,,24/04/2023
92290,a0V6g0000088N0NEAU,,24/04/2023
92291,a0V6g0000088MvgEAE,,24/04/2023
92292,a0V6g0000088MYIEA2,,17/04/2023
92293,a0V6g0000088MYLEA2,,17/04/2023
92294,a0V6g0000088MmrEAE,,19/04/2023
92295,a0V6g0000088MepEAE,,18/04/2023
92296,a0V6g0000088Mg4EAE,,18/04/2023
92297,a0V6g0000088Mg5EAE,,18/04/2023
92298,a0V6g0000088Mg6EAE,,18/04/2023
92299,a0V6g0000064YJ0EAM,,20/03/2023
92300,a0V6g0000064YJLEA2,,20/03/2023
92301,a0V6g0000064YXWEA2,,23/03/2023
92302,a0V6g0000064YFsEAM,,20/03/2023
92303,a0V6g0000064YLAEA2,,21/03/2023
92304,a0V6g0000064YQPEA2,,22/03/2023
92305,a0V6g0000064YQXEA2,,22/03/2023
92306,a0V6g0000064YXZEA2,,23/03/2023
92307,a0V6g0000064YFXEA2,,20/03/2023
92308,a0V6g0000064YH9EAM,,20/03/2023
92309,a0V6g0000064YHBEA2,,20/03/2023
92310,a0V6g0000064YKxEAM,,21/03/2023
92311,a0V6g0000064YFvEAM,,20/03/2023
92312,a0V6g0000064YFxEAM,,20/03/2023
92313,a0V6g0000064YFzEAM,,20/03/2023
92314,a0V6g0000064YGAEA2,,20/03/2023
92315,a0V6g0000064YG3EAM,,20/03/2023
92316,a0V6g0000064YG8EAM,,20/03/2023
92317,a0V6g0000064YGhEAM,,20/03/2023
92318,a0V6g0000064YQTEA2,,22/03/2023
92319,a0V6g0000064YGmEAM,,20/03/2023
92320,a0V6g0000064YHPEA2,,20/03/2023
92321,a0V6g0000064YHQEA2,,20/03/2023
92322,a0V6g0000064YHREA2,,20/03/2023
92323,a0V6g0000064YHSEA2,,20/03/2023
92324,a0V6g0000064YHZEA2,,20/03/2023
92325,a0V6g0000064YHeEAM,,20/03/2023
92326,a0V6g0000064YQiEAM,,22/03/2023
92327,a0V6g0000064YQkEAM,,22/03/2023
92328,a0V6g0000064YQmEAM,,22/03/2023
92329,a0V6g0000064YQpEAM,,22/03/2023
92330,a0V6g0000064Yd6EAE,,24/03/2023
92331,a0V6g0000064YwAEAU,,28/03/2023
92332,a0V6g0000088LuLEAU,,11/04/2023
92333,a0V6g0000088LuMEAU,,11/04/2023
92334,a0V6g0000064YkoEAE,,27/03/2023
92335,a0V6g0000088M55EAE,,12/04/2023
92336,a0V6g0000088M57EAE,,12/04/2023
92337,a0V6g0000088MGcEAM,,14/04/2023
92338,a0V6g0000088MGiEAM,,14/04/2023
92339,a0V6g0000088MGnEAM,,14/04/2023
92340,a0V6g0000088MGoEAM,,14/04/2023
92341,a0V6g0000088MGpEAM,,14/04/2023
92342,a0V6g0000088MGqEAM,,14/04/2023
92343,a0V6g0000064XSBEA2,,09/03/2023
92344,a0V6g0000064YllEAE,,27/03/2023
92345,a0V6g0000064YlmEAE,,27/03/2023
92346,a0V6g0000064YlnEAE,,27/03/2023
92347,a0V6g0000088MBwEAM,,13/04/2023
92348,a0V6g0000088MByEAM,,13/04/2023
92349,a0V6g0000064YdZEAU,,24/03/2023
92350,a0V6g0000064XREEA2,,09/03/2023
92351,a0V6g0000064XSDEA2,,09/03/2023
92352,a0V6g0000064XSqEAM,,09/03/2023
92353,a0V6g0000064YloEAE,,27/03/2023
92354,a0V6g0000064ZMSEA2,,29/03/2023
92355,a0V6g0000064ZMkEAM,,29/03/2023
92356,a0V6g0000064ZNgEAM,,30/03/2023
92357,a0V6g0000064ZNhEAM,,30/03/2023
92358,a0V6g0000088MBoEAM,,13/04/2023
92359,a0V6g0000064YdEEAU,,24/03/2023
92360,a0V6g0000064ZNnEAM,,30/03/2023
92361,a0V6g0000088MCaEAM,,13/04/2023
92362,a0V6g0000088MCbEAM,,13/04/2023
92363,a0V6g0000088MD0EAM,,13/04/2023
92364,a0V6g0000064YbmEAE,,24/03/2023
92365,a0V6g0000064YbpEAE,,24/03/2023
92366,a0V6g0000064YvKEAU,,28/03/2023
92367,a0V6g0000064YwiEAE,,28/03/2023
92368,a0V6g0000064YluEAE,,27/03/2023
92369,a0V6g0000064ZMlEAM,,29/03/2023
92370,a0V6g0000064ZMnEAM,,29/03/2023
92371,a0V6g0000088LOlEAM,,24/05/2022
92372,a0V6g0000088NNcEAM,,27/04/2023
92373,a0V6g0000088NNdEAM,,27/04/2023
92374,a0V6g0000088NNjEAM,,27/04/2023
92375,a0V6g0000088NWIEA2,,28/04/2023
92376,a0V6g0000088NWvEAM,,28/04/2023
92377,a0V6g0000088NWwEAM,,28/04/2023
92378,a0V6g0000088NctEAE,,02/05/2023
92379,a0V6g0000088NchEAE,,02/05/2023
92380,a0V6g0000088NbREAU,,02/05/2023
92381,a0V6g0000088NVnEAM,,28/04/2023
92382,a0V6g0000088NWMEA2,,28/04/2023
92383,a0V6g0000088Nd3EAE,,02/05/2023
92384,a0V6g0000088NfrEAE,,02/05/2023
92385,a0V6g0000088NftEAE,,02/05/2023
92386,a0V6g0000088NfvEAE,,02/05/2023
92387,a0V6g0000088NfwEAE,,02/05/2023
92388,a0V6g0000088NfxEAE,,02/05/2023
92389,a0V6g0000088Ng2EAE,,02/05/2023
92390,a0V6g0000088NgAEAU,,02/05/2023
92391,a0V6g0000088NgCEAU,,02/05/2023
92392,a0V6g0000088NgDEAU,,02/05/2023
92393,a0V6g0000088NgKEAU,,02/05/2023
92394,a0V6g0000088NgMEAU,,02/05/2023
92395,a0V6g0000088NgREAU,,02/05/2023
92396,a0V6g0000088NgYEAU,,02/05/2023
92397,a0V6g0000088NgZEAU,,02/05/2023
92398,a0V6g0000088NgbEAE,,02/05/2023
92399,a0V6g0000088N4kEAE,,25/04/2023
92400,a0V6g0000088NRfEAM,,27/04/2023
92401,a0V6g0000088NgmEAE,,02/05/2023
92402,a0V6g0000088NguEAE,,02/05/2023
92403,a0V6g0000088Nh1EAE,,02/05/2023
92404,a0V6g0000088Nh2EAE,,02/05/2023
92405,a0V6g0000088Nh7EAE,,02/05/2023
92406,a0V6g0000088NhGEAU,,02/05/2023
92407,a0V6g0000088NhIEAU,,02/05/2023
92408,a0V6g0000088NhJEAU,,02/05/2023
92409,a0V6g0000088NhKEAU,,02/05/2023
92410,a0V6g0000088NVSEA2,,28/04/2023
92411,a0V6g0000088NVTEA2,,28/04/2023
92412,a0V6g0000088NVWEA2,,28/04/2023
92413,a0V6g0000088NVoEAM,,28/04/2023
92414,a0V6g0000088NWfEAM,,28/04/2023
92415,a0V6g0000088NczEAE,,02/05/2023
92416,a0V6g0000088Nd1EAE,,02/05/2023
92417,a0V6g0000088NdDEAU,,02/05/2023
92418,a0V6g0000088NeyEAE,,02/05/2023
92419,a0V6g0000088NbmEAE,,02/05/2023
92420,a0V6g0000088NWREA2,,28/04/2023
92421,a0V6g0000088NWUEA2,,28/04/2023
92422,a0V6g0000088NWjEAM,,28/04/2023
92423,a0V6g0000088Nf1EAE,,02/05/2023
92424,a0V6g0000088Nf5EAE,,02/05/2023
92425,a0V6g0000088Nf9EAE,,02/05/2023
92426,a0V6g0000088NfAEAU,,02/05/2023
92427,a0V6g0000088NfDEAU,,02/05/2023
92428,a0V6g0000088NfGEAU,,02/05/2023
92429,a0V6g0000088NfHEAU,,02/05/2023
92430,a0V6g0000088NfNEAU,,02/05/2023
92431,a0V6g0000088NfOEAU,,02/05/2023
92432,a0V6g0000088NfPEAU,,02/05/2023
92433,a0V6g0000088NfZEAU,,02/05/2023
92434,a0V6g0000088NfhEAE,,02/05/2023
92435,a0V6g0000088NfiEAE,,02/05/2023
92436,a0V6g000005NmpFEAS,,09/12/2016
92437,a0V6g000005NmpGEAS,,09/12/2016
92438,a0V6g000005Nmp7EAC,,09/12/2016
92439,a0V6g0000088MCBEA2,,13/04/2023
92440,a0V6g0000064YvOEAU,,28/03/2023
92441,a0V6g0000064YvQEAU,,28/03/2023
92442,a0V6g0000064YlyEAE,,27/03/2023
92443,a0V6g0000064ZMpEAM,,29/03/2023
92444,a0V6g0000064ZMyEAM,,29/03/2023
92445,a0V6g0000088MCEEA2,,13/04/2023
92446,a0V6g0000088MCFEA2,,13/04/2023
92447,a0V6g0000064Yv0EAE,,28/03/2023
92448,a0V6g0000088MCNEA2,,13/04/2023
92449,a0V6g0000088MHKEA2,,14/04/2023
92450,a0V6g0000088MHYEA2,,14/04/2023
92451,a0V6g0000064XU1EAM,,09/03/2023
92452,a0V6g0000064XRPEA2,,09/03/2023
92453,a0V6g0000064Ym2EAE,,27/03/2023
92454,a0V6g0000064YfxEAE,,27/03/2023
92455,a0V6g0000088MXBEA2,,08/05/2023
92456,a0V6g0000064XU3EAM,,09/03/2023
92457,a0V6g0000064YkKEAU,,27/03/2023
92458,a0V6g0000064YkMEAU,,27/03/2023
92459,a0V6g0000064YkOEAU,,27/03/2023
92460,a0V6g0000064YlREAU,,27/03/2023
92461,a0V6g0000088MHBEA2,,14/04/2023
92462,a0V6g0000064YcxEAE,,24/03/2023
92463,a0V6g0000088LuCEAU,,11/04/2023
92464,a0V6g0000064XU4EAM,,09/03/2023
92465,a0V6g0000088LuREAU,,11/04/2023
92466,a0V6g0000064Yl5EAE,,27/03/2023
92467,a0V6g0000064YlTEAU,,27/03/2023
92468,a0V6g0000064ZMYEA2,,29/03/2023
92469,a0V6g0000088MHaEAM,,14/04/2023
92470,a0V6g0000088MJFEA2,,14/04/2023
92471,a0V6g0000088MJGEA2,,14/04/2023
92472,a0V6g0000088MJKEA2,,14/04/2023
92473,a0V6g0000088MK6EAM,,14/04/2023
92474,a0V6g0000088MK8EAM,,14/04/2023
92475,a0V6g0000088MXAEA2,,17/04/2023
92476,a0V6g0000064YdjEAE,,24/03/2023
92477,a0V6g0000064YdkEAE,,24/03/2023
92478,a0V6g0000064XRZEA2,,09/03/2023
92479,a0V6g0000064YkYEAU,,27/03/2023
92480,a0V6g0000064YlBEAU,,27/03/2023
92481,a0V6g0000064YlVEAU,,27/03/2023
92482,a0V6g0000064ZNrEAM,,30/03/2023
92483,a0V6g0000064ZNsEAM,,30/03/2023
92484,a0V6g0000088MWzEAM,,17/04/2023
92485,a0V6g0000088MX2EAM,,17/04/2023
92486,a0V6g0000088M58EAE,,12/04/2023
92487,a0V6g0000088M29EAE,,12/04/2023
92488,a0V6g0000088M2AEAU,,12/04/2023
92489,a0V6g0000088MFDEA2,,14/04/2023
92490,a0V6g0000088MFXEA2,,14/04/2023
92491,a0V6g0000088MG2EAM,,14/04/2023
92492,a0V6g0000088NfqEAE,,02/05/2023
92493,a0V6g0000088NfyEAE,,02/05/2023
92494,a0V6g0000088Ng8EAE,,02/05/2023
92495,a0V6g0000088Ng9EAE,,02/05/2023
92496,a0V6g0000088NgEEAU,,02/05/2023
92497,a0V6g0000088NgFEAU,,02/05/2023
92498,a0V6g0000088NgGEAU,,02/05/2023
92499,a0V6g0000088NgIEAU,,02/05/2023
92500,a0V6g0000088NgJEAU,,02/05/2023
92501,a0V6g0000088NgOEAU,,02/05/2023
92502,a0V6g0000088NgPEAU,,02/05/2023
92503,a0V6g0000088NgQEAU,,02/05/2023
92504,a0V6g0000088NgVEAU,,02/05/2023
92505,a0V6g0000088NRWEA2,,27/04/2023
92506,a0V6g0000088NRgEAM,,27/04/2023
92507,a0V6g0000088NVREA2,,28/04/2023
92508,a0V6g0000088NDlEAM,,26/04/2023
92509,a0V6g0000088NcsEAE,,02/05/2023
92510,a0V6g0000088NgnEAE,,02/05/2023
92511,a0V6g0000088NgpEAE,,02/05/2023
92512,a0V6g0000088NgqEAE,,02/05/2023
92513,a0V6g0000088Nh0EAE,,02/05/2023
92514,a0V6g0000088NhEEAU,,02/05/2023
92515,a0V6g0000088NhFEAU,,02/05/2023
92516,a0V6g0000088NhLEAU,,02/05/2023
92517,a0V6g0000088NVUEA2,,28/04/2023
92518,a0V6g0000088NWQEA2,,28/04/2023
92519,a0V6g0000088Nd0EAE,,02/05/2023
92520,a0V6g0000088NdBEAU,,02/05/2023
92521,a0V6g0000088NdEEAU,,02/05/2023
92522,a0V6g0000088NdHEAU,,02/05/2023
92523,a0V6g0000088NdIEAU,,02/05/2023
92524,a0V6g0000088NdLEAU,,02/05/2023
92525,a0V6g0000088NezEAE,,02/05/2023
92526,a0V6g0000088NboEAE,,02/05/2023
92527,a0V6g0000088NbpEAE,,02/05/2023
92528,a0V6g0000088NWTEA2,,28/04/2023
92529,a0V6g0000088NWVEA2,,28/04/2023
92530,a0V6g0000088NcMEAU,,02/05/2023
92531,a0V6g0000088Nf3EAE,,02/05/2023
92532,a0V6g0000088Nf8EAE,,02/05/2023
92533,a0V6g0000088NfFEAU,,02/05/2023
92534,a0V6g0000088NfLEAU,,02/05/2023
92535,a0V6g0000088NfMEAU,,02/05/2023
92536,a0V6g0000088NfTEAU,,02/05/2023
92537,a0V6g0000088NfUEAU,,02/05/2023
92538,a0V6g0000088NfaEAE,,02/05/2023
92539,a0V6g0000088NfbEAE,,02/05/2023
92540,a0V6g0000088NfdEAE,,02/05/2023
92541,a0V6g0000088NffEAE,,02/05/2023
92542,a0V6g0000088NfjEAE,,02/05/2023
92543,a0V6g0000088MwVEAU,,24/04/2023
92544,a0V6g0000088MwjEAE,,01/05/2023
92545,a0V6g000005Nlz3EAC,,09/12/2016
92546,a0V6g000005Nmp6EAC,,09/12/2016
92547,a0V6g000005NlpAEAS,,09/12/2016
92548,a0V6g0000064YlxEAE,,27/03/2023
92549,a0V6g0000064ZMoEAM,,29/03/2023
92550,a0V6g0000064ZMqEAM,,29/03/2023
92551,a0V6g0000064ZMuEAM,,29/03/2023
92552,a0V6g0000064ZMvEAM,,29/03/2023
92553,a0V6g0000064ZMzEAM,,29/03/2023
92554,a0V6g0000088MC6EAM,,13/04/2023
92555,a0V6g0000088MCVEA2,,13/04/2023
92556,a0V6g0000064YdLEAU,,24/03/2023
92557,a0V6g0000064YdeEAE,,19/06/2023
92558,a0V6g0000064YvTEAU,,28/03/2023
92559,a0V6g0000064XRLEA2,,09/03/2023
92560,a0V6g0000064Yl0EAE,,27/03/2023
92561,a0V6g0000064Ym0EAE,,27/03/2023
92562,a0V6g0000064ZNoEAM,,30/03/2023
92563,a0V6g0000064ZNzEAM,,30/03/2023
92564,a0V6g0000088MHAEA2,,14/04/2023
92565,a0V6g0000088LtgEAE,,11/04/2023
92566,a0V6g0000064XU0EAM,,09/03/2023
92567,a0V6g0000064XU2EAM,,09/03/2023
92568,a0V6g0000064YfgEAE,,27/03/2023
92569,a0V6g0000088MXCEA2,,17/04/2023
92570,a0V6g0000088Lu8EAE,,11/04/2023
92571,a0V6g0000064XRREA2,,09/03/2023
92572,a0V6g0000064YkFEAU,,27/03/2023
92573,a0V6g0000064YkGEAU,,27/03/2023
92574,a0V6g0000064YkJEAU,,27/03/2023
92575,a0V6g0000064YkNEAU,,27/03/2023
92576,a0V6g0000064YkQEAU,,27/03/2023
92577,a0V6g0000064Yg9EAE,,27/03/2023
92578,a0V6g0000064YgUEAU,,27/03/2023
92579,a0V6g0000064ZMVEA2,,29/03/2023
92580,a0V6g0000064ZNpEAM,,30/03/2023
92581,a0V6g0000064ZNqEAM,,30/03/2023
92582,a0V6g0000088MX9EAM,,17/04/2023
92583,a0V6g0000088MHMEA2,,14/04/2023
92584,a0V6g0000088MHNEA2,,14/04/2023
92585,a0V6g0000064YdOEAU,,24/03/2023
92586,a0V6g0000064YdiEAE,,24/03/2023
92587,a0V6g0000064YvXEAU,,28/03/2023
92588,a0V6g0000064XSFEA2,,09/03/2023
92589,a0V6g0000064YkUEAU,,27/03/2023
92590,a0V6g0000064YkXEAU,,27/03/2023
92591,a0V6g0000064Ym6EAE,,27/03/2023
92592,a0V6g0000088MJHEA2,,14/04/2023
92593,a0V6g0000088MJJEA2,,14/04/2023
92594,a0V6g0000088MJVEA2,,14/04/2023
92595,a0V6g0000064YdPEAU,,24/03/2023
92596,a0V6g0000064XRYEA2,,09/03/2023
92597,a0V6g0000064YuyEAE,,28/03/2023
92598,a0V6g0000064XTwEAM,,09/03/2023
92599,a0V6g0000064YlwEAE,,27/03/2023
92600,a0V6g0000064ZMrEAM,,29/03/2023
92601,a0V6g0000064ZMwEAM,,29/03/2023
92602,a0V6g0000064ZN0EAM,,29/03/2023
92603,a0V6g0000064YvUEAU,,28/03/2023
92604,a0V6g0000064YvVEAU,,28/03/2023
92605,a0V6g0000088LOkEAM,,24/05/2022
92606,a0V6g0000088NNbEAM,,27/04/2023
92607,a0V6g0000088NNeEAM,,27/04/2023
92608,a0V6g0000088NbNEAU,,02/05/2023
92609,a0V6g0000088NVhEAM,,28/04/2023
92610,a0V6g0000088NWJEA2,,28/04/2023
92611,a0V6g0000088NWKEA2,,28/04/2023
92612,a0V6g0000088NWuEAM,,28/04/2023
92613,a0V6g0000088NWyEAM,,28/04/2023
92614,a0V6g0000088ND9EAM,,26/04/2023
92615,a0V6g0000088NcgEAE,,02/05/2023
92616,a0V6g0000088NciEAE,,02/05/2023
92617,a0V6g0000088NbOEAU,,02/05/2023
92618,a0V6g0000088NcuEAE,,02/05/2023
92619,a0V6g0000088N4LEAU,,25/04/2023
92620,a0V6g0000088NbSEAU,,02/05/2023
92621,a0V6g0000088NVkEAM,,28/04/2023
92622,a0V6g0000088NVlEAM,,28/04/2023
92623,a0V6g0000088NVmEAM,,28/04/2023
92624,a0V6g0000088NcpEAE,,02/05/2023
92625,a0V6g0000088Nd7EAE,,02/05/2023
92626,a0V6g0000088N4MEAU,,25/04/2023
92627,a0V6g0000088N4NEAU,,25/04/2023
92628,a0V6g0000088NBIEA2,,26/04/2023
92629,a0V6g0000088NcxEAE,,02/05/2023
92630,a0V6g0000088NflEAE,,02/05/2023
92631,a0V6g0000088Ng1EAE,,02/05/2023
92632,a0V6g0000088Ng3EAE,,02/05/2023
92633,a0V6g0000088Ng4EAE,,02/05/2023
92634,a0V6g0000088Ng7EAE,,02/05/2023
92635,a0V6g0000088NgHEAU,,02/05/2023
92636,a0V6g0000088NgSEAU,,02/05/2023
92637,a0V6g0000088NgTEAU,,02/05/2023
92638,a0V6g0000088NdAEAU,,02/05/2023
92639,a0V6g0000088NgoEAE,,02/05/2023
92640,a0V6g0000088NgrEAE,,02/05/2023
92641,a0V6g0000088NgsEAE,,02/05/2023
92642,a0V6g0000088NgtEAE,,02/05/2023
92643,a0V6g0000088NgwEAE,,02/05/2023
92644,a0V6g0000088NgyEAE,,02/05/2023
92645,a0V6g0000088Nh6EAE,,02/05/2023
92646,a0V6g0000088Nh8EAE,,02/05/2023
92647,a0V6g0000088Nh9EAE,,02/05/2023
92648,a0V6g0000088NhDEAU,,02/05/2023
92649,a0V6g0000088N4YEAU,,15/08/2023
92650,a0V6g0000088N4ZEAU,,25/04/2023
92651,a0V6g0000088N6lEAE,,25/04/2023
92652,a0V6g0000088NR4EAM,,27/04/2023
92653,a0V6g0000088NVpEAM,,28/04/2023
92654,a0V6g0000088NVsEAM,,28/04/2023
92655,a0V6g0000088NBcEAM,,26/04/2023
92656,a0V6g0000088NcIEAU,,02/05/2023
92657,a0V6g0000088NcJEAU,,02/05/2023
92658,a0V6g0000088Nd2EAE,,02/05/2023
92659,a0V6g0000088NdCEAU,,02/05/2023
92660,a0V6g0000088NdFEAU,,02/05/2023
92661,a0V6g0000088NdMEAU,,02/05/2023
92662,a0V6g0000088Nf0EAE,,02/05/2023
92663,a0V6g0000088NR5EAM,,27/04/2023
92664,a0V6g0000088NR6EAM,,27/04/2023
92665,a0V6g0000088NR7EAM,,27/04/2023
92666,a0V6g0000088NRcEAM,,27/04/2023
92667,a0V6g0000088NblEAE,,02/05/2023
92668,a0V6g0000088NVtEAM,,28/04/2023
92669,a0V6g0000088NWkEAM,,28/04/2023
92670,a0V6g0000088NcKEAU,,02/05/2023
92671,a0V6g0000088NcLEAU,,02/05/2023
92672,a0V6g0000088Nf2EAE,,02/05/2023
92673,a0V6g0000088Nf6EAE,,02/05/2023
92674,a0V6g0000088NfBEAU,,02/05/2023
92675,a0V6g0000088NfCEAU,,02/05/2023
92676,a0V6g0000088NfKEAU,,02/05/2023
92677,a0V6g0000088NfREAU,,02/05/2023
92678,a0V6g0000088NfSEAU,,02/05/2023
92679,a0V6g0000088NfVEAU,,02/05/2023
92680,a0V6g0000088NfYEAU,,02/05/2023
92681,a0V6g0000088NfeEAE,,02/05/2023
92682,a0V6g0000088NfkEAE,,02/05/2023
92683,a0V6g0000088MwDEAU,,01/05/2023
92684,a0V6g0000088LtfEAE,,11/04/2023
92685,a0V6g0000064XTzEAM,,09/03/2023
92686,a0V6g0000064XRMEA2,,09/03/2023
92687,a0V6g0000064YlPEAU,,27/03/2023
92688,a0V6g0000088MCHEA2,,13/04/2023
92689,a0V6g0000088MCMEA2,,13/04/2023
92690,a0V6g0000088MCQEA2,,13/04/2023
92691,a0V6g0000088MGwEAM,,14/04/2023
92692,a0V6g0000088MGxEAM,,14/04/2023
92693,a0V6g0000088MHSEA2,,14/04/2023
92694,a0V6g0000088MHWEA2,,14/04/2023
92695,a0V6g0000064Yv2EAE,,28/03/2023
92696,a0V6g0000064YvsEAE,,28/03/2023
92697,a0V6g0000064YlQEAU,,27/03/2023
92698,a0V6g0000064Ym4EAE,,27/03/2023
92699,a0V6g0000064YdgEAE,,24/03/2023
92700,a0V6g0000064YdhEAE,,24/03/2023
92701,a0V6g0000064YvWEAU,,28/03/2023
92702,a0V6g0000064ZNeEAM,,30/03/2023
92703,a0V6g0000088MFoEAM,,14/04/2023
92704,a0V6g0000088M4yEAE,,12/04/2023
92705,a0V6g0000088M4zEAE,,12/04/2023
92706,a0V6g0000064YdWEAU,,24/03/2023
92707,a0V6g0000064XRoEAM,,09/03/2023
92708,a0V6g0000064XS5EAM,,09/03/2023
92709,a0V6g0000064YF5EAM,,16/03/2023
92710,a0V6g0000064YldEAE,,27/03/2023
92711,a0V6g0000064ZNZEA2,,30/03/2023
92712,a0V6g0000064ZMcEAM,,29/03/2023
92713,a0V6g0000064ZMdEAM,,29/03/2023
92714,a0V6g0000088MGLEA2,,14/04/2023
92715,a0V6g0000088MGYEA2,,14/04/2023
92716,a0V6g0000088MGZEA2,,14/04/2023
92717,a0V6g0000088M4sEAE,,12/04/2023
92718,a0V6g0000088M4wEAE,,12/04/2023
92719,a0V6g0000064XfmEAE,,13/03/2023
92720,a0V6g0000064XfrEAE,,13/03/2023
92721,a0V6g0000064XhEEAU,,13/03/2023
92722,a0V6g0000064XwiEAE,,15/03/2023
92723,a0V6g0000064XwlEAE,,15/03/2023
92724,a0V6g0000064XwxEAE,,15/03/2023
92725,a0V6g0000088NNZEA2,,27/04/2023
92726,a0V6g0000088NNaEAM,,27/04/2023
92727,a0V6g0000088NNgEAM,,27/04/2023
92728,a0V6g0000088NNhEAM,,27/04/2023
92729,a0V6g0000088NNiEAM,,27/04/2023
92730,a0V6g0000088NNkEAM,,27/04/2023
92731,a0V6g0000088NbMEAU,,02/05/2023
92732,a0V6g0000088NWrEAM,,28/04/2023
92733,a0V6g0000088NWxEAM,,28/04/2023
92734,a0V6g0000088NDMEA2,,26/04/2023
92735,a0V6g0000088NDNEA2,,26/04/2023
92736,a0V6g0000088NcjEAE,,02/05/2023
92737,a0V6g0000088NckEAE,,02/05/2023
92738,a0V6g0000088NclEAE,,02/05/2023
92739,a0V6g0000088NViEAM,,28/04/2023
92740,a0V6g0000088NVjEAM,,28/04/2023
92741,a0V6g0000088NbPEAU,,02/05/2023
92742,a0V6g0000088NbQEAU,,02/05/2023
92743,a0V6g0000088NWNEA2,,28/04/2023
92744,a0V6g0000088NcnEAE,,02/05/2023
92745,a0V6g0000088NcqEAE,,02/05/2023
92746,a0V6g0000088Nd4EAE,,02/05/2023
92747,a0V6g0000088Nd5EAE,,02/05/2023
92748,a0V6g0000088Nd6EAE,,02/05/2023
92749,a0V6g0000088Nd8EAE,,02/05/2023
92750,a0V6g0000088Nd9EAE,,02/05/2023
92751,a0V6g0000088N4OEAU,,25/04/2023
92752,a0V6g0000088NRSEA2,,27/04/2023
92753,a0V6g0000088NWeEAM,,28/04/2023
92754,a0V6g0000088NfsEAE,,02/05/2023
92755,a0V6g0000088NfuEAE,,02/05/2023
92756,a0V6g0000088NfzEAE,,02/05/2023
92757,a0V6g0000088Ng0EAE,,02/05/2023
92758,a0V6g0000088Ng5EAE,,02/05/2023
92759,a0V6g0000088NgBEAU,,02/05/2023
92760,a0V6g0000088NgLEAU,,02/05/2023
92761,a0V6g0000088NgNEAU,,02/05/2023
92762,a0V6g0000088NgUEAU,,02/05/2023
92763,a0V6g0000088NgWEAU,,02/05/2023
92764,a0V6g0000088NgXEAU,,02/05/2023
92765,a0V6g0000088NgaEAE,,02/05/2023
92766,a0V6g0000088NVQEA2,,28/04/2023
92767,a0V6g0000088NgxEAE,,02/05/2023
92768,a0V6g0000088NgzEAE,,02/05/2023
92769,a0V6g0000088Nh5EAE,,02/05/2023
92770,a0V6g0000088NhAEAU,,02/05/2023
92771,a0V6g0000088NhBEAU,,02/05/2023
92772,a0V6g0000088NhCEAU,,02/05/2023
92773,a0V6g0000088NhHEAU,,02/05/2023
92774,a0V6g0000088N6UEAU,,25/04/2023
92775,a0V6g0000088N6fEAE,,25/04/2023
92776,a0V6g0000088N6nEAE,,25/04/2023
92777,a0V6g0000088NWgEAM,,28/04/2023
92778,a0V6g0000088NWhEAM,,28/04/2023
92779,a0V6g0000088NWiEAM,,28/04/2023
92780,a0V6g0000088NcyEAE,,02/05/2023
92781,a0V6g0000088NdJEAU,,02/05/2023
92782,a0V6g0000088NdKEAU,,02/05/2023
92783,a0V6g0000088NbnEAE,,02/05/2023
92784,a0V6g0000088NbqEAE,,02/05/2023
92785,a0V6g0000088NWSEA2,,28/04/2023
92786,a0V6g0000088Nf4EAE,,02/05/2023
92787,a0V6g0000088Nf7EAE,,02/05/2023
92788,a0V6g0000088NfEEAU,,02/05/2023
92789,a0V6g0000088NfIEAU,,02/05/2023
92790,a0V6g0000088NfQEAU,,02/05/2023
92791,a0V6g0000088NfXEAU,,02/05/2023
92792,a0V6g0000088NfcEAE,,02/05/2023
92793,a0V6g0000088NfgEAE,,02/05/2023
92794,a0V6g0000088Li5EAE,,17/04/2023
92795,a0V6g0000088MqjEAE,,27/04/2023
92796,a0V6g000005eVjaEAE,,09/12/2016
92797,a0V6g000005Nmp2EAC,,09/12/2016
92798,a0V6g0000088Mt7EAE,,20/04/2023
92799,a0V6g0000088MtFEAU,,20/04/2023
92800,a0V6g0000088MtSEAU,,20/04/2023
92801,a0V6g0000088My2EAE,,24/04/2023
92802,a0V6g0000088MyREAU,,24/04/2023
92803,a0V6g0000088MybEAE,,24/04/2023
92804,a0V6g0000088MyoEAE,,24/04/2023
92805,a0V6g0000088MyqEAE,,24/04/2023
92806,a0V6g0000088Mz3EAE,,24/04/2023
92807,a0V6g0000088LtjEAE,,11/04/2023
92808,a0V6g0000088LuQEAU,,11/04/2023
92809,a0V6g0000064YkIEAU,,27/03/2023
92810,a0V6g0000088MHLEA2,,14/04/2023
92811,a0V6g0000064YvtEAE,,28/03/2023
92812,a0V6g0000088LuBEAU,,11/04/2023
92813,a0V6g0000064XSHEA2,,09/03/2023
92814,a0V6g0000088LuTEAU,,11/04/2023
92815,a0V6g0000064YkTEAU,,27/03/2023
92816,a0V6g0000064YkWEAU,,27/03/2023
92817,a0V6g0000064Yl4EAE,,27/03/2023
92818,a0V6g0000064YlUEAU,,27/03/2023
92819,a0V6g0000064ZNBEA2,,29/03/2023
92820,a0V6g0000088MJDEA2,,14/04/2023
92821,a0V6g0000088MJIEA2,,14/04/2023
92822,a0V6g0000088MK1EAM,,14/04/2023
92823,a0V6g0000064XRaEAM,,09/03/2023
92824,a0V6g0000064YlAEAU,,27/03/2023
92825,a0V6g0000088MWvEAM,,17/04/2023
92826,a0V6g0000088MWyEAM,,17/04/2023
92827,a0V6g0000088MX1EAM,,17/04/2023
92828,a0V6g0000088MX3EAM,,17/04/2023
92829,a0V6g0000088M5AEAU,,12/04/2023
92830,a0V6g0000088MFCEA2,,14/04/2023
92831,a0V6g0000088MFWEA2,,14/04/2023
92832,a0V6g0000088MFZEA2,,14/04/2023
92833,a0V6g0000064YczEAE,,24/03/2023
92834,a0V6g0000064YdSEAU,,24/03/2023
92835,a0V6g0000064YdlEAE,,24/03/2023
92836,a0V6g0000064YbsEAE,,24/03/2023
92837,a0V6g0000064Yv8EAE,,28/03/2023
92838,a0V6g0000064YvuEAE,,28/03/2023
92839,a0V6g0000088LuGEAU,,11/04/2023
92840,a0V6g0000088LuHEAU,,11/04/2023
92841,a0V6g0000064XU7EAM,,09/03/2023
92842,a0V6g0000064YlWEAU,,27/03/2023
92843,a0V6g0000064ZMbEAM,,29/03/2023
92844,a0V6g0000064ZNuEAM,,30/03/2023
92845,a0V6g0000064ZOQEA2,,30/03/2023
92846,a0V6g0000088MHEEA2,,14/04/2023
92847,a0V6g0000088MHFEA2,,14/04/2023
92848,a0V6g0000088MHGEA2,,14/04/2023
92849,a0V6g0000088MHHEA2,,14/04/2023
92850,a0V6g0000088MHQEA2,,14/04/2023
92851,a0V6g0000088MHUEA2,,14/04/2023
92852,a0V6g0000088MHVEA2,,14/04/2023
92853,a0V6g0000088MFKEA2,,14/04/2023
92854,a0V6g0000088MGCEA2,,14/04/2023
92855,a0V6g0000088MGDEA2,,14/04/2023
92856,a0V6g0000064YvhEAE,,28/03/2023
92857,a0V6g0000064YvzEAE,,28/03/2023
92858,a0V6g0000064XReEAM,,09/03/2023
92859,a0V6g0000064XSNEA2,,09/03/2023
92860,a0V6g0000064YlbEAE,,27/03/2023
92861,a0V6g0000088MXDEA2,,17/04/2023
92862,a0V6g0000088MFMEA2,,14/04/2023
92863,a0V6g0000088MFdEAM,,14/04/2023
92864,a0V6g0000088MGREA2,,14/04/2023
92865,a0V6g0000064YbtEAE,,24/03/2023
92866,a0V6g0000064YvkEAE,,28/03/2023
92867,a0V6g0000064Yw1EAE,,28/03/2023
92868,a0V6g0000064XRkEAM,,09/03/2023
92869,a0V6g0000064XRnEAM,,09/03/2023
92870,a0V6g0000088MFOEA2,,14/04/2023
92871,a0V6g0000088MFPEA2,,14/04/2023
92872,a0V6g0000088MFQEA2,,14/04/2023
92873,a0V6g0000088MFvEAM,,14/04/2023
92874,a0V6g0000088MGbEAM,,14/04/2023
92875,a0V6g0000088M4ZEAU,,12/04/2023
92876,a0V6g0000088M4iEAE,,12/04/2023
92877,a0V6g0000064YdoEAE,,24/03/2023
92878,a0V6g0000064XS1EAM,,09/03/2023
92879,a0V6g0000064YkmEAE,,27/03/2023
92880,a0V6g0000064YmAEAU,,27/03/2023
92881,a0V6g0000064YmBEAU,,27/03/2023
92882,a0V6g0000064ZNVEA2,,30/03/2023
92883,a0V6g0000088MHZEA2,,14/04/2023
92884,a0V6g0000088MFVEA2,,14/04/2023
92885,a0V6g0000088MGWEA2,,14/04/2023
92886,a0V6g0000088LtyEAE,,11/04/2023
92887,a0V6g0000088LuJEAU,,11/04/2023
92888,a0V6g0000064XRpEAM,,09/03/2023
92889,a0V6g0000064XS4EAM,,09/03/2023
92890,a0V6g0000064YleEAE,,27/03/2023
92891,a0V6g0000064ZNfEAM,,30/03/2023
92892,a0V6g0000064ZNvEAM,,30/03/2023
92893,a0V6g0000088MGNEA2,,14/04/2023
92894,a0V6g0000088M4fEAE,,12/04/2023
92895,a0V6g0000088M4qEAE,,12/04/2023
92896,a0V6g0000064XfgEAE,,13/03/2023
92897,a0V6g0000064XfhEAE,,13/03/2023
92898,a0V6g0000064XfpEAE,,13/03/2023
92899,a0V6g0000064XfsEAE,,13/03/2023
92900,a0V6g0000064Y0uEAE,,15/03/2023
92901,a0V6g0000064XwjEAE,,15/03/2023
92902,a0V6g0000064XwkEAE,,15/03/2023
92903,a0V6g0000064XwrEAE,,15/03/2023
92904,a0V6g0000088MtAEAU,,20/04/2023
92905,a0V6g0000088N0nEAE,,24/04/2023
92906,a0V6g0000088N10EAE,,24/04/2023
92907,a0V6g0000088MYMEA2,,17/04/2023
92908,a0V6g0000088MYNEA2,,17/04/2023
92909,a0V6g0000088MenEAE,,18/04/2023
92910,a0V6g0000088MfyEAE,,18/04/2023
92911,a0V6g0000088MfzEAE,,18/04/2023
92912,a0V6g0000064YbqEAE,,24/03/2023
92913,a0V6g0000064Yv7EAE,,28/03/2023
92914,a0V6g0000064YvxEAE,,28/03/2023
92915,a0V6g0000088LtpEAE,,11/04/2023
92916,a0V6g0000064XRdEAM,,09/03/2023
92917,a0V6g0000064XSKEA2,,09/03/2023
92918,a0V6g0000064YlXEAU,,27/03/2023
92919,a0V6g0000088MGvEAM,,14/04/2023
92920,a0V6g0000088MH0EAM,,14/04/2023
92921,a0V6g0000088MH3EAM,,14/04/2023
92922,a0V6g0000088MH9EAM,,14/04/2023
92923,a0V6g0000088MFJEA2,,14/04/2023
92924,a0V6g0000088MFLEA2,,14/04/2023
92925,a0V6g0000088MFbEAM,,14/04/2023
92926,a0V6g0000088MFcEAM,,14/04/2023
92927,a0V6g0000088MGPEA2,,14/04/2023
92928,a0V6g0000064YdmEAE,,24/03/2023
92929,a0V6g0000064XSMEA2,,09/03/2023
92930,a0V6g0000064YlZEAU,,27/03/2023
92931,a0V6g0000088MG6EAM,,14/04/2023
92932,a0V6g0000088MGAEA2,,14/04/2023
92933,a0V6g0000088MGEEA2,,14/04/2023
92934,a0V6g0000064YvlEAE,,28/03/2023
92935,a0V6g0000064XRjEAM,,09/03/2023
92936,a0V6g0000064XRyEAM,,09/03/2023
92937,a0V6g0000088LuaEAE,,11/04/2023
92938,a0V6g0000088MX6EAM,,17/04/2023
92939,a0V6g0000088MFREA2,,14/04/2023
92940,a0V6g0000088MFgEAM,,14/04/2023
92941,a0V6g0000088MFhEAM,,14/04/2023
92942,a0V6g0000088MFyEAM,,14/04/2023
92943,a0V6g0000088MGIEA2,,14/04/2023
92944,a0V6g0000088MGUEA2,,14/04/2023
92945,a0V6g0000088MGaEAM,,14/04/2023
92946,a0V6g0000088M4XEAU,,12/04/2023
92947,a0V6g0000088M4cEAE,,12/04/2023
92948,a0V6g0000088M4hEAE,,12/04/2023
92949,a0V6g0000088M4kEAE,,12/04/2023
92950,a0V6g0000064YvmEAE,,28/03/2023
92951,a0V6g0000064XRzEAM,,09/03/2023
92952,a0V6g0000064XS3EAM,,09/03/2023
92953,a0V6g0000064XSREA2,,09/03/2023
92954,a0V6g0000088LuwEAE,,11/04/2023
92955,a0V6g0000064YkkEAE,,27/03/2023
92956,a0V6g0000064YlFEAU,,27/03/2023
92957,a0V6g0000064Ym9EAE,,27/03/2023
92958,a0V6g0000088MFSEA2,,14/04/2023
92959,a0V6g0000088MFTEA2,,14/04/2023
92960,a0V6g0000088MFUEA2,,14/04/2023
92961,a0V6g0000088MFjEAM,,14/04/2023
92962,a0V6g0000088MGXEA2,,14/04/2023
92963,a0V6g0000088M4REAU,,12/04/2023
92964,a0V6g0000088M4eEAE,,12/04/2023
92965,a0V6g0000088M4pEAE,,12/04/2023
92966,a0V6g0000064YcnEAE,,24/03/2023
92967,a0V6g0000064YbuEAE,,24/03/2023
92968,a0V6g0000088LuKEAU,,11/04/2023
92969,a0V6g0000064ZMeEAM,,29/03/2023
92970,a0V6g0000064ZMfEAM,,29/03/2023
92971,a0V6g0000088MGBEA2,,14/04/2023
92972,a0V6g0000088M4SEAU,,12/04/2023
92973,a0V6g0000088M4tEAE,,12/04/2023
92974,a0V6g0000088M4vEAE,,12/04/2023
92975,a0V6g0000064XffEAE,,13/03/2023
92976,a0V6g0000064XfnEAE,,13/03/2023
92977,a0V6g0000064XfoEAE,,13/03/2023
92978,a0V6g0000064Xg5EAE,,13/03/2023
92979,a0V6g0000064XgPEAU,,13/03/2023
92980,a0V6g0000064XwqEAE,,15/03/2023
92981,a0V6g0000064XwtEAE,,15/03/2023
92982,a0V6g0000064XwyEAE,,15/03/2023
92983,a0V6g0000064XwzEAE,,15/03/2023
92984,a0V6g0000088MnSEAU,,19/04/2023
92985,a0V6g0000088MtUEAU,,20/04/2023
92986,a0V6g0000088MtcEAE,,20/04/2023
92987,a0V6g0000088MtdEAE,,20/04/2023
92988,a0V6g0000088Mg7EAE,,18/04/2023
92989,a0V6g0000088Mg8EAE,,18/04/2023
92990,a0V6g0000088MpcEAE,,19/04/2023
92991,a0V6g0000088MszEAE,,20/04/2023
92992,a0V6g0000088MeEEAU,,18/04/2023
92993,a0V6g0000088MgAEAU,,18/04/2023
92994,a0V6g0000088MpdEAE,,19/04/2023
92995,a0V6g0000088MxlEAE,,24/04/2023
92996,a0V6g0000088MxnEAE,,24/04/2023
92997,a0V6g0000088MxoEAE,,24/04/2023
92998,a0V6g0000088MxHEAU,,24/04/2023
92999,a0V6g0000088MpgEAE,,19/04/2023
93000,a0V6g0000088MtBEAU,,20/04/2023
93001,a0V6g0000088MxtEAE,,24/04/2023
93002,a0V6g0000088MxwEAE,,24/04/2023
93003,a0V6g0000088MZHEA2,,17/04/2023
93004,a0V6g0000088MxLEAU,,24/04/2023
93005,a0V6g0000088MxNEAU,,24/04/2023
93006,a0V6g0000088MeXEAU,,18/04/2023
93007,a0V6g0000088MtKEAU,,20/04/2023
93008,a0V6g0000088My6EAE,,24/04/2023
93009,a0V6g0000088MyBEAU,,24/04/2023
93010,a0V6g0000088MyGEAU,,24/04/2023
93011,a0V6g0000088MySEAU,,24/04/2023
93012,a0V6g0000088MyUEAU,,24/04/2023
93013,a0V6g0000088MydEAE,,24/04/2023
93014,a0V6g0000088MyeEAE,,24/04/2023
93015,a0V6g0000088MtLEAU,,20/04/2023
93016,a0V6g0000088MtVEAU,,20/04/2023
93017,a0V6g0000088Mg1EAE,,18/04/2023
93018,a0V6g0000088MpbEAE,,19/04/2023
93019,a0V6g0000088Md7EAE,,18/04/2023
93020,a0V6g0000088MZDEA2,,17/04/2023
93021,a0V6g0000088MZEEA2,,17/04/2023
93022,a0V6g0000088MZKEA2,,17/04/2023
93023,a0V6g0000088MZLEA2,,17/04/2023
93024,a0V6g0000088MZMEA2,,17/04/2023
93025,a0V6g0000088MpeEAE,,19/04/2023
93026,a0V6g0000088Mt0EAE,,15/05/2023
93027,a0V6g0000088MxeEAE,,24/04/2023
93028,a0V6g0000088MxkEAE,,24/04/2023
93029,a0V6g0000088MZFEA2,,17/04/2023
93030,a0V6g0000088MxJEAU,,24/04/2023
93031,a0V6g0000088MxKEAU,,24/04/2023
93032,a0V6g0000088MxMEAU,,24/04/2023
93033,a0V6g0000088MxOEAU,,24/04/2023
93034,a0V6g0000088MeHEAU,,18/04/2023
93035,a0V6g0000088Mt2EAE,,20/04/2023
93036,a0V6g0000088Mu0EAE,,20/04/2023
93037,a0V6g0000088MxuEAE,,24/04/2023
93038,a0V6g0000088MxvEAE,,24/04/2023
93039,a0V6g0000088MxxEAE,,24/04/2023
93040,a0V6g0000088My5EAE,,24/04/2023
93041,a0V6g0000088MyCEAU,,24/04/2023
93042,a0V6g0000088MyEEAU,,24/04/2023
93043,a0V6g0000088MZCEA2,,17/04/2023
93044,a0V6g0000088MxSEAU,,24/04/2023
93045,a0V6g0000088My9EAE,,24/04/2023
93046,a0V6g0000088MyAEAU,,24/04/2023
93047,a0V6g0000088MyJEAU,,24/04/2023
93048,a0V6g0000088MycEAE,,24/04/2023
93049,a0V6g0000088MxVEAU,,24/04/2023
93050,a0V6g0000088MtMEAU,,20/04/2023
93051,a0V6g0000088MtWEAU,,20/04/2023
93052,a0V6g0000088MtYEAU,,20/04/2023
93053,a0V6g0000088MyfEAE,,24/04/2023
93054,a0V6g0000088MykEAE,,24/04/2023
93055,a0V6g0000088MyuEAE,,24/04/2023
93056,a0V6g0000088MywEAE,,24/04/2023
93057,a0V6g0000088Mz7EAE,,24/04/2023
93058,a0V6g0000088MzBEAU,,24/04/2023
93059,a0V6g0000088MzCEAU,,24/04/2023
93060,a0V6g0000088MxTEAU,,24/04/2023
93061,a0V6g0000088NozEAE,,03/05/2023
93062,a0V6g0000088NpPEAU,,03/05/2023
93063,a0V6g0000088NpSEAU,,03/05/2023
93064,a0V6g0000088Np0EAE,,03/05/2023
93065,a0V6g0000088NpZEAU,,03/05/2023
93066,a0V6g0000088NpaEAE,,03/05/2023
93067,a0V6g0000088N9qEAE,,28/04/2023
93068,a0V6g0000064Y0tEAE,,13/03/2023
93069,a0V6g0000088LQqEAM,,03/04/2023
93070,a0V6g0000088LahEAE,,04/04/2023
93071,a0V6g0000088LrfEAE,,10/04/2023
93072,a0V6g0000088LjAEAU,,06/04/2023
93073,a0V6g0000088LjBEAU,,06/04/2023
93074,a0V6g0000088LjDEAU,,06/04/2023
93075,a0V6g0000088LR6EAM,,03/04/2023
93076,a0V6g0000088LR9EAM,,03/04/2023
93077,a0V6g0000088LRAEA2,,03/04/2023
93078,a0V6g0000088LRCEA2,,03/04/2023
93079,a0V6g0000088LRFEA2,,03/04/2023
93080,a0V6g0000088LRGEA2,,03/04/2023
93081,a0V6g0000088LRIEA2,,03/04/2023
93082,a0V6g0000088LjqEAE,,06/04/2023
93083,a0V6g0000088LRVEA2,,03/04/2023
93084,a0V6g0000088LRZEA2,,03/04/2023
93085,a0V6g0000088LRfEAM,,03/04/2023
93086,a0V6g0000088LRjEAM,,03/04/2023
93087,a0V6g0000088LRmEAM,,03/04/2023
93088,a0V6g0000088LRpEAM,,03/04/2023
93089,a0V6g0000088LRzEAM,,03/04/2023
93090,a0V6g0000088LjSEAU,,06/04/2023
93091,a0V6g0000064ZmuEAE,,31/03/2023
93092,a0V6g0000088LriEAE,,10/04/2023
93093,a0V6g0000088LrkEAE,,10/04/2023
93094,a0V6g0000088LrlEAE,,10/04/2023
93095,a0V6g0000088LmlEAE,,10/04/2023
93096,a0V6g0000088LSbEAM,,03/04/2023
93097,a0V6g0000064Zn0EAE,,31/03/2023
93098,a0V6g0000088Ln4EAE,,10/04/2023
93099,a0V6g0000088LQEEA2,,03/04/2023
93100,a0V6g0000088LS4EAM,,03/04/2023
93101,a0V6g0000088LTrEAM,,03/04/2023
93102,a0V6g0000088LikEAE,,06/04/2023
93103,a0V6g0000064ZlDEAU,,31/03/2023
93104,a0V6g0000088LroEAE,,10/04/2023
93105,a0V6g0000088LrpEAE,,10/04/2023
93106,a0V6g0000088LQGEA2,,03/04/2023
93107,a0V6g0000088LS7EAM,,03/04/2023
93108,a0V6g0000064Zn1EAE,,31/03/2023
93109,a0V6g0000088LrtEAE,,10/04/2023
93110,a0V6g0000088LQSEA2,,03/04/2023
93111,a0V6g0000088LSAEA2,,03/04/2023
93112,a0V6g0000088LirEAE,,06/04/2023
93113,a0V6g0000064ZmAEAU,,31/03/2023
93114,a0V6g0000064ZmZEAU,,31/03/2023
93115,a0V6g0000064ZmaEAE,,31/03/2023
93116,a0V6g0000064Zn4EAE,,31/03/2023
93117,a0V6g0000088LrvEAE,,10/04/2023
93118,a0V6g0000088LmqEAE,,10/04/2023
93119,a0V6g0000088LnTEAU,,10/04/2023
93120,a0V6g0000088Lo1EAE,,10/04/2023
93121,a0V6g0000064ZmCEAU,,31/03/2023
93122,a0V6g0000088Lf5EAE,,05/04/2023
93123,a0V6g0000088LryEAE,,10/04/2023
93124,a0V6g0000088LmrEAE,,10/04/2023
93125,a0V6g0000088LmsEAE,,10/04/2023
93126,a0V6g0000088LmtEAE,,10/04/2023
93127,a0V6g0000088Ln9EAE,,10/04/2023
93128,a0V6g0000088LQUEA2,,03/04/2023
93129,a0V6g0000088LiwEAE,,06/04/2023
93130,a0V6g0000064Zn8EAE,,31/03/2023
93131,a0V6g0000088LoNEAU,,10/04/2023
93132,a0V6g0000088LoOEAU,,10/04/2023
93133,a0V6g0000088LoSEAU,,10/04/2023
93134,a0V6g0000088LoTEAU,,10/04/2023
93135,a0V6g0000088LoiEAE,,10/04/2023
93136,a0V6g0000088LojEAE,,10/04/2023
93137,a0V6g0000088LjlEAE,,06/04/2023
93138,a0V6g0000088LdJEAU,,05/04/2023
93139,a0V6g0000088LdLEAU,,05/04/2023
93140,a0V6g0000088LnDEAU,,10/04/2023
93141,a0V6g0000088LpYEAU,,10/04/2023
93142,a0V6g0000088LQXEA2,,03/04/2023
93143,a0V6g0000064ZmjEAE,,31/03/2023
93144,a0V6g0000088LVmEAM,,04/04/2023
93145,a0V6g0000088LmKEAU,,10/04/2023
93146,a0V6g0000088LnFEAU,,10/04/2023
93147,a0V6g0000088LqPEAU,,10/04/2023
93148,a0V6g0000088LqQEAU,,10/04/2023
93149,a0V6g0000088LQcEAM,,03/04/2023
93150,a0V6g0000088NVwEAM,,28/04/2023
93151,a0V6g0000088NX2EAM,,28/04/2023
93152,a0V6g0000088NcPEAU,,02/05/2023
93153,a0V6g0000088NcQEAU,,02/05/2023
93154,a0V6g0000088NbUEAU,,02/05/2023
93155,a0V6g0000088NBLEA2,,26/04/2023
93156,a0V6g0000088NBMEA2,,26/04/2023
93157,a0V6g0000088NBNEA2,,26/04/2023
93158,a0V6g0000088NX5EAM,,28/04/2023
93159,a0V6g0000088NXAEA2,,28/04/2023
93160,a0V6g0000088NXDEA2,,28/04/2023
93161,a0V6g0000088NXHEA2,,28/04/2023
93162,a0V6g0000088NXWEA2,,28/04/2023
93163,a0V6g0000088NbYEAU,,02/05/2023
93164,a0V6g0000088NbZEAU,,02/05/2023
93165,a0V6g0000088ND1EAM,,26/04/2023
93166,a0V6g0000088NcAEAU,,02/05/2023
93167,a0V6g0000088NcWEAU,,02/05/2023
93168,a0V6g0000088NbtEAE,,02/05/2023
93169,a0V6g0000088Nc0EAE,,02/05/2023
93170,a0V6g0000088NW3EAM,,28/04/2023
93171,a0V6g0000088NW5EAM,,28/04/2023
93172,a0V6g0000088NcBEAU,,02/05/2023
93173,a0V6g0000088NcdEAE,,02/05/2023
93174,a0V6g0000088N4aEAE,,25/04/2023
93175,a0V6g0000088NRZEA2,,27/04/2023
93176,a0V6g0000088NWmEAM,,28/04/2023
93177,a0V6g0000088Nc1EAE,,02/05/2023
93178,a0V6g0000088NBYEA2,,26/04/2023
93179,a0V6g0000088NDEEA2,,26/04/2023
93180,a0V6g0000088NDFEA2,,26/04/2023
93181,a0V6g0000088NDGEA2,,26/04/2023
93182,a0V6g0000088N4bEAE,,25/04/2023
93183,a0V6g0000088NW7EAM,,28/04/2023
93184,a0V6g0000088ND4EAM,,25/05/2023
93185,a0V6g0000088NcHEAU,,02/05/2023
93186,a0V6g0000088N4dEAE,,25/04/2023
93187,a0V6g0000088NRjEAM,,27/04/2023
93188,a0V6g0000088NRlEAM,,27/04/2023
93189,a0V6g0000088NbhEAE,,02/05/2023
93190,a0V6g0000088NRFEA2,,27/04/2023
93191,a0V6g0000088NRQEA2,,27/04/2023
93192,a0V6g0000088NSMEA2,,27/04/2023
93193,a0V6g0000088NSNEA2,,27/04/2023
93194,a0V6g0000088NSOEA2,,27/04/2023
93195,a0V6g0000088NSSEA2,,27/04/2023
93196,a0V6g0000088NNBEA2,,27/04/2023
93197,a0V6g0000088NNEEA2,,27/04/2023
93198,a0V6g0000088NNMEA2,,27/04/2023
93199,a0V6g0000088NNREA2,,27/04/2023
93200,a0V6g0000088NNTEA2,,27/04/2023
93201,a0V6g0000088NNWEA2,,27/04/2023
93202,a0V6g0000088NWqEAM,,28/04/2023
93203,a0V6g0000088NBZEA2,,26/04/2023
93204,a0V6g0000088N8ZEAU,,17/06/2022
93205,a0V6g0000088LnIEAU,,10/04/2023
93206,a0V6g0000088LnJEAU,,10/04/2023
93207,a0V6g0000088LSJEA2,,03/04/2023
93208,a0V6g0000088LnLEAU,,10/04/2023
93209,a0V6g0000088LnNEAU,,10/04/2023
93210,a0V6g0000088LnOEAU,,10/04/2023
93211,a0V6g0000088LnPEAU,,10/04/2023
93212,a0V6g0000088MFAEA2,,24/05/2023
93213,a0V6g0000064ZmnEAE,,31/03/2023
93214,a0V6g0000064ZnHEAU,,31/03/2023
93215,a0V6g0000064ZnIEAU,,31/03/2023
93216,a0V6g0000064Zl8EAE,,31/03/2023
93217,a0V6g0000088LVrEAM,,04/04/2023
93218,a0V6g0000088LnaEAE,,10/04/2023
93219,a0V6g0000088LnbEAE,,10/04/2023
93220,a0V6g0000088LniEAE,,10/04/2023
93221,a0V6g0000088LnkEAE,,10/04/2023
93222,a0V6g0000088LnpEAE,,10/04/2023
93223,a0V6g0000088LnqEAE,,10/04/2023
93224,a0V6g0000088LQkEAM,,03/04/2023
93225,a0V6g0000088LQmEAM,,03/04/2023
93226,a0V6g0000088LQnEAM,,03/04/2023
93227,a0V6g0000064XSJEA2,,09/03/2023
93228,a0V6g0000064ZNKEA2,,29/03/2023
93229,a0V6g0000088MX0EAM,,17/04/2023
93230,a0V6g0000088MX4EAM,,17/04/2023
93231,a0V6g0000088M59EAE,,12/04/2023
93232,a0V6g0000088MFaEAM,,14/04/2023
93233,a0V6g0000088MFtEAM,,14/04/2023
93234,a0V6g0000064YbrEAE,,24/03/2023
93235,a0V6g0000088LtnEAE,,11/04/2023
93236,a0V6g0000064XSLEA2,,09/03/2023
93237,a0V6g0000064ZOMEA2,,30/03/2023
93238,a0V6g0000088MGuEAM,,14/04/2023
93239,a0V6g0000088MGzEAM,,14/04/2023
93240,a0V6g0000088MH1EAM,,14/04/2023
93241,a0V6g0000088MH4EAM,,14/04/2023
93242,a0V6g0000088MH6EAM,,14/04/2023
93243,a0V6g0000088MH7EAM,,14/04/2023
93244,a0V6g0000088MH8EAM,,14/04/2023
93245,a0V6g0000088M5CEAU,,12/04/2023
93246,a0V6g0000088MFuEAM,,14/04/2023
93247,a0V6g0000088LttEAE,,11/04/2023
93248,a0V6g0000064XRxEAM,,09/03/2023
93249,a0V6g0000064ZNTEA2,,30/03/2023
93250,a0V6g0000064ZNUEA2,,30/03/2023
93251,a0V6g0000088MWsEAM,,17/04/2023
93252,a0V6g0000088MG5EAM,,14/04/2023
93253,a0V6g0000088MG8EAM,,14/04/2023
93254,a0V6g0000088MG9EAM,,14/04/2023
93255,a0V6g0000088M4PEAU,,12/04/2023
93256,a0V6g0000064YdTEAU,,24/03/2023
93257,a0V6g0000064YdUEAU,,24/03/2023
93258,a0V6g0000064YvjEAE,,28/03/2023
93259,a0V6g0000064Yw0EAE,,28/03/2023
93260,a0V6g0000064XRfEAM,,09/03/2023
93261,a0V6g0000064XRgEAM,,09/03/2023
93262,a0V6g0000064XRhEAM,,09/03/2023
93263,a0V6g0000064XRiEAM,,09/03/2023
93264,a0V6g0000064XRmEAM,,09/03/2023
93265,a0V6g0000064YkiEAE,,27/03/2023
93266,a0V6g0000088MFNEA2,,14/04/2023
93267,a0V6g0000088MFiEAM,,14/04/2023
93268,a0V6g0000088MFxEAM,,14/04/2023
93269,a0V6g0000088M4WEAU,,12/04/2023
93270,a0V6g0000088M4dEAE,,12/04/2023
93271,a0V6g0000088M4gEAE,,12/04/2023
93272,a0V6g0000088M4jEAE,,12/04/2023
93273,a0V6g0000088M4mEAE,,12/04/2023
93274,a0V6g0000064YdnEAE,,24/03/2023
93275,a0V6g0000064YvBEAU,,28/04/2023
93276,a0V6g0000064Yw2EAE,,28/03/2023
93277,a0V6g0000088LtxEAE,,11/04/2023
93278,a0V6g0000064XSQEA2,,09/03/2023
93279,a0V6g0000064YklEAE,,27/03/2023
93280,a0V6g0000064ZMOEA2,,29/03/2023
93281,a0V6g0000088MFkEAM,,14/04/2023
93282,a0V6g0000088MFlEAM,,14/04/2023
93283,a0V6g0000088MFmEAM,,14/04/2023
93284,a0V6g0000088MFnEAM,,14/04/2023
93285,a0V6g0000088MFpEAM,,14/04/2023
93286,a0V6g0000088MFqEAM,,14/04/2023
93287,a0V6g0000088MG1EAM,,14/04/2023
93288,a0V6g0000088MFrEAM,,14/04/2023
93289,a0V6g0000088MGMEA2,,14/04/2023
93290,a0V6g0000088M4rEAE,,12/04/2023
93291,a0V6g0000088M4uEAE,,12/04/2023
93292,a0V6g0000064XflEAE,,13/03/2023
93293,a0V6g0000064XfqEAE,,13/03/2023
93294,a0V6g0000064XgOEAU,,13/03/2023
93295,a0V6g0000064ZIOEA2,,05/04/2022
93296,a0V6g0000088MmjEAE,,09/01/2023
93297,a0V6g0000088Ln3EAE,,10/04/2023
93298,a0V6g0000064ZmNEAU,,31/03/2023
93299,a0V6g0000064ZmPEAU,,31/03/2023
93300,a0V6g0000088LQsEAM,,03/04/2023
93301,a0V6g0000088LQtEAM,,03/04/2023
93302,a0V6g0000088LjEEAU,,06/04/2023
93303,a0V6g0000064ZmQEAU,,31/03/2023
93304,a0V6g0000064ZlCEAU,,31/03/2023
93305,a0V6g0000064ZlKEAU,,31/03/2023
93306,a0V6g0000088LmREAU,,10/04/2023
93307,a0V6g0000088LmhEAE,,10/04/2023
93308,a0V6g0000088LQxEAM,,03/04/2023
93309,a0V6g0000088LR0EAM,,03/04/2023
93310,a0V6g0000088LR3EAM,,03/04/2023
93311,a0V6g0000088LR5EAM,,03/04/2023
93312,a0V6g0000088LR8EAM,,03/04/2023
93313,a0V6g0000088LRLEA2,,03/04/2023
93314,a0V6g0000088LROEA2,,03/04/2023
93315,a0V6g0000088LjMEAU,,06/04/2023
93316,a0V6g0000088LWTEA2,,04/04/2023
93317,a0V6g0000088LWUEA2,,04/04/2023
93318,a0V6g0000088LRREA2,,03/04/2023
93319,a0V6g0000088LRXEA2,,03/04/2023
93320,a0V6g0000088LRYEA2,,03/04/2023
93321,a0V6g0000088LRsEAM,,03/04/2023
93322,a0V6g0000088LRvEAM,,03/04/2023
93323,a0V6g0000088LS1EAM,,03/04/2023
93324,a0V6g0000088LrhEAE,,10/04/2023
93325,a0V6g0000088LmTEAU,,10/04/2023
93326,a0V6g0000088LnvEAE,,10/04/2023
93327,a0V6g0000088LjYEAU,,06/04/2023
93328,a0V6g0000088LjZEAU,,06/04/2023
93329,a0V6g0000064ZmzEAE,,31/03/2023
93330,a0V6g0000064ZlLEAU,,31/03/2023
93331,a0V6g0000088LdHEAU,,05/04/2023
93332,a0V6g0000088LmmEAE,,10/04/2023
93333,a0V6g0000064Zn2EAE,,31/03/2023
93334,a0V6g0000064ZljEAE,,31/03/2023
93335,a0V6g0000088Lf1EAE,,05/04/2023
93336,a0V6g0000088LmoEAE,,10/04/2023
93337,a0V6g0000088LmpEAE,,10/04/2023
93338,a0V6g0000088LS9EAM,,03/04/2023
93339,a0V6g0000088LisEAE,,06/04/2023
93340,a0V6g0000064ZmXEAU,,31/03/2023
93341,a0V6g0000064ZmYEAU,,31/03/2023
93342,a0V6g0000064ZmbEAE,,31/03/2023
93343,a0V6g0000088LruEAE,,10/04/2023
93344,a0V6g0000088LSDEA2,,03/04/2023
93345,a0V6g0000088LSEEA2,,03/04/2023
93346,a0V6g0000088LjeEAE,,06/04/2023
93347,a0V6g0000064ZmDEAU,,31/03/2023
93348,a0V6g0000064ZmeEAE,,31/03/2023
93349,a0V6g0000088Lf6EAE,,05/04/2023
93350,a0V6g0000088LrwEAE,,10/04/2023
93351,a0V6g0000088LSGEA2,,03/04/2023
93352,a0V6g0000088LjiEAE,,06/04/2023
93353,a0V6g0000088Ls1EAE,,10/04/2023
93354,a0V6g0000088LoMEAU,,10/04/2023
93355,a0V6g0000088LoZEAU,,10/04/2023
93356,a0V6g0000088LoeEAE,,10/04/2023
93357,a0V6g0000088LofEAE,,10/04/2023
93358,a0V6g0000088LogEAE,,10/04/2023
93359,a0V6g0000088LohEAE,,10/04/2023
93360,a0V6g0000088LjkEAE,,06/04/2023
93361,a0V6g0000064Zn9EAE,,31/03/2023
93362,a0V6g0000088LaOEAU,,04/04/2023
93363,a0V6g0000088LVjEAM,,04/04/2023
93364,a0V6g0000088Ls4EAE,,10/04/2023
93365,a0V6g0000088LmEEAU,,10/04/2023
93366,a0V6g0000088LmJEAU,,10/04/2023
93367,a0V6g0000088LpXEAU,,10/04/2023
93368,a0V6g0000088LpbEAE,,10/04/2023
93369,a0V6g0000088LQYEA2,,03/04/2023
93370,a0V6g0000088LQbEAM,,03/04/2023
93371,a0V6g0000088LizEAE,,06/04/2023
93372,a0V6g0000088LVnEAM,,04/04/2023
93373,a0V6g0000088LmvEAE,,10/04/2023
93374,a0V6g0000088LpvEAE,,10/04/2023
93375,a0V6g0000088LqIEAU,,10/04/2023
93376,a0V6g0000088LqOEAU,,10/04/2023
93377,a0V6g0000088NRXEA2,,27/04/2023
93378,a0V6g0000088NX1EAM,,28/04/2023
93379,a0V6g0000088NVxEAM,,28/04/2023
93380,a0V6g0000088NWZEA2,,28/04/2023
93381,a0V6g0000088ND0EAM,,26/04/2023
93382,a0V6g0000088NX4EAM,,28/04/2023
93383,a0V6g0000088NXCEA2,,28/04/2023
93384,a0V6g0000088NXIEA2,,28/04/2023
93385,a0V6g0000088NXKEA2,,28/04/2023
93386,a0V6g0000088NXNEA2,,28/04/2023
93387,a0V6g0000088NXREA2,,28/04/2023
93388,a0V6g0000088NXXEA2,,28/04/2023
93389,a0V6g0000088NcREAU,,02/05/2023
93390,a0V6g0000088NcSEAU,,02/05/2023
93391,a0V6g0000088NbsEAE,,02/05/2023
93392,a0V6g0000088NVbEAM,,28/04/2023
93393,a0V6g0000088NW0EAM,,28/04/2023
93394,a0V6g0000088NRKEA2,,27/04/2023
93395,a0V6g0000088NW4EAM,,28/04/2023
93396,a0V6g0000088NcbEAE,,02/05/2023
93397,a0V6g0000088NceEAE,,02/05/2023
93398,a0V6g0000088Nc5EAE,,02/05/2023
93399,a0V6g0000088NDBEA2,,26/04/2023
93400,a0V6g0000088NcCEAU,,02/05/2023
93401,a0V6g0000088NcDEAU,,02/05/2023
93402,a0V6g0000088NWnEAM,,28/04/2023
93403,a0V6g0000088ND3EAM,,26/04/2023
93404,a0V6g0000088NbgEAE,,02/05/2023
93405,a0V6g0000088NbwEAE,,02/05/2023
93406,a0V6g0000088Nc2EAE,,02/05/2023
93407,a0V6g0000088NWpEAM,,28/04/2023
93408,a0V6g0000088N4eEAE,,25/04/2023
93409,a0V6g0000088NRMEA2,,27/04/2023
93410,a0V6g0000088NRaEAM,,27/04/2023
93411,a0V6g0000088NRiEAM,,27/04/2023
93412,a0V6g0000088NRkEAM,,27/04/2023
93413,a0V6g0000088NWdEAM,,28/04/2023
93414,a0V6g0000088NSDEA2,,27/04/2023
93415,a0V6g0000088NSGEA2,,27/04/2023
93416,a0V6g0000088NSHEA2,,27/04/2023
93417,a0V6g0000088NSIEA2,,27/04/2023
93418,a0V6g0000088NSKEA2,,27/04/2023
93419,a0V6g0000088NSREA2,,27/04/2023
93420,a0V6g0000088NNAEA2,,27/04/2023
93421,a0V6g0000088NNCEA2,,27/04/2023
93422,a0V6g0000088NNOEA2,,27/04/2023
93423,a0V6g0000088NNPEA2,,27/04/2023
93424,a0V6g0000088NNQEA2,,27/04/2023
93425,a0V6g0000088ND6EAM,,26/04/2023
93426,a0V6g0000088NVEEA2,,09/02/2023
93427,a0V6g0000064ZmHEAU,,31/03/2023
93428,a0V6g0000064ZnGEAU,,31/03/2023
93429,a0V6g0000088LVoEAM,,04/04/2023
93430,a0V6g0000088LmwEAE,,10/04/2023
93431,a0V6g0000088LnKEAU,,10/04/2023
93432,a0V6g0000088LnYEAU,,10/04/2023
93433,a0V6g0000088Lj4EAE,,06/04/2023
93434,a0V6g0000088LmMEAU,,10/04/2023
93435,a0V6g0000088LmzEAE,,10/04/2023
93436,a0V6g0000088Ln1EAE,,10/04/2023
93437,a0V6g0000088MyWEAU,,24/04/2023
93438,a0V6g0000088MygEAE,,24/04/2023
93439,a0V6g0000088MylEAE,,24/04/2023
93440,a0V6g0000088MyxEAE,,24/04/2023
93441,a0V6g0000088MyzEAE,,24/04/2023
93442,a0V6g0000088Mz6EAE,,24/04/2023
93443,a0V6g0000088MzAEAU,,24/04/2023
93444,a0V6g0000088MbDEAU,,17/04/2023
93445,a0V6g0000088MxREAU,,24/04/2023
93446,a0V6g0000088Mz0EAE,,24/04/2023
93447,a0V6g0000088MzXEAU,,24/04/2023
93448,a0V6g0000088NpKEAU,,03/05/2023
93449,a0V6g0000088NpMEAU,,03/05/2023
93450,a0V6g0000088NpNEAU,,03/05/2023
93451,a0V6g0000088NpWEAU,,03/05/2023
93452,a0V6g0000088Np2EAE,,03/05/2023
93453,a0V6g0000088NpcEAE,,03/05/2023
93454,a0V6g0000088NphEAE,,03/05/2023
93455,a0V6g0000088LmbEAE,,10/04/2023
93456,a0V6g0000088LmdEAE,,10/04/2023
93457,a0V6g0000088LmeEAE,,10/04/2023
93458,a0V6g0000064ZmMEAU,,31/03/2023
93459,a0V6g0000088LreEAE,,10/04/2023
93460,a0V6g0000088LQuEAM,,03/04/2023
93461,a0V6g0000088LQwEAM,,03/04/2023
93462,a0V6g0000088LjCEAU,,06/04/2023
93463,a0V6g0000088LjHEAU,,06/04/2023
93464,a0V6g0000088LVzEAM,,04/04/2023
93465,a0V6g0000088LW0EAM,,04/04/2023
93466,a0V6g0000088LR1EAM,,03/04/2023
93467,a0V6g0000088LR4EAM,,03/04/2023
93468,a0V6g0000088LR7EAM,,03/04/2023
93469,a0V6g0000088LRDEA2,,03/04/2023
93470,a0V6g0000088LRJEA2,,03/04/2023
93471,a0V6g0000088LRKEA2,,03/04/2023
93472,a0V6g0000088LRMEA2,,03/04/2023
93473,a0V6g0000088LRPEA2,,03/04/2023
93474,a0V6g0000088LjJEAU,,06/04/2023
93475,a0V6g0000088LdNEAU,,05/04/2023
93476,a0V6g0000088Ln7EAE,,10/04/2023
93477,a0V6g0000088LRSEA2,,03/04/2023
93478,a0V6g0000088LRaEAM,,03/04/2023
93479,a0V6g0000088LRcEAM,,03/04/2023
93480,a0V6g0000088LRdEAM,,03/04/2023
93481,a0V6g0000088LRgEAM,,03/04/2023
93482,a0V6g0000088LRkEAM,,03/04/2023
93483,a0V6g0000088LRnEAM,,03/04/2023
93484,a0V6g0000088LRqEAM,,03/04/2023
93485,a0V6g0000088LRtEAM,,03/04/2023
93486,a0V6g0000088LRuEAM,,03/04/2023
93487,a0V6g0000088LRwEAM,,03/04/2023
93488,a0V6g0000064ZmTEAU,,31/03/2023
93489,a0V6g0000088LmkEAE,,10/04/2023
93490,a0V6g0000088LnuEAE,,10/04/2023
93491,a0V6g0000088LjrEAE,,06/04/2023
93492,a0V6g0000088LS6EAM,,03/04/2023
93493,a0V6g0000088LioEAE,,06/04/2023
93494,a0V6g0000088LipEAE,,06/04/2023
93495,a0V6g0000088Lf0EAE,,05/04/2023
93496,a0V6g0000088Lf2EAE,,05/04/2023
93497,a0V6g0000088LrqEAE,,10/04/2023
93498,a0V6g0000088LrrEAE,,10/04/2023
93499,a0V6g0000088LrsEAE,,10/04/2023
93500,a0V6g0000088LS8EAM,,03/04/2023
93501,a0V6g0000088LjdEAE,,06/04/2023
93502,a0V6g0000064Zn5EAE,,31/03/2023
93503,a0V6g0000064Zn6EAE,,31/03/2023
93504,a0V6g0000088LaoEAE,,04/04/2023
93505,a0V6g0000088LSCEA2,,03/04/2023
93506,a0V6g0000088LiuEAE,,06/04/2023
93507,a0V6g0000088LivEAE,,06/04/2023
93508,a0V6g0000088LlSEAU,,06/04/2023
93509,a0V6g0000064ZmdEAE,,31/03/2023
93510,a0V6g0000088Lf4EAE,,05/04/2023
93511,a0V6g0000088LrxEAE,,10/04/2023
93512,a0V6g0000088LQHEA2,,03/04/2023
93513,a0V6g0000088LSIEA2,,03/04/2023
93514,a0V6g0000088LjfEAE,,06/04/2023
93515,a0V6g0000088LjgEAE,,06/04/2023
93516,a0V6g0000064ZmFEAU,,31/03/2023
93517,a0V6g0000064ZmfEAE,,31/03/2023
93518,a0V6g0000088Ls3EAE,,10/04/2023
93519,a0V6g0000088LmuEAE,,10/04/2023
93520,a0V6g0000088LnBEAU,,10/04/2023
93521,a0V6g0000088LoIEAU,,10/04/2023
93522,a0V6g0000088LoUEAU,,10/04/2023
93523,a0V6g0000088LoVEAU,,10/04/2023
93524,a0V6g0000088LoWEAU,,10/04/2023
93525,a0V6g0000088LoaEAE,,10/04/2023
93526,a0V6g0000088LiyEAE,,06/04/2023
93527,a0V6g0000088LjmEAE,,06/04/2023
93528,a0V6g0000088LdKEAU,,05/04/2023
93529,a0V6g0000088LnCEAU,,10/04/2023
93530,a0V6g0000088LpSEAU,,10/04/2023
93531,a0V6g0000088LQZEA2,,03/04/2023
93532,a0V6g0000088LjnEAE,,06/04/2023
93533,a0V6g0000088LmLEAU,,10/04/2023
93534,a0V6g0000088LmZEAU,,10/04/2023
93535,a0V6g0000088LnGEAU,,10/04/2023
93536,a0V6g0000088LqHEAU,,10/04/2023
93537,a0V6g0000088LqUEAU,,10/04/2023
93538,a0V6g0000088Lj0EAE,,06/04/2023
93539,a0V6g0000088NVuEAM,,28/04/2023
93540,a0V6g0000088NWWEA2,,28/04/2023
93541,a0V6g0000088NWXEA2,,28/04/2023
93542,a0V6g0000088NcNEAU,,02/05/2023
93543,a0V6g0000088NcOEAU,,02/05/2023
93544,a0V6g0000088NR8EAM,,27/04/2023
93545,a0V6g0000088NbTEAU,,02/05/2023
93546,a0V6g0000088NbyEAE,,02/05/2023
93547,a0V6g0000088NVyEAM,,28/04/2023
93548,a0V6g0000088NWbEAM,,28/04/2023
93549,a0V6g0000088NX6EAM,,28/04/2023
93550,a0V6g0000088NX8EAM,,28/04/2023
93551,a0V6g0000088NXEEA2,,28/04/2023
93552,a0V6g0000088NXGEA2,,28/04/2023
93553,a0V6g0000088NXLEA2,,28/04/2023
93554,a0V6g0000088NXTEA2,,28/04/2023
93555,a0V6g0000088NXVEA2,,28/04/2023
93556,a0V6g0000088NXaEAM,,28/04/2023
93557,a0V6g0000088NRYEA2,,27/04/2023
93558,a0V6g0000088NRhEAM,,27/04/2023
93559,a0V6g0000088NbVEAU,,02/05/2023
93560,a0V6g0000088NbWEAU,,02/05/2023
93561,a0V6g0000088NbrEAE,,02/05/2023
93562,a0V6g0000088NVaEAM,,28/04/2023
93563,a0V6g0000088NVdEAM,,28/04/2023
93564,a0V6g0000088NcVEAU,,02/05/2023
93565,a0V6g0000088N4VEAU,,25/04/2023
93566,a0V6g0000088NR9EAM,,27/04/2023
93567,a0V6g0000088NcaEAE,,02/05/2023
93568,a0V6g0000088NccEAE,,02/05/2023
93569,a0V6g0000088NRLEA2,,27/04/2023
93570,a0V6g0000088NVeEAM,,28/04/2023
93571,a0V6g0000088NBXEA2,,26/04/2023
93572,a0V6g0000088NcfEAE,,02/05/2023
93573,a0V6g0000088N4BEAU,,25/04/2023
93574,a0V6g0000088NRCEA2,,27/04/2023
93575,a0V6g0000088NbcEAE,,02/05/2023
93576,a0V6g0000088NbfEAE,,02/05/2023
93577,a0V6g0000088NW6EAM,,28/04/2023
93578,a0V6g0000088ND2EAM,,26/04/2023
93579,a0V6g0000088NDDEA2,,26/04/2023
93580,a0V6g0000088NcEEAU,,02/05/2023
93581,a0V6g0000088NRDEA2,,27/04/2023
93582,a0V6g0000088NRNEA2,,27/04/2023
93583,a0V6g0000088NROEA2,,27/04/2023
93584,a0V6g0000088NRPEA2,,27/04/2023
93585,a0V6g0000088NRmEAM,,27/04/2023
93586,a0V6g0000088NRnEAM,,27/04/2023
93587,a0V6g0000088NS9EAM,,27/04/2023
93588,a0V6g0000088NVfEAM,,28/04/2023
93589,a0V6g0000088NDKEA2,,26/04/2023
93590,a0V6g0000088N4KEAU,,25/04/2023
93591,a0V6g0000088NSAEA2,,27/04/2023
93592,a0V6g0000088NSFEA2,,27/04/2023
93593,a0V6g0000088NSTEA2,,27/04/2023
93594,a0V6g0000088NN8EAM,,27/04/2023
93595,a0V6g0000088NN9EAM,,27/04/2023
93596,a0V6g0000088NNDEA2,,27/04/2023
93597,a0V6g0000088NNGEA2,,27/04/2023
93598,a0V6g0000088NNHEA2,,27/04/2023
93599,a0V6g0000088NNIEA2,,27/04/2023
93600,a0V6g0000088NNLEA2,,27/04/2023
93601,a0V6g0000088NNSEA2,,27/04/2023
93602,a0V6g0000088NNVEA2,,27/04/2023
93603,a0V6g0000088Nc7EAE,,02/05/2023
93604,a0V6g0000088Nc8EAE,,02/05/2023
93605,a0V6g0000088NVgEAM,,28/04/2023
93606,a0V6g0000088NDLEA2,,26/04/2023
93607,a0V6g0000088Lj3EAE,,06/04/2023
93608,a0V6g0000064ZnFEAU,,31/03/2023
93609,a0V6g0000088LezEAE,,05/04/2023
93610,a0V6g0000088LnHEAU,,10/04/2023
93611,a0V6g0000088LnWEAU,,10/04/2023
93612,a0V6g0000088Lj5EAE,,06/04/2023
93613,a0V6g0000088LVpEAM,,04/04/2023
93614,a0V6g0000088LVqEAM,,04/04/2023
93615,a0V6g0000088Ln0EAE,,10/04/2023
93616,a0V6g0000088LnZEAU,,10/04/2023
93617,a0V6g0000088LQfEAM,,03/04/2023
93618,a0V6g0000088LQiEAM,,03/04/2023
93619,a0V6g0000064ZmoEAE,,31/03/2023
93620,a0V6g0000088LVsEAM,,04/04/2023
93621,a0V6g0000088LnREAU,,10/04/2023
93622,a0V6g0000088LndEAE,,10/04/2023
93623,a0V6g0000088LnfEAE,,10/04/2023
93624,a0V6g0000088LngEAE,,10/04/2023
93625,a0V6g0000088LnlEAE,,10/04/2023
93626,a0V6g0000088LnrEAE,,10/04/2023
93627,a0V6g0000088LntEAE,,10/04/2023
93628,a0V6g0000088LQlEAM,,03/04/2023
93629,a0V6g0000088LQoEAM,,03/04/2023
93630,a0V6g0000088Lj7EAE,,06/04/2023
93631,a0V6g0000064ZmrEAE,,31/03/2023
93632,a0V6g0000064ZlFEAU,,31/03/2023
93633,a0V6g0000064YGDEA2,,20/03/2023
93634,a0V6g0000064YGoEAM,,20/03/2023
93635,a0V6g0000064YHfEAM,,20/03/2023
93636,a0V6g0000064YHlEAM,,20/03/2023
93637,a0V6g0000064YQrEAM,,22/03/2023
93638,a0V6g0000064YGFEA2,,20/03/2023
93639,a0V6g0000064YGJEA2,,20/03/2023
93640,a0V6g0000064YGKEA2,,20/03/2023
93641,a0V6g0000064YKyEAM,,21/03/2023
93642,a0V6g0000064YLCEA2,,21/03/2023
93643,a0V6g0000064YGMEA2,,20/03/2023
93644,a0V6g0000064YGNEA2,,20/03/2023
93645,a0V6g0000064YGtEAM,,20/03/2023
93646,a0V6g0000064YGwEAM,,20/03/2023
93647,a0V6g0000088MzjEAE,,24/04/2023
93648,a0V6g0000088MzrEAE,,24/04/2023
93649,a0V6g0000088N0OEAU,,24/04/2023
93650,a0V6g0000088N0PEAU,,24/04/2023
93651,a0V6g0000088MeQEAU,,18/04/2023
93652,a0V6g0000088MviEAE,,24/04/2023
93653,a0V6g0000088MYKEA2,,17/04/2023
93654,a0V6g0000088MeTEAU,,18/04/2023
93655,a0V6g0000088Md6EAE,,18/04/2023
93656,a0V6g0000088Mg2EAE,,18/04/2023
93657,a0V6g0000088Mg3EAE,,18/04/2023
93658,a0V6g0000088MZIEA2,,17/04/2023
93659,a0V6g0000088MpfEAE,,19/04/2023
93660,a0V6g0000088MxhEAE,,24/04/2023
93661,a0V6g0000088MxiEAE,,24/04/2023
93662,a0V6g0000088MxjEAE,,24/04/2023
93663,a0V6g0000088MZGEA2,,17/04/2023
93664,a0V6g0000088MeVEAU,,18/04/2023
93665,a0V6g0000088MeWEAU,,18/04/2023
93666,a0V6g0000088Mu3EAE,,20/04/2023
93667,a0V6g0000088My1EAE,,24/04/2023
93668,a0V6g0000088MyDEAU,,24/04/2023
93669,a0V6g0000088MgCEAU,,18/04/2023
93670,a0V6g0000088MmvEAE,,19/04/2023
93671,a0V6g0000088MmwEAE,,19/04/2023
93672,a0V6g0000088MmxEAE,,19/04/2023
93673,a0V6g0000088Mt3EAE,,20/04/2023
93674,a0V6g0000088Mt4EAE,,20/04/2023
93675,a0V6g0000088MyIEAU,,24/04/2023
93676,a0V6g0000088MyKEAU,,24/04/2023
93677,a0V6g0000088MyPEAU,,24/04/2023
93678,a0V6g0000088MeKEAU,,18/04/2023
93679,a0V6g0000088MeYEAU,,18/04/2023
93680,a0V6g0000088MmyEAE,,19/04/2023
93681,a0V6g0000088MtXEAU,,20/04/2023
93682,a0V6g0000088MyyEAE,,24/04/2023
93683,a0V6g0000088Mz8EAE,,24/04/2023
93684,a0V6g0000088Mz9EAE,,24/04/2023
93685,a0V6g0000088MzDEAU,,24/04/2023
93686,a0V6g0000088MzGEAU,,24/04/2023
93687,a0V6g0000088MzHEAU,,24/04/2023
93688,a0V6g0000088MzLEAU,,24/04/2023
93689,a0V6g0000088MeaEAE,,18/04/2023
93690,a0V6g0000088MtNEAU,,20/04/2023
93691,a0V6g0000088MtZEAU,,20/04/2023
93692,a0V6g0000088NpLEAU,,03/05/2023
93693,a0V6g0000088NpOEAU,,03/05/2023
93694,a0V6g0000088NpQEAU,,03/05/2023
93695,a0V6g0000088NovEAE,,02/05/2023
93696,a0V6g0000088Np1EAE,,03/05/2023
93697,a0V6g0000088NpXEAU,,03/05/2023
93698,a0V6g0000088NpYEAU,,03/05/2023
93699,a0V6g0000088NpdEAE,,03/05/2023
93700,a0V6g0000088NpeEAE,,03/05/2023
93701,a0V6g0000064Y0sEAE,,13/03/2023
93702,a0V6g0000088LmcEAE,,10/04/2023
93703,a0V6g0000088LmfEAE,,10/04/2023
93704,a0V6g0000088LnSEAU,,10/04/2023
93705,a0V6g0000064ZmOEAU,,31/03/2023
93706,a0V6g0000088LQrEAM,,03/04/2023
93707,a0V6g0000088LQvEAM,,03/04/2023
93708,a0V6g0000088LjFEAU,,06/04/2023
93709,a0V6g0000064ZmREAU,,31/03/2023
93710,a0V6g0000064ZlJEAU,,31/03/2023
93711,a0V6g0000088LQyEAM,,03/04/2023
93712,a0V6g0000088LQzEAM,,03/04/2023
93713,a0V6g0000088LR2EAM,,03/04/2023
93714,a0V6g0000088LRBEA2,,03/04/2023
93715,a0V6g0000088LREEA2,,03/04/2023
93716,a0V6g0000088LRHEA2,,03/04/2023
93717,a0V6g0000088LRNEA2,,03/04/2023
93718,a0V6g0000064ZmSEAU,,31/03/2023
93719,a0V6g0000088LaZEAU,,04/04/2023
93720,a0V6g0000088LrgEAE,,10/04/2023
93721,a0V6g0000088LmiEAE,,10/04/2023
93722,a0V6g0000088LRQEA2,,03/04/2023
93723,a0V6g0000088LRTEA2,,03/04/2023
93724,a0V6g0000088LRUEA2,,03/04/2023
93725,a0V6g0000088LRWEA2,,03/04/2023
93726,a0V6g0000088LRbEAM,,03/04/2023
93727,a0V6g0000088LReEAM,,03/04/2023
93728,a0V6g0000088LRhEAM,,03/04/2023
93729,a0V6g0000088LRiEAM,,03/04/2023
93730,a0V6g0000088LRlEAM,,03/04/2023
93731,a0V6g0000088LRoEAM,,03/04/2023
93732,a0V6g0000088LRrEAM,,03/04/2023
93733,a0V6g0000088LRxEAM,,03/04/2023
93734,a0V6g0000088LRyEAM,,03/04/2023
93735,a0V6g0000088LS0EAM,,03/04/2023
93736,a0V6g0000088LjQEAU,,06/04/2023
93737,a0V6g0000088LjREAU,,06/04/2023
93738,a0V6g0000088LrjEAE,,10/04/2023
93739,a0V6g0000088LrmEAE,,10/04/2023
93740,a0V6g0000088Ln8EAE,,10/04/2023
93741,a0V6g0000088LnwEAE,,10/04/2023
93742,a0V6g0000088LS2EAM,,03/04/2023
93743,a0V6g0000088LrnEAE,,10/04/2023
93744,a0V6g0000088LmUEAU,,10/04/2023
93745,a0V6g0000088LnxEAE,,10/04/2023
93746,a0V6g0000088LnyEAE,,10/04/2023
93747,a0V6g0000088LS3EAM,,03/04/2023
93748,a0V6g0000088LTmEAM,,03/04/2023
93749,a0V6g0000088LilEAE,,06/04/2023
93750,a0V6g0000064ZlEEAU,,31/03/2023
93751,a0V6g0000088Ln5EAE,,10/04/2023
93752,a0V6g0000088LS5EAM,,03/04/2023
93753,a0V6g0000088LiqEAE,,06/04/2023
93754,a0V6g0000088LjbEAE,,06/04/2023
93755,a0V6g0000064Zm9EAE,,31/03/2023
93756,a0V6g0000064ZmVEAU,,31/03/2023
93757,a0V6g0000064ZmWEAU,,31/03/2023
93758,a0V6g0000064Zn3EAE,,31/03/2023
93759,a0V6g0000064Zm2EAE,,31/03/2023
93760,a0V6g0000064Zm4EAE,,31/03/2023
93761,a0V6g0000088LdIEAU,,05/04/2023
93762,a0V6g0000088Lf3EAE,,05/04/2023
93763,a0V6g0000088LSBEA2,,03/04/2023
93764,a0V6g0000088LSFEA2,,03/04/2023
93765,a0V6g0000088LitEAE,,06/04/2023
93766,a0V6g0000088LlUEAU,,06/04/2023
93767,a0V6g0000064ZmBEAU,,31/03/2023
93768,a0V6g0000088LrzEAE,,10/04/2023
93769,a0V6g0000088Ls0EAE,,10/04/2023
93770,a0V6g0000088LmYEAU,,10/04/2023
93771,a0V6g0000088LnAEAU,,10/04/2023
93772,a0V6g0000088LSHEA2,,03/04/2023
93773,a0V6g0000088LjhEAE,,06/04/2023
93774,a0V6g0000088Lf7EAE,,05/04/2023
93775,a0V6g0000088Ls2EAE,,10/04/2023
93776,a0V6g0000088LnUEAU,,10/04/2023
93777,a0V6g0000088LnVEAU,,10/04/2023
93778,a0V6g0000088LoXEAU,,10/04/2023
93779,a0V6g0000088LoYEAU,,10/04/2023
93780,a0V6g0000088LobEAE,,10/04/2023
93781,a0V6g0000088LocEAE,,10/04/2023
93782,a0V6g0000088LodEAE,,10/04/2023
93783,a0V6g0000088LixEAE,,06/04/2023
93784,a0V6g0000088LjjEAE,,06/04/2023
93785,a0V6g0000088Ls9EAE,,10/04/2023
93786,a0V6g0000088LpgEAE,,10/04/2023
93787,a0V6g0000088LQVEA2,,03/04/2023
93788,a0V6g0000088LQWEA2,,03/04/2023
93789,a0V6g0000088LQaEAM,,03/04/2023
93790,a0V6g0000088LjoEAE,,06/04/2023
93791,a0V6g0000088LVkEAM,,04/04/2023
93792,a0V6g0000088LVlEAM,,04/04/2023
93793,a0V6g0000088Ln6EAE,,10/04/2023
93794,a0V6g0000088LnEEAU,,10/04/2023
93795,a0V6g0000088LphEAE,,10/04/2023
93796,a0V6g0000088LqREAU,,10/04/2023
93797,a0V6g0000088LqSEAU,,10/04/2023
93798,a0V6g0000088LqTEAU,,10/04/2023
93799,a0V6g0000088LQdEAM,,03/04/2023
93800,a0V6g0000088MEhEAM,,16/11/2021
93801,a0V6g0000088NVvEAM,,28/04/2023
93802,a0V6g0000088NWYEA2,,28/04/2023
93803,a0V6g0000088NX3EAM,,28/04/2023
93804,a0V6g0000088NbzEAE,,02/05/2023
93805,a0V6g0000088NVZEA2,,28/04/2023
93806,a0V6g0000088NVzEAM,,28/04/2023
93807,a0V6g0000088NWaEAM,,28/04/2023
93808,a0V6g0000088NCzEAM,,26/04/2023
93809,a0V6g0000088NX7EAM,,28/04/2023
93810,a0V6g0000088NXBEA2,,28/04/2023
93811,a0V6g0000088NXFEA2,,28/04/2023
93812,a0V6g0000088NXJEA2,,28/04/2023
93813,a0V6g0000088NXMEA2,,28/04/2023
93814,a0V6g0000088NXSEA2,,28/04/2023
93815,a0V6g0000088NXYEA2,,28/04/2023
93816,a0V6g0000088NcTEAU,,02/05/2023
93817,a0V6g0000088NcUEAU,,02/05/2023
93818,a0V6g0000088NbXEAU,,02/05/2023
93819,a0V6g0000088NbaEAE,,02/05/2023
93820,a0V6g0000088NVcEAM,,28/04/2023
93821,a0V6g0000088NW2EAM,,28/04/2023
93822,a0V6g0000088NBREA2,,26/04/2023
93823,a0V6g0000088NcXEAU,,02/05/2023
93824,a0V6g0000088NcYEAU,,02/05/2023
93825,a0V6g0000088NcZEAU,,02/05/2023
93826,a0V6g0000088N4WEAU,,25/04/2023
93827,a0V6g0000088N4XEAU,,25/04/2023
93828,a0V6g0000088NWcEAM,,28/04/2023
93829,a0V6g0000088NBVEA2,,26/04/2023
93830,a0V6g0000088NDCEA2,,26/04/2023
93831,a0V6g0000088NbdEAE,,02/05/2023
93832,a0V6g0000088NbeEAE,,02/05/2023
93833,a0V6g0000088NbuEAE,,02/05/2023
93834,a0V6g0000088NcFEAU,,02/05/2023
93835,a0V6g0000088NcGEAU,,02/05/2023
93836,a0V6g0000088NbvEAE,,02/05/2023