_CustomObjectKey,ID_PROPOSTA,ID_PLANO,STATUS
266570,45319812,A60PM,Paga
266571,45319813,B36PM,Paga
266572,45319815,A48PM,Paga
266573,45319820,A36PM,Paga
266574,45319822,C48PM,Paga
266575,45319824,B48PU,Paga
266576,45319825,C48PM,N�o Paga
266577,45319826,PUC24,Paga
266578,45319827,B36PU,Paga
266579,45319828,A60PM,Paga
266580,45319830,A60PM,Paga
266581,45319833,A36PM,Paga
266582,45319834,B36PU,Paga
266583,45319839,A48PU,Paga
266584,45319841,A60PM,Paga
266585,45319844,B36PU,Paga
266586,45319845,A60PM,Paga
266587,45319846,A48PU,Paga
266588,45319848,C48PM,N�o Paga
266589,45319852,A60PM,Paga
266590,45319853,A48PM,Paga
266591,45319854,A48PU,Paga
266592,45319855,PUA24,Paga
266593,45319856,PUA24,Paga
266594,45319857,A48PU,Paga
266595,45319858,A36PM,Paga
266596,45319859,A60PM,Paga
266597,45319863,A60PM,Paga
266598,45319864,A60PM,Paga
266599,45320513,PUA24,Paga
266600,45320514,A60PM,Paga
266601,45320515,A60PM,Paga
266602,45320516,A60PM,Paga
266603,45320517,A60PM,Paga
266604,45320519,A60PM,N�o Paga
266605,45320520,A60PM,Paga
266606,45320521,A60PM,Paga
266607,45320523,A48PM,Paga
266608,45320526,A60PM,Paga
266609,45320527,A60PM,Paga
266610,45320529,PUA48,Paga
266611,45320531,A48PM,Paga
266612,45320532,PUA24,Paga
266613,45320533,A48PM,Paga
266614,45320535,PUB24,Paga
266615,45320536,A60PM,Paga
266616,45320537,B48PU,Paga
266617,45320539,A36PM,Paga
266618,45320542,B36PM,Paga
266619,45320545,PUA24,Paga
266620,45320546,B48PU,Paga
266621,45320547,A60PM,Paga
266622,45320548,B48PM,Paga
266623,45320549,A60PM,N�o Paga
266624,45320550,C48PM,Paga
266625,45320551,A60PM,Paga
266626,45321227,A48PU,Paga
266627,45321229,A60PM,Paga
266628,45321230,A60PM,N�o Paga
266629,45321231,A48PU,Paga
266630,45321233,A60PM,Paga
266631,45321234,A60PM,Paga
266632,45321235,A60PM,Paga
266633,45321236,PUC24,Paga
266634,45321238,A60PM,Paga
266635,45321239,A60PM,Paga
266636,45321240,A48PU,Paga
266637,45321241,A60PM,Paga
266638,45321245,A60PM,Paga
266639,45321246,A60PM,Paga
266640,45321247,A48PM,Paga
266641,45321249,PUD36,Paga
266642,45321250,A60PM,Paga
266643,45321251,A48PM,Paga
266644,45321253,A60PM,Paga
266645,45321254,A60PM,Paga
266646,45321255,A60PM,Paga
266647,45321256,C48PM,Paga
266648,45321257,PUA12,Paga
266649,45321258,A60PM,Paga
266650,45321262,A60PM,N�o Paga
266651,45321263,A48PM,Paga
266652,45321264,A60PM,Paga
266653,45321266,A48PU,Paga
266654,45321267,A48PM,Paga
266655,45321271,A60PM,Paga
266656,45321922,A60PM,Paga
266657,45321923,A48PM,Paga
266658,45321927,A48PM,Paga
266659,45321928,A60PM,Paga
266660,45321929,A60PM,Paga
266661,45321930,A60PM,Paga
266662,45321931,C48PM,Paga
266663,45321934,A60PM,Paga
266664,45321935,A48PM,Paga
266665,45321936,A60PM,Paga
266666,45321937,A60PM,Paga
266667,45321939,A60PM,Paga
266668,45321940,A60PM,Paga
266669,45321943,A36PU,Paga
266670,45321944,A48PM,Paga
266671,45321946,A60PM,Paga
266672,45321948,A60PM,Paga
266673,45321949,A36PM,Paga
266674,45321951,A60PM,Paga
266675,45321953,A36PU,Paga
266676,45321954,A60PM,Paga
266677,45321955,A60PM,Paga
266678,45321957,A48PM,Paga
266679,45321958,A36PU,Paga
266680,45321961,A60PM,Paga
266681,45321962,A60PM,N�o Paga
266682,45321963,A60PM,Paga
266683,45322628,A48PM,Paga
266684,45322629,PUA24,Paga
266685,45322630,A60PM,Paga
266686,45322631,A48PM,Paga
266687,45322635,A36PM,Paga
266688,45322637,A60PM,Paga
266689,45322639,A60PM,Paga
266690,45322640,A48PM,Paga
266691,45322643,A48PU,Paga
266692,45322644,A48PM,Paga
266693,45322647,A60PM,Paga
266694,45322648,A60PM,Paga
266695,45322649,A60PM,Paga
266696,45322650,A60PM,Paga
266697,45322653,PUA24,Paga
266698,45322654,A60PM,Paga
266699,45322655,A48PM,Paga
266700,45322656,A48PU,Paga
266701,45322657,A60PM,Paga
266702,45322659,A60PM,Paga
266703,45322662,B60PM,Paga
266704,45322663,A60PM,Paga
266705,45322664,A36PU,Paga
266706,45322665,A60PM,Paga
266707,45322667,A60PM,Paga
266708,45322668,PUB48,Paga
266709,45322669,A60PM,Paga
266710,45322670,C48PM,Paga
266711,45322671,A48PM,Paga
266712,45323211,A60PM,Paga
266713,45323215,A60PM,Paga
266714,45323217,A60PM,Paga
266715,45323219,A60PM,Paga
266716,45323220,A60PM,Paga
266717,45323224,A60PM,Paga
266718,45323225,A60PM,Paga
266719,45323226,A60PM,Paga
266720,45323229,PUA24,Paga
266721,45323230,A60PM,Paga
266722,45323231,A60PM,Paga
266723,45323232,A60PM,Paga
266724,45323233,A60PM,Paga
266725,45323234,A60PM,Paga
266726,45323235,A48PM,Paga
266727,45323237,A48PU,Paga
266728,45323238,A60PM,Paga
266729,45323239,A60PM,Paga
266730,45323242,A60PM,Paga
266731,45323244,PUA24,Paga
266732,45323246,A60PM,Paga
266733,45323250,B36PU,Paga
266734,45323251,A60PM,Paga
266735,45323252,A60PM,Paga
266736,45323253,PUA48,Paga
266737,45323254,A60PM,Paga
266738,45323255,PUB24,Paga
266739,45323923,A60PM,Paga
266740,45323924,A60PM,Paga
266741,45323925,A48PM,Paga
266742,45323927,A48PM,Paga
266743,45323928,PUA24,Paga
266744,45323929,A60PM,Paga
266745,45323930,A60PM,Paga
266746,45323931,B36PU,Paga
266747,45323933,A48PM,Paga
266748,45323936,A60PM,Paga
266749,45323938,A60PM,Paga
266750,45323939,A60PM,Paga
266751,45323940,A60PM,Paga
266752,45323941,C48PM,Paga
266753,45323943,A60PM,Paga
266754,45323945,A48PM,Paga
266755,45323946,A48PM,Paga
266756,45323948,A60PM,Paga
266757,45323949,B48PM,Paga
266758,45323950,A60PM,N�o Paga
266759,45323951,PUA24,Paga
266760,45323954,C36PM,Paga
266761,45323955,A48PM,Paga
266762,45323958,A60PM,Paga
266763,45323959,A60PM,Paga
266764,45323960,A48PM,Paga
266765,45323961,PUA12,Paga
266766,45324635,A60PM,Paga
266767,45324636,A48PM,Paga
266768,45324637,A60PM,Paga
266769,45324638,A60PM,Paga
266770,45324641,A60PM,Paga
266771,45324642,PUB24,Paga
266772,45324643,A48PM,Paga
266773,45324645,A48PM,Paga
266774,45324647,A60PM,Paga
266775,45324648,A48PM,Paga
266776,45324650,C48PM,Paga
266777,45324651,A60PM,Paga
266778,45324653,A48PM,Paga
266779,45324654,C60PM,Paga
266780,45324656,PUH48,Paga
266781,45324657,A48PM,Paga
266782,45324658,A48PU,Paga
266783,45324659,B36PU,Paga
266784,45324662,A48PM,Paga
266785,45324663,A60PM,Paga
266786,45324665,A36PU,Paga
266787,45324671,A60PM,Paga
266788,45324672,A60PM,Paga
266789,45324673,A48PM,Paga
266790,45324674,C60PM,Paga
266791,45324675,A60PM,Paga
266792,45324677,A48PM,Paga
266793,45325362,A48PM,Paga
266794,45325363,A48PU,Paga
266795,45325365,A60PM,Paga
266796,45325366,PUE36,Paga
266797,45325367,PUB12,Paga
266798,45325368,A60PM,Paga
266799,45325369,A60PM,Cancelada pelo OTC
266800,45325371,B60PM,Paga
266801,45325372,A60PM,Paga
266802,45325373,A48PM,Paga
266803,45325375,A36PU,Paga
266804,45325376,PUA24,Paga
266805,45325380,A60PM,Paga
266806,45325382,A60PM,Paga
266807,45325383,A48PU,Paga
266808,45325384,PUC24,Paga
266809,45325385,A60PM,Paga
266810,45325387,A60PM,Paga
266811,45325389,A60PM,Paga
266812,45325390,A60PM,Paga
266813,45325391,A48PM,Paga
266814,45325393,A60PM,Paga
266815,45325395,A60PM,Paga
266816,45325399,A60PM,Paga
266817,45325400,A60PM,Paga
266818,45326102,A48PU,Paga
266819,45326103,A48PU,Paga
266820,45326104,A48PU,Paga
266821,45326105,A48PU,Paga
266822,45326106,A48PU,Paga
266823,45326107,A48PU,Paga
266824,45326108,A48PU,Paga
266825,45326109,A48PU,Paga
266826,45326115,PUC12,Paga
266827,45326116,PUC12,Paga
266828,45326117,PUC12,Paga
266829,45326118,PUC12,Paga
266830,45326119,B48PU,Paga
266831,45326120,B48PU,Paga
266832,45326131,A60PM,Paga
266833,45326132,A60PM,Paga
266834,45326133,A48PU,Paga
266835,45326134,A48PU,Paga
266836,45326135,A48PU,Paga
266837,45326136,A60PM,Paga
266838,45326137,A60PM,Paga
266839,45319488,A60PM,Paga
266840,45319490,A60PM,Paga
266841,45319491,A48PU,Paga
266842,45319493,A48PM,Paga
266843,45319494,A48PM,Paga
266844,45319495,A60PM,Paga
266845,45319497,A48PM,Paga
266846,45319498,A48PM,Paga
266847,45319499,A60PM,Paga
266848,45319500,A60PM,Paga
266849,45319501,A60PM,Paga
266850,45319505,A48PU,Paga
266851,45319506,A60PM,Paga
266852,45319511,A60PM,Paga
266853,45319514,A60PM,Paga
266854,45319515,A60PM,Paga
266855,45319519,A48PM,Paga
266856,45319520,PUF48,Paga
266857,45319521,A60PM,N�o Paga
266858,45319522,A60PM,Paga
266859,45319523,A48PM,Paga
266860,45319524,A60PM,N�o Paga
266861,45319527,B60PM,Paga
266862,45319528,C48PM,Paga
266863,45319530,A36PU,Paga
266864,45319531,PUA24,Paga
266865,45319535,B60PM,Paga
266866,45320197,A48PM,Paga
266867,45320199,A48PU,Paga
266868,45320200,A60PM,Paga
266869,45320202,A48PM,Paga
266870,45320205,A60PM,Paga
266871,45320206,A60PM,Paga
266872,45320210,A60PM,Cancelada pelo OTC
266873,45320211,PUA24,Paga
266874,45320212,A48PU,Paga
266875,45320213,C36PM,Paga
266876,45320216,PUA48,Paga
266877,45320217,A60PM,Paga
266878,45320219,C48PM,Paga
266879,45320221,A48PM,Paga
266880,45320224,B60PM,Paga
266881,45320225,A60PM,Cancelada pelo OTC
266882,45320226,A48PM,Paga
266883,45320227,A60PM,Paga
266884,45320228,PUA24,Paga
266885,45320229,A60PM,Paga
266886,45320231,PUA24,Paga
266887,45320232,C48PM,Paga
266888,45320234,PUC24,Paga
266889,45320235,A60PM,Paga
266890,45320239,A48PM,Paga
266891,45320244,A60PM,Paga
266892,45320914,A60PM,Paga
266893,45320915,A60PM,Paga
266894,45320916,A60PM,Paga
266895,45320919,A60PM,Paga
266896,45320920,A60PM,Paga
266897,45320922,A48PU,Paga
266898,45320926,C60PM,Paga
266899,45320928,B48PU,Paga
266900,45320929,A60PM,Paga
266901,45320930,A48PM,Paga
266902,45320932,A48PM,Paga
266903,45320934,A48PU,Paga
266904,45320935,PUC24,Paga
266905,45320939,A60PM,Paga
266906,45320940,A60PM,Paga
266907,45320943,B36PU,Paga
266908,45320946,A60PM,Paga
266909,45320948,A48PU,Paga
266910,45320950,A60PM,Paga
266911,45320952,PUC24,Paga
266912,45320953,A60PM,Paga
266913,45320955,A48PM,Paga
266914,45320956,C36PU,Paga
266915,45321619,A36PU,Paga
266916,45321620,A60PM,Paga
266917,45321621,B48PU,Paga
266918,45321622,A60PM,Paga
266919,45321623,A48PM,Paga
266920,45321625,A48PM,Paga
266921,45321626,A60PM,Paga
266922,45321628,A36PM,Paga
266923,45321629,PUA24,Paga
266924,45321630,A36PM,Paga
266925,45321631,A48PM,Paga
266926,45321634,A60PM,Paga
266927,45321635,A48PU,Paga
266928,45321636,PUH48,Paga
266929,45321639,PUA24,Paga
266930,45321640,A60PM,Paga
266931,45321641,A60PM,Paga
266932,45321643,A48PM,Paga
266933,45321644,A60PM,N�o Paga
266934,45321645,A48PM,Paga
266935,45321647,A48PM,Paga
266936,45321648,A60PM,Paga
266937,45321649,B48PM,Paga
266938,45321651,A48PM,Paga
266939,45321652,A60PM,Paga
266940,45321653,PUA12,Paga
266941,45321654,A60PM,Paga
266942,45321655,PUF48,Paga
266943,45321656,A48PM,Paga
266944,45321657,PUH48,Paga
266945,45321658,A48PM,Paga
266946,45322318,A60PM,N�o Paga
266947,45322319,A60PM,Paga
266948,45322321,A48PU,Paga
266949,45322324,A60PM,Paga
266950,45322325,B60PM,Paga
266951,45322326,PUC12,Paga
266952,45322327,A60PM,Paga
266953,45322329,A60PM,Paga
266954,45322330,A60PM,Paga
266955,45322331,B36PU,Paga
266956,45322332,A48PM,Paga
266957,45322333,A60PM,Paga
266958,45322335,A60PM,Paga
266959,45322336,PUA24,Paga
266960,45322337,A60PM,Paga
266961,45322339,A60PM,Paga
266962,45322341,A60PM,Paga
266963,45322342,A60PM,Paga
266964,45322343,A48PU,Paga
266965,45322344,PUA48,Paga
266966,45322347,A36PM,Paga
266967,45322349,A60PM,Paga
266968,45322351,A60PM,Paga
266969,45322352,A60PM,Paga
266970,45322354,A60PM,Paga
266971,45322355,A60PM,Paga
266972,45322356,A60PM,Paga
266973,45322357,A60PM,Paga
266974,45322358,A48PU,Paga
266975,45322360,A60PM,Paga
266976,45322896,A60PM,Paga
266977,45322897,PUA48,Paga
266978,45322898,A36PP,Cancelada pelo OTC
266979,45322899,A60PM,Paga
266980,45322900,A48PU,Paga
266981,45322901,A60PM,Paga
266982,45322902,PUA24,Paga
266983,45322903,A60PM,Paga
266984,45322904,A60PM,Paga
266985,45322905,A60PM,Paga
266986,45322907,A48PM,Paga
266987,45322909,A60PM,Paga
266988,45322913,A48PM,Paga
266989,45322914,A60PM,Paga
266990,45322915,A60PM,Paga
266991,45322916,A60PM,Paga
266992,45322917,A60PM,Paga
266993,45322918,A48PU,Paga
266994,45322919,A48PM,Paga
266995,45322920,A48PU,Paga
266996,45322921,A48PM,Paga
266997,45322923,A36PU,Paga
266998,45322925,A60PM,Paga
266999,45322928,A48PU,Paga
267000,45322930,A48PU,N�o Paga
267001,45322931,A36PU,Paga
267002,45322932,A60PM,Paga
267003,45322934,D36PU,Paga
267004,45322936,A60PM,Paga
267005,45322937,B36PU,Paga
267006,45322938,A60PM,Paga
267007,45322941,A60PM,Paga
267008,45323594,A60PM,Paga
267009,45323599,PUB24,Paga
267010,45323602,A60PM,Paga
267011,45323603,A48PU,Paga
267012,45323604,PUA24,Paga
267013,45323607,A60PM,Paga
267014,45323609,A60PM,N�o Paga
267015,45323612,PUA48,Paga
267016,45323613,A48PM,Paga
267017,45323616,B36PU,Paga
267018,45323617,A48PM,Paga
267019,45323619,B60PM,Paga
267020,45323620,B48PU,Paga
267021,45323622,A60PM,Paga
267022,45323623,B36PU,Paga
267023,45323624,E60PM,Paga
267024,45323628,A36PU,Paga
267025,45323629,PUA24,Paga
267026,45323631,PUA24,Paga
267027,45323632,A60PM,Paga
267028,45323635,A60PM,Paga
267029,45323636,A36PM,Paga
267030,45323638,A60PM,Paga
267031,45323640,A60PM,N�o Paga
267032,45323642,A48PM,Paga
267033,45323646,PUA48,Paga
267034,45324315,A60PM,Paga
267035,45324316,A60PM,Paga
267036,45324318,A36PU,Paga
267037,45324320,B60PM,Paga
267038,45324323,A60PM,Paga
267039,45324324,A48PU,Paga
267040,45324325,A60PM,Cancelada pelo OTC
267041,45324327,A36PM,Paga
267042,45324330,B36PU,Paga
267043,45324331,A48PM,Paga
267044,45324332,PUA24,Paga
267045,45324333,A48PU,Paga
267046,45324334,A60PM,Paga
267047,45324338,A48PU,Paga
267048,45324339,A36PM,Paga
267049,45324340,A48PM,Paga
267050,45324342,A48PM,Paga
267051,45324343,A48PM,Paga
267052,45324344,A48PU,Paga
267053,45324345,A48PU,Paga
267054,45324346,A60PM,Paga
267055,45324347,A60PM,Paga
267056,45324348,A60PM,Paga
267057,45324349,A48PM,Paga
267058,45324350,A48PU,Paga
267059,45324352,A60PM,Paga
267060,45324355,A48PU,Paga
267061,45324357,A36PM,Paga
267062,45324363,A36PU,Paga
267063,45324364,A36PU,Paga
267064,45325052,A60PM,Paga
267065,45325053,A60PM,Paga
267066,45325055,A60PM,Paga
267067,45325056,A60PM,Paga
267068,45325057,A60PM,Paga
267069,45325058,A48PM,Paga
267070,45325061,A60PM,Paga
267071,45325063,A60PM,Paga
267072,45325065,A60PM,Paga
267073,45325067,A60PM,Paga
267074,45325068,A48PM,Paga
267075,45325070,A60PM,Paga
267076,45325071,A48PM,Paga
267077,45325072,A48PU,Paga
267078,45325073,A60PM,Paga
267079,45325074,A60PM,Paga
267080,45325075,C48PM,Paga
267081,45325076,A60PM,Paga
267082,45325078,A36PM,Paga
267083,45325079,A60PM,Paga
267084,45325080,PUA24,Paga
267085,45325082,A60PM,Paga
267086,45325083,A60PM,Paga
267087,45325085,PUA12,Paga
267088,45325087,A60PM,Cancelada pelo OTC
267089,45325088,A36PU,Paga
267090,45325089,A48PM,Paga
267091,45325090,PUA48,Paga
267092,45325091,A48PM,Paga
267093,45325786,A60PM,Paga
267094,45325787,A60PM,N�o Paga
267095,45325793,A60PM,Paga
267096,45325797,A48PM,Paga
267097,45325800,C60PM,Paga
267098,45325801,PUF36,Paga
267099,45325802,A60PM,Paga
267100,45325803,A60PM,Paga
267101,45325804,A60PM,Paga
267102,45325806,A36PU,Paga
267103,45325807,B36PU,Paga
267104,45325808,A48PM,Paga
267105,45325810,A60PM,Paga
267106,45325812,A48PM,Paga
267107,45325813,A60PM,Paga
267108,45325815,A60PM,Paga
267109,45325823,C48PM,N�o Paga
267110,45325825,PUF36,Paga
267111,45325826,A60PM,Paga
267112,45325827,PUD36,Paga
267113,45325832,PUA24,Paga
267114,45334484,B48PM,Cancelada pelo OTC
267115,45334488,A48PM,Cancelada pelo OTC
267116,45335014,E48PM,Cancelada pelo OTC
267117,45335015,E48PM,Cancelada pelo OTC
267118,45335016,G48PM,Cancelada pelo OTC
267119,45335017,G48PM,Cancelada pelo OTC
267120,45335018,F48PM,Cancelada pelo OTC
267121,45335019,F48PM,Cancelada pelo OTC
267122,45335021,F48PM,N�o Paga
267123,45335023,E48PM,Paga
267124,45335040,E48PM,Paga
267125,45335042,E48PM,Paga
267126,45335043,E48PM,Paga
267127,45335048,E48PM,Paga
267128,45335659,A60PM,Paga
267129,45335660,A60PM,Paga
267130,45335661,E60PM,Paga
267131,45335665,A48PU,Paga
267132,45335666,A48PU,Paga
267133,45335667,PUA24,Paga
267134,45335668,B36PU,Paga
267135,45335670,A60PM,Paga
267136,45335671,A48PM,Paga
267137,45335672,PUC24,Paga
267138,45335673,B36PU,Paga
267139,45335674,A60PM,Paga
267140,45335677,A48PU,Paga
267141,45335680,PUC12,Paga
267142,45335683,B36PU,Paga
267143,45335684,A48PU,Paga
267144,45335685,A48PM,Paga
267145,45335686,PUB24,Paga
267146,45335687,PUC24,Paga
267147,45335688,C60PM,Paga
267148,45335689,A48PM,Paga
267149,45335690,C48PM,Paga
267150,45335692,PUC24,Paga
267151,45335697,PUA24,Paga
267152,45335698,PUA24,Paga
267153,45335701,B36PU,Paga
267154,45335702,A48PU,Paga
267155,45335703,A48PU,Paga
267156,45335704,A36PU,Paga
267157,45336436,PUA24,Paga
267158,45336439,A60PM,Paga
267159,45336440,A60PM,Paga
267160,45336448,PUC24,N�o Paga
267161,45336450,PUC24,Paga
267162,45336452,B48PU,Paga
267163,45336453,A60PM,Paga
267164,45336454,PUF48,Paga
267165,45336458,PUA24,Paga
267166,45336459,PUA24,Cancelada pelo OTC
267167,45336461,PUA24,Paga
267168,45336462,A36PU,Paga
267169,45336465,A60PM,Paga
267170,45336466,A60PM,Paga
267171,45336467,A60PM,Paga
267172,45336473,A60PM,Paga
267173,45336474,A60PM,Paga
267174,45336475,A48PU,Paga
267175,45336476,A36PU,Paga
267176,45336478,A60PM,Paga
267177,45336481,B60PM,Paga
267178,45337190,C48PM,Paga
267179,45337191,A60PM,Paga
267180,45337192,A60PM,Paga
267181,45337193,A60PM,Paga
267182,45337194,D36PP,Paga
267183,45337196,PUC24,Paga
267184,45337197,A60PM,Paga
267185,45337198,A60PM,Paga
267186,45337199,B36PU,Paga
267187,45337200,A48PU,Cancelada pelo OTC
267188,45337202,A60PM,N�o Paga
267189,45337204,PUA24,Paga
267190,45337207,A60PM,Paga
267191,45337208,A60PM,Paga
267192,45337210,B36PM,Paga
267193,45337211,A60PM,Paga
267194,45337212,A48PU,Paga
267195,45337215,C48PM,Paga
267196,45337216,A60PM,Paga
267197,45337219,A48PU,Paga
267198,45337221,A36PU,Paga
267199,45337223,A60PM,Paga
267200,45337225,A48PM,Paga
267201,45337227,A60PM,Paga
267202,45337229,A60PM,Paga
267203,45337230,A48PU,Paga
267204,45337232,B60PM,Paga
267205,45337233,D36PU,Paga
267206,45221477,B48PM,Paga
267207,45221478,A48PM,Paga
267208,45221479,A48PM,Paga
267209,45221480,A48PM,Paga
267210,45221481,A36PM,Paga
267211,45221482,A48PM,Paga
267212,45221483,B48PM,Cancelada pelo OTC
267213,45221484,A48PM,Paga
267214,45221485,A48PM,Paga
267215,45221486,A48PM,Paga
267216,45221487,A48PM,Paga
267217,45221488,A48PM,Paga
267218,45221489,A48PM,Paga
267219,45221490,A48PM,N�o Paga
267220,45221492,A36PM,Paga
267221,45221493,A48PM,Paga
267222,45221494,B48PM,Paga
267223,45221495,B48PM,Paga
267224,45221496,A48PM,Paga
267225,45221497,A48PM,Paga
267226,45221498,A48PM,Cancelada pelo OTC
267227,45221499,A48PM,Paga
267228,45221500,A48PM,Paga
267229,45221502,A48PM,Paga
267230,45221503,B36PM,Paga
267231,45221504,F48PM,Cancelada pelo OTC
267232,45221506,E48PM,N�o Paga
267233,45221507,F48PM,Cancelada pelo OTC
267234,45221508,E48PM,Cancelada pelo OTC
267235,45222266,E48PM,Paga
267236,45222268,A48PM,Paga
267237,45222276,PUB24,Paga
267238,45222281,PUB24,Paga
267239,45223033,A60PM,N�o Paga
267240,45223034,A60PM,N�o Paga
267241,45223041,B48PU,Paga
267242,45223049,A60PM,Paga
267243,45223057,A60PM,Paga
267244,45223065,B48PM,Paga
267245,45223066,PUA24,Paga
267246,45223068,A60PM,Paga
267247,45223073,A48PU,Paga
267248,45223758,PUE36,Paga
267249,45223766,A60PM,Paga
267250,45223773,A36PM,Paga
267251,45223778,A48PM,Paga
267252,45223780,A60PM,Paga
267253,45223785,A60PM,Paga
267254,45223786,A60PM,Paga
267255,45223797,A60PM,Paga
267256,45224515,A48PM,Paga
267257,45224517,B48PM,Paga
267258,45224529,A60PM,Paga
267259,45224530,E48PM,N�o Paga
267260,45224534,C48PM,Paga
267261,45224535,B60PM,Paga
267262,45224542,A60PM,Paga
267263,45224543,A60PM,Paga
267264,45224547,A48PM,Paga
267265,45224549,A60PM,Paga
267266,45224552,A48PM,Paga
267267,45224557,A60PM,Paga
267268,45225182,A60PM,Paga
267269,45225186,B60PM,N�o Paga
267270,45259889,B60PM,Paga
267271,45259891,A60PM,Paga
267272,45259892,A60PM,N�o Paga
267273,45259895,A36PM,Paga
267274,45259897,C48PM,Paga
267275,45259902,A60PM,Paga
267276,45259903,A60PM,N�o Paga
267277,45259925,A48PM,Paga
267278,45259927,B36PP,N�o Paga
267279,45259929,A60PM,Paga
267280,45259931,C48PM,N�o Paga
267281,45259933,B36PM,Paga
267282,45260675,A60PM,Cancelada pelo OTC
267283,45260680,A60PM,Paga
267284,45260683,A60PM,N�o Paga
267285,45260689,A60PM,N�o Paga
267286,45260694,A48PM,Paga
267287,45260744,C48PM,Paga
267288,45260696,A60PM,Paga
267289,45260699,A60PM,Paga
267290,45260703,A48PU,Paga
267291,45261370,A60PM,Paga
267292,45261372,A60PM,Paga
267293,45261381,PUA24,Cancelada pelo OTC
267294,45261382,A60PM,Paga
267295,45261384,A60PM,Paga
267296,45261387,A60PM,Paga
267297,45261390,A60PM,Paga
267298,45261396,A48PM,Paga
267299,45261397,A60PM,Paga
267300,45261399,A48PM,Paga
267301,45261400,PUA24,Paga
267302,45261404,B48PM,Paga
267303,45261408,A48PM,Paga
267304,45262068,A60PM,Paga
267305,45262075,B60PM,Paga
267306,45262076,PUD48,Paga
267307,45262078,A48PM,Paga
267308,45262082,A48PM,Paga
267309,45262087,PUD48,Paga
267310,45262098,A60PM,Paga
267311,45262099,A60PM,Paga
267312,45262108,A60PM,Paga
267313,45262774,PUA24,Paga
267314,45262785,A60PM,Paga
267315,45262789,A60PM,Paga
267316,45262799,A60PM,N�o Paga
267317,45262800,A60PM,Paga
267318,45262805,A48PM,N�o Paga
267319,45263480,A48PM,Paga
267320,45263485,E60PM,Paga
267321,45263486,A48PM,Paga
267322,45263489,A60PM,Paga
267323,45263491,A60PM,N�o Paga
267324,45263495,A48PM,Paga
267325,45263500,A60PM,Paga
267326,45263502,A48PM,Paga
267327,45263506,C48PM,Paga
267328,45263511,A48PM,Paga
267329,45263514,E60PM,Paga
267330,45264195,A60PM,Paga
267331,45264204,A60PM,Paga
267332,45264212,A60PM,Paga
267333,45264216,A60PM,N�o Paga
267334,45264220,E48PM,N�o Paga
267335,45264222,B48PM,Paga
267336,45264228,A60PM,Paga
267337,45264229,C48PM,Paga
267338,45264235,E48PM,N�o Paga
267339,45264918,D60PM,Paga
267340,45264921,A48PM,Paga
267341,45264923,D60PM,Paga
267342,45264925,A60PM,Paga
267343,45264928,A48PM,Paga
267344,45264938,A60PM,Paga
267345,45264941,A60PM,N�o Paga
267346,45264945,A60PM,Paga
267347,45264946,A60PM,Paga
267348,45264948,A60PM,Paga
267349,45264951,A48PM,Paga
267350,45264952,A60PM,Paga
267351,45264953,C48PM,Paga
267352,45265659,A48PM,Paga
267353,45265665,A48PM,N�o Paga
267354,45265666,A48PM,Paga
267355,45265670,B36PM,Paga
267356,45265678,B36PM,Paga
267357,45265695,A60PM,N�o Paga
267358,45265699,A60PM,Paga
267359,45265706,B60PM,Paga
267360,45334911,E48PM,Paga
267361,45334912,E48PM,Paga
267362,45334913,G48PM,Paga
267363,45334919,G48PM,Paga
267364,45334924,F48PM,Paga
267365,45334927,F48PM,Cancelada pelo OTC
267366,45334930,F48PM,Cancelada pelo OTC
267367,45334933,F48PM,Paga
267368,45335476,E48PM,Cancelada pelo OTC
267369,45335552,A60PM,Cancelada pelo OTC
267370,45335553,A60PM,Cancelada pelo OTC
267371,45336295,A60PM,Paga
267372,45336296,A60PM,Cancelada pelo OTC
267373,45336297,C36PM,Paga
267374,45336298,B36PM,Paga
267375,45336299,A48PM,Paga
267376,45336301,A60PM,Paga
267377,45336303,C36PU,Paga
267378,45336305,PUC12,Paga
267379,45336307,A48PM,Paga
267380,45336308,PUC24,Paga
267381,45336309,A60PM,Paga
267382,45336310,A60PM,Paga
267383,45336313,A60PM,Paga
267384,45336317,A60PM,Paga
267385,45336318,A60PM,Paga
267386,45336320,A60PM,Paga
267387,45336321,A60PM,Paga
267388,45336323,A48PU,Paga
267389,45336324,B48PM,Paga
267390,45336325,C48PM,Paga
267391,45336327,C48PM,Paga
267392,45336328,A48PM,Paga
267393,45336330,A48PM,Paga
267394,45336332,A60PM,Paga
267395,45336333,A60PM,Paga
267396,45336336,B36PM,Paga
267397,45336339,PUA12,Paga
267398,45337041,A60PM,Paga
267399,45337044,A60PM,Paga
267400,45337045,A60PM,Paga
267401,45337046,A48PU,Paga
267402,45337048,A60PM,Paga
267403,45337049,A48PU,Paga
267404,45337053,B60PM,Paga
267405,45337057,A60PM,Paga
267406,45337058,A60PM,Paga
267407,45337060,A60PM,Paga
267408,45337061,PUF36,Paga
267409,45337064,PUA24,Paga
267410,45337066,A48PM,Paga
267411,45337067,PUC12,Paga
267412,45337068,A48PU,Paga
267413,45337069,A48PM,Paga
267414,45337070,E36PP,Paga
267415,45337071,A48PU,Paga
267416,45337074,A48PM,Paga
267417,45337075,A60PM,Paga
267418,45337077,A36PU,Paga
267419,45337079,A60PM,Paga
267420,45337081,A36PM,Paga
267421,45337082,B36PU,Paga
267422,45337083,PUA24,Paga
267423,45337084,D48PM,Paga
267424,45337085,A48PU,Paga
267425,45221377,A48PM,Paga
267426,45221378,A48PM,Cancelada pelo OTC
267427,45221379,A48PM,Paga
267428,45221380,A48PM,Paga
267429,45221381,A48PM,Paga
267430,45221382,A48PM,Paga
267431,45221383,B48PM,Paga
267432,45221384,A48PM,Paga
267433,45221385,A36PM,N�o Paga
267434,45221386,A48PM,Paga
267435,45221387,A48PM,Paga
267436,45221388,A48PM,Paga
267437,45221389,A48PM,Paga
267438,45221390,A48PM,Paga
267439,45221391,A48PM,Paga
267440,45221392,A48PM,Cancelada pelo OTC
267441,45221393,A36PM,Paga
267442,45221394,B48PM,Paga
267443,45221395,A48PM,Paga
267444,45221396,A48PM,Paga
267445,45221397,A48PM,Paga
267446,45221398,A48PM,Paga
267447,45221399,A48PM,Paga
267448,45221401,A48PM,Paga
267449,45221402,B48PM,Paga
267450,45221403,B48PM,Paga
267451,45221404,A36PM,Paga
267452,45221405,A48PM,Paga
267453,45221406,A48PM,Paga
267454,45221407,A48PM,Paga
267455,45221408,A48PM,Paga
267456,45221409,A48PM,Paga
267457,45222107,G48PM,Paga
267458,45222115,F48PM,Paga
267459,45222122,E48PM,N�o Paga
267460,45222127,A60PM,Paga
267461,45222130,A36PM,Paga
267462,45222135,A60PM,N�o Paga
267463,45222136,A60PM,Paga
267464,45222138,A48PM,Paga
267465,45222148,B36PM,Cancelada pelo OTC
267466,45222149,A36PU,Paga
267467,45222896,A48PU,Paga
267468,45222908,B48PM,Paga
267469,45222912,A60PM,N�o Paga
267470,45222930,C48PM,Paga
267471,45223626,B36PM,Paga
267472,45223636,A60PM,Paga
267473,45223641,A60PM,Paga
267474,45223643,A60PM,Paga
267475,45223646,B60PM,Paga
267476,45223651,A60PM,Cancelada pelo OTC
267477,45223652,A48PM,Paga
267478,45223656,F48PM,Paga
267479,45223657,A60PM,Paga
267480,45223662,A60PM,Paga
267481,45224374,A48PM,Paga
267482,45224376,A60PM,Paga
267483,45224378,A60PM,Paga
267484,45224383,A60PM,Paga
267485,45224387,A60PM,Paga
267486,45224393,A60PM,Paga
267487,45224397,A60PM,Paga
267488,45224399,A60PM,Paga
267489,45224411,A60PM,Paga
267490,45224414,C36PM,N�o Paga
267491,45224416,B48PM,Paga
267492,45224419,G48PM,N�o Paga
267493,45225041,A60PM,Paga
267494,45225042,B48PM,Paga
267495,45225043,A48PM,Paga
267496,45225044,A60PM,Paga
267497,45225048,A60PM,N�o Paga
267498,45225052,B48PM,Paga
267499,45225053,A48PM,Paga
267500,45225065,A48PM,Paga
267501,45225074,A60PM,N�o Paga
267502,45225083,A60PM,Paga
267503,45225084,A60PM,Paga
267504,45225770,A48PM,Paga
267505,45225771,A60PM,Paga
267506,45225774,A60PM,Paga
267507,45225779,A48PM,Paga
267508,45225782,A60PM,Paga
267509,45225796,A60PM,Paga
267510,45225797,A60PM,N�o Paga
267511,45225803,A60PM,Paga
267512,45225805,A48PM,Paga
267513,45225809,D60PM,Paga
267514,45225812,A60PM,Paga
267515,45226229,A60PM,Paga
267516,45226255,A60PM,Paga
267517,45226247,A48PM,N�o Paga
267518,45226252,A48PM,Paga
267519,45226256,A48PM,Paga
267520,45226946,A48PM,Paga
267521,45226954,A60PM,N�o Paga
267522,45226956,B60PM,N�o Paga
267523,45226963,C60PM,Paga
267524,45226965,B60PM,Paga
267525,45226975,A48PM,Paga
267526,45226988,PUC24,Paga
267527,45226989,B36PU,N�o Paga
267528,45227671,A48PM,Paga
267529,45227676,A60PM,N�o Paga
267530,45227679,A48PM,Paga
267531,45227690,B36PM,Paga
267532,45227696,A60PM,N�o Paga
267533,45227700,A60PM,Paga
267534,45227701,A60PM,Paga
267535,45227708,A60PM,Paga
267536,45228433,B60PM,N�o Paga
267537,45228437,B48PM,Paga
267538,45228439,A60PM,Paga
267539,45228444,C60PM,N�o Paga
267540,45337466,A60PM,Paga
267541,45337467,PUC24,Paga
267542,45337468,A60PM,Paga
267543,45337471,A60PM,N�o Paga
267544,45337472,A48PM,Paga
267545,45337474,A60PM,Paga
267546,45337475,PUF48,Paga
267547,45337477,B36PU,Paga
267548,45338168,B60PM,Paga
267549,45338174,A60PM,Paga
267550,45338175,A60PM,Paga
267551,45338177,A48PM,Paga
267552,45338179,A60PM,N�o Paga
267553,45338181,PUC24,Paga
267554,45338183,A60PM,Paga
267555,45338185,A60PM,Paga
267556,45338188,PUF48,Paga
267557,45338190,A36PU,Paga
267558,45338191,C36PM,Paga
267559,45338192,B36PM,Paga
267560,45338193,B36PU,Paga
267561,45338194,A36PU,Paga
267562,45338195,A60PM,Paga
267563,45338196,PUC12,Paga
267564,45338197,A60PM,Paga
267565,45338198,A48PM,Paga
267566,45338199,A60PM,Paga
267567,45338200,A36PM,Paga
267568,45338201,C48PM,Paga
267569,45338205,A60PM,Paga
267570,45338208,A60PM,Paga
267571,45338209,A36PU,Paga
267572,45338211,B36PU,Paga
267573,45338212,A48PU,Paga
267574,45338214,A48PU,Paga
267575,45338219,A48PM,Paga
267576,45338220,A60PM,Paga
267577,45338222,A36PU,Paga
267578,45338924,A48PU,Paga
267579,45338925,B36PU,Paga
267580,45338926,A48PM,Paga
267581,45338927,B36PM,Paga
267582,45338928,A48PU,Paga
267583,45338929,B36PU,Paga
267584,45338932,C36PM,Paga
267585,45338933,A60PM,Paga
267586,45338934,A60PM,Paga
267587,45338935,A60PM,Paga
267588,45338937,PUA24,Paga
267589,45338938,A60PM,Paga
267590,45338941,B36PU,Paga
267591,45338942,A60PM,Paga
267592,45338944,A60PM,Paga
267593,45338946,A60PM,Paga
267594,45338947,PUA24,Paga
267595,45338949,PUA24,Paga
267596,45338950,A48PM,Paga
267597,45338951,A60PM,Paga
267598,45338952,A60PM,Paga
267599,45338953,A60PM,Paga
267600,45338955,A48PU,Paga
267601,45338956,A48PU,Cancelada pelo OTC
267602,45338958,A48PU,Paga
267603,45338961,A60PM,Paga
267604,45338962,A60PM,Paga
267605,45338966,F48PM,Paga
267606,45339668,A60PM,Paga
267607,45339669,A60PM,Paga
267608,45339670,A60PM,Paga
267609,45339671,A60PM,Paga
267610,45339672,PUA24,Paga
267611,45339673,A60PM,Paga
267612,45339674,A60PM,Paga
267613,45339677,A48PU,Paga
267614,45339679,A60PM,Paga
267615,45339681,PUA24,Paga
267616,45339684,A60PM,Paga
267617,45339686,B48PM,Paga
267618,45339687,A48PM,Paga
267619,45339688,A48PU,Paga
267620,45339690,A48PU,Paga
267621,45339691,A60PM,Paga
267622,45339696,A36PU,Paga
267623,45339697,A60PM,Paga
267624,45339698,A48PM,Paga
267625,45339700,A60PM,Paga
267626,45339701,A36PU,Paga
267627,45339702,A48PU,Paga
267628,45339704,B36PU,Paga
267629,45339706,C36PU,Paga
267630,45339707,F48PM,Paga
267631,45339709,A60PM,Paga
267632,45339710,A48PU,Paga
267633,45340405,B36PU,Paga
267634,45340407,A60PM,Paga
267635,45340410,A60PM,Paga
267636,45340413,PUC24,Paga
267637,45340417,A60PM,Paga
267638,45340418,E48PM,Paga
267639,45340419,A48PM,Paga
267640,45340420,A60PM,Paga
267641,45340421,A48PU,Paga
267642,45340422,A48PM,Paga
267643,45340424,PUB12,Paga
267644,45340425,A48PM,Paga
267645,45340426,A60PM,Paga
267646,45340429,A60PM,Paga
267647,45340430,A36PU,Paga
267648,45340431,B36PU,Paga
267649,45340432,A48PU,Paga
267650,45340433,A48PM,Paga
267651,45340434,A60PM,Paga
267652,45340436,A36PU,Paga
267653,45340437,A48PU,Paga
267654,45340438,A60PM,Paga
267655,45340439,A60PM,Paga
267656,45340441,H48PM,Paga
267657,45340442,A48PU,Paga
267658,45340443,H48PM,Paga
267659,45340446,A60PM,Paga
267660,45340448,C48PM,Paga
267661,45340449,A60PM,Paga
267662,45340450,A48PU,Paga
267663,45340451,A60PM,Paga
267664,45341146,PUC12,Paga
267665,45341147,A36PU,Paga
267666,45341148,A60PM,Paga
267667,45341149,A48PM,Paga
267668,45341152,A48PU,Paga
267669,45341153,A60PM,Paga
267670,45341154,A48PU,Paga
267671,45341157,A36PP,Paga
267672,45341158,A48PU,Paga
267673,45341161,A60PM,Paga
267674,45341162,A60PM,Paga
267675,45341163,A60PM,Paga
267676,45341164,PUD36,Paga
267677,45341165,A36PU,Cancelada pelo OTC
267678,45341166,A48PM,Paga
267679,45341167,A48PU,Paga
267680,45341168,A48PM,Paga
267681,45341169,A48PU,Paga
267682,45341171,PUF36,Paga
267683,45341174,A48PU,Paga
267684,45341175,A60PM,N�o Paga
267685,45341176,A48PU,Paga
267686,45341177,A60PM,Paga
267687,45341181,B60PM,Paga
267688,45341182,B36PU,Paga
267689,45341183,A60PM,Paga
267690,45341185,PUF36,N�o Paga
267691,45341186,A48PM,Paga
267692,45341188,A48PU,Paga
267693,45341189,A60PM,Paga
267694,45341190,A60PM,Paga
267695,45341191,A48PU,Paga
267696,45341802,A60PM,Paga
267697,45341803,B36PU,Paga
267698,45341805,F48PM,Paga
267699,45341809,A60PM,Paga
267700,45341810,A60PM,Paga
267701,45341811,A48PM,Paga
267702,45341814,A60PM,Paga
267703,45341816,A60PM,Cancelada pelo OTC
267704,45341818,B60PM,Paga
267705,45341819,PUA24,Paga
267706,45341820,PUF48,Paga
267707,45341828,A48PM,Paga
267708,45341829,A60PM,Paga
267709,45341833,C36PM,Paga
267710,45341834,B36PU,Paga
267711,45341836,B60PM,N�o Paga
267712,45341838,PUA24,Paga
267713,45341841,PUC24,Paga
267714,45341843,A60PM,Paga
267715,45341844,A60PM,Paga
267716,45341848,B36PM,Paga
267717,45341849,A60PM,Paga
267718,45341850,PUA24,Paga
267719,45342526,PUI36,Paga
267720,45342527,A48PU,Paga
267721,45342529,A48PU,Paga
267722,45342531,A48PM,Paga
267723,45342532,PUF36,Paga
267724,45342534,A36PM,Paga
267725,45342538,PUA24,Paga
267726,45342539,A48PU,Paga
267727,45342541,A60PM,Paga
267728,45342544,A36PM,Paga
267729,45342545,A48PM,Paga
267730,45342547,PUA24,Paga
267731,45342548,A48PU,Paga
267732,45342549,A60PM,Paga
267733,45342550,A60PM,Paga
267734,45342551,A36PU,Paga
267735,45342552,A60PM,Paga
267736,45342554,A60PM,Paga
267737,45342555,PUA24,Paga
267738,45342556,A60PM,Paga
267739,45342560,A48PU,Paga
267740,45342564,A48PM,Paga
267741,45342565,A60PM,Paga
267742,45342566,A60PM,Paga
267743,45342567,A48PU,Paga
267744,45342568,A60PM,Paga
267745,45342569,PUD36,Paga
267746,45343322,PUB24,Paga
267747,45343323,A60PM,Paga
267748,45343325,PUA24,Paga
267749,45343326,B48PU,Paga
267750,45343329,C48PM,Paga
267751,45343331,B36PU,Paga
267752,45343332,A60PM,Paga
267753,45343333,PUB24,Paga
267754,45343336,A60PM,Paga
267755,45343337,PUF48,Paga
267756,45343338,PUC12,Paga
267757,45343339,A60PM,Paga
267758,45343340,B36PU,Paga
267759,45343341,A60PM,Paga
267760,45343342,A60PM,Paga
267761,45343346,A60PM,Paga
267762,45343348,B36PU,Paga
267763,45343349,A60PM,Paga
267764,45343350,A60PM,N�o Paga
267765,45343351,C48PM,Paga
267766,45343352,C36PM,Paga
267767,45343353,A60PM,Paga
267768,45343354,A60PM,Paga
267769,45343355,A60PM,Paga
267770,45343356,A60PM,Paga
267771,45343358,A48PM,Paga
267772,45343359,A60PM,N�o Paga
267773,45343362,B36PU,Paga
267774,45343363,A48PU,Paga
267775,45343364,C36PM,Paga
267776,45343365,B36PU,Paga
267777,45344085,A48PU,Paga
267778,45344086,A60PM,Paga
267779,45344089,PUF36,Paga
267780,45344091,PUA24,Paga
267781,45344092,B36PM,Paga
267782,45344094,PUB24,Paga
267783,45344095,PUA48,Paga
267784,45344096,PUC24,Paga
267785,45344097,B36PU,Paga
267786,45344098,A60PM,Paga
267787,45344099,A60PM,Paga
267788,45344100,PUA24,Paga
267789,45344101,A60PM,Paga
267790,45344103,A60PM,Paga
267791,45344105,A60PM,Paga
267792,45344106,C36PM,Paga
267793,45344108,B48PM,Paga
267794,45344109,B48PU,Paga
267795,45344110,PUH48,Paga
267796,45344111,PUC24,Paga
267797,45344113,B36PU,Paga
267798,45344114,PUA24,Paga
267799,45344118,PUD36,Paga
267800,45344120,PUF36,Paga
267801,45344121,A48PU,Paga
267802,45344122,A48PU,Paga
267803,45344124,C36PM,Paga
267804,45344125,A60PM,Paga
267805,45344129,A48PM,Paga
267806,45344130,C36PM,Paga
267807,45344847,A60PM,Paga
267808,45344848,A60PM,Paga
267809,45344849,A60PM,Paga
267810,45344850,A60PM,Paga
267811,45344851,A60PM,Paga
267812,45344852,A60PM,Paga
267813,45344853,PUA24,Paga
267814,45344854,PUA24,Paga
267815,45344855,A60PM,Paga
267816,45344856,A60PM,Paga
267817,45344866,PUC12,Paga
267818,45344867,PUC12,Paga
267819,45344868,C36PM,Paga
267820,45344869,C36PM,Paga
267821,45344870,PUA24,Paga
267822,45344871,PUA24,Paga
267823,45344872,A36PU,Paga
267824,45344873,A36PU,Paga
267825,45344874,PUC24,Paga
267826,45344875,PUC24,Paga
267827,45344878,C36PM,Paga
267828,45344879,C36PM,Paga
267829,45344880,C36PM,Paga
267830,45259791,F48PM,Paga
267831,45259792,E48PM,Paga
267832,45259794,F48PM,N�o Paga
267833,45259795,H48PM,N�o Paga
267834,45259796,E48PM,Paga
267835,45259800,F48PM,Paga
267836,45259802,E48PM,Paga
267837,45259804,E48PM,N�o Paga
267838,45259805,F48PM,Paga
267839,45259809,A60PM,N�o Paga
267840,45259859,E60PM,Paga
267841,45259863,A48PM,N�o Paga
267842,45259865,A48PM,Paga
267843,45259868,A60PM,Cancelada pelo OTC
267844,45259869,E60PM,Paga
267845,45259872,A36PM,Paga
267846,45259873,A48PM,Paga
267847,45259874,B48PM,Paga
267848,45259877,B36PM,Paga
267849,45259881,E60PM,Paga
267850,45260620,A60PM,Paga
267851,45260623,A48PM,Paga
267852,45260624,A60PM,Paga
267853,45260628,A60PM,N�o Paga
267854,45260630,A48PM,Paga
267855,45260637,A48PM,Paga
267856,45260647,E48PM,Paga
267857,45260651,A60PM,Paga
267858,45260652,A60PM,N�o Paga
267859,45260657,E60PM,N�o Paga
267860,45260659,A60PM,Paga
267861,45260664,A60PM,Paga
267862,45261320,A36PM,Paga
267863,45261326,A60PM,Paga
267864,45261329,A36PM,Paga
267865,45261331,A60PM,Paga
267866,45261332,A60PM,Paga
267867,45261338,A48PM,Cancelada pelo OTC
267868,45261341,B48PM,N�o Paga
267869,45261342,A60PM,Paga
267870,45261346,A36PM,Paga
267871,45261351,B60PM,Paga
267872,45261356,A48PM,Paga
267873,45261357,A60PM,Paga
267874,45261358,A60PM,Paga
267875,45261359,A60PM,Paga
267876,45261364,A60PM,Paga
267877,45262017,A48PM,Paga
267878,45262019,A60PM,Paga
267879,45262025,B48PM,Paga
267880,45262030,A60PM,Paga
267881,45262035,A36PM,Paga
267882,45262040,A36PM,Paga
267883,45262043,A60PM,Paga
267884,45262044,A48PM,Paga
267885,45262047,A60PM,Paga
267886,45262050,A48PM,Paga
267887,45262052,A48PM,Paga
267888,45262055,A60PM,Paga
267889,45262056,A48PM,Paga
267890,45262725,A48PM,N�o Paga
267891,45262729,A60PM,Paga
267892,45262739,A60PM,N�o Paga
267893,45262743,A48PM,Paga
267894,45262747,B48PM,Paga
267895,45262748,A48PM,Paga
267896,45262765,A60PM,Paga
267897,45263435,F48PM,Paga
267898,45263440,A60PM,Paga
267899,45263442,A60PM,Paga
267900,45263446,A48PM,Paga
267901,45263447,A60PM,Paga
267902,45263449,A60PM,Paga
267903,45263456,E60PM,Paga
267904,45263457,E60PM,Paga
267905,45263461,A60PM,Paga
267906,45263462,A60PM,Paga
267907,45263463,A60PM,Paga
267908,45263466,A60PM,Paga
267909,45263473,A60PM,Cancelada pelo OTC
267910,45263475,A48PM,Paga
267911,45264165,A60PM,Paga
267912,45264166,A48PU,Paga
267913,45264168,E60PM,Paga
267914,45264170,A60PM,Paga
267915,45264177,A60PM,Paga
267916,45264178,A60PM,N�o Paga
267917,45264184,PUA24,Paga
267918,45264869,A48PM,Paga
267919,45264877,A60PM,Paga
267920,45264879,A60PM,Paga
267921,45264891,A60PM,N�o Paga
267922,45264895,H48PM,Paga
267923,45264900,A60PM,Paga
267924,45264902,A60PM,Cancelada pelo OTC
267925,45264909,A60PM,Paga
267926,45264914,A60PM,Paga
267927,45265608,A60PM,Paga
267928,45265611,A60PM,Paga
267929,45225187,A60PM,N�o Paga
267930,45225190,A60PM,N�o Paga
267931,45225206,PUA24,N�o Paga
267932,45225218,A60PM,N�o Paga
267933,45225221,A60PM,N�o Paga
267934,45225922,B60PM,N�o Paga
267935,45225926,A60PM,Paga
267936,45225931,E60PM,Paga
267937,45225933,C48PM,N�o Paga
267938,45225936,A60PM,Paga
267939,45225937,A60PM,Paga
267940,45225938,A60PM,Paga
267941,45225940,A60PM,Paga
267942,45225943,B60PM,N�o Paga
267943,45225944,A60PM,Paga
267944,45225951,A60PM,Paga
267945,45226349,A60PM,Paga
267946,45226357,A48PM,Paga
267947,45226361,B48PM,Paga
267948,45226363,A60PM,N�o Paga
267949,45226377,A60PM,N�o Paga
267950,45226381,B48PM,Paga
267951,45227095,A48PM,N�o Paga
267952,45227097,A60PM,Cancelada pelo OTC
267953,45227112,A60PM,Paga
267954,45227123,A48PM,N�o Paga
267955,45227129,A60PM,Paga
267956,45227806,B48PU,Paga
267957,45227811,A60PM,Paga
267958,45227814,A60PM,Paga
267959,45227826,A60PM,Paga
267960,45227843,B60PM,N�o Paga
267961,45228558,H48PM,Paga
267962,45228560,F48PM,N�o Paga
267963,45228562,A60PM,Paga
267964,45228564,A60PM,Paga
267965,45228571,F48PM,N�o Paga
267966,45228575,A48PM,Paga
267967,45228580,A48PM,Paga
267968,45228586,PUC24,Paga
267969,45228588,A60PM,Paga
267970,45228594,A48PM,Paga
267971,45228596,B60PM,Paga
267972,45228598,A48PM,Paga
267973,45228601,A36PM,Paga
267974,45228603,A48PM,Paga
267975,45228609,A48PM,Paga
267976,45228611,C36PM,Paga
267977,45228612,C36PM,Paga
267978,45337572,A60PM,Paga
267979,45337575,PUF48,Paga
267980,45337577,A48PM,Paga
267981,45337578,PUA24,Paga
267982,45337579,PUB12,Paga
267983,45337580,D36PP,Paga
267984,45337581,A48PM,Paga
267985,45337582,B36PU,Paga
267986,45337583,B60PM,Paga
267987,45337584,B48PM,Paga
267988,45337586,A60PM,Paga
267989,45337587,A60PM,Paga
267990,45337588,A48PM,Paga
267991,45337590,A60PM,Paga
267992,45337591,A48PU,Paga
267993,45337593,PUA24,Paga
267994,45337594,PUF48,Paga
267995,45337595,A60PM,Paga
267996,45337597,A60PM,Paga
267997,45337598,A60PM,Paga
267998,45337600,B36PM,Paga
267999,45337601,A60PM,Paga
268000,45337602,A60PM,Paga
268001,45337604,A36PM,Paga
268002,45337605,A48PU,Paga
268003,45337606,A60PM,Paga
268004,45337609,A36PM,Aguardando Pagamento
268005,45337610,A60PM,Paga
268006,45338320,A48PM,Paga
268007,45338321,PUD36,Paga
268008,45338322,A60PM,Paga
268009,45338324,PUC24,Paga
268010,45338326,B36PM,Paga
268011,45338327,A36PU,Paga
268012,45338329,A60PM,Paga
268013,45338330,E48PM,Paga
268014,45338331,A48PU,Paga
268015,45338334,PUC12,Paga
268016,45338335,A60PM,Paga
268017,45338337,A60PM,Paga
268018,45338338,A60PM,Paga
268019,45338339,A48PM,Paga
268020,45338340,A60PM,Paga
268021,45338341,A48PU,Paga
268022,45338343,A60PM,Paga
268023,45338345,A60PM,Paga
268024,45338346,F48PM,Paga
268025,45338348,A60PM,Paga
268026,45338349,A60PM,Paga
268027,45338350,A60PM,Paga
268028,45338353,A48PU,Cancelada pelo OTC
268029,45338355,B48PU,Paga
268030,45338356,A48PM,Paga
268031,45338358,A60PM,Paga
268032,45338359,A48PM,Paga
268033,45338362,A48PM,Paga
268034,45339058,A60PM,Paga
268035,45339059,A60PM,Paga
268036,45339060,C60PM,Paga
268037,45339063,B36PM,Paga
268038,45339064,A48PU,Paga
268039,45339068,A60PM,Paga
268040,45339073,A36PM,Paga
268041,45339074,A48PM,Paga
268042,45339075,A48PU,Paga
268043,45339076,C48PM,Paga
268044,45339078,A36PU,Paga
268045,45339079,A48PM,Paga
268046,45339080,A60PM,N�o Paga
268047,45339081,A60PM,Paga
268048,45339083,A60PM,Paga
268049,45339084,PUA12,Paga
268050,45339086,PUA24,Paga
268051,45339088,A60PM,Paga
268052,45339089,A48PU,Paga
268053,45339091,A60PM,Paga
268054,45339092,B36PU,Paga
268055,45339093,C36PM,Paga
268056,45339096,D36PP,Paga
268057,45339097,PUA48,Paga
268058,45339098,A60PM,N�o Paga
268059,45339101,A48PM,Paga
268060,45339102,A48PM,Paga
268061,45339104,A48PU,Paga
268062,45339105,A60PM,Paga
268063,45339802,A60PM,Paga
268064,45339803,A60PM,N�o Paga
268065,45339804,A48PM,Paga
268066,45339805,A60PM,Paga
268067,45339806,A60PM,Paga
268068,45339811,A60PM,Paga
268069,45339813,A60PM,N�o Paga
268070,45339817,A60PM,Paga
268071,45339818,A36PU,Paga
268072,45339821,A60PM,N�o Paga
268073,45339822,A60PM,Paga
268074,45339823,B48PM,Paga
268075,45339824,A60PM,Paga
268076,45339826,A36PM,Paga
268077,45339828,A60PM,Paga
268078,45339829,A60PM,Paga
268079,45339830,A60PM,Paga
268080,45339831,PUA12,Paga
268081,45339832,B48PU,Paga
268082,45339833,PUC24,Paga
268083,45339836,A60PM,Paga
268084,45339837,A48PU,Paga
268085,45339838,PUA24,Paga
268086,45339840,B36PU,Paga
268087,45339841,A60PM,Paga
268088,45339842,A60PM,Paga
268089,45340542,A48PM,Paga
268090,45340544,A48PM,Paga
268091,45340547,B48PU,Paga
268092,45340549,A60PM,Paga
268093,45340550,A60PM,Paga
268094,45340551,A60PM,Paga
268095,45340552,A36PU,Paga
268096,45340554,A36PP,Paga
268097,45340559,PUA24,Paga
268098,45340560,A60PM,Paga
268099,45340561,PUF48,Paga
268100,45340562,PUA24,Paga
268101,45340563,A48PM,Paga
268102,45340566,A36PM,Paga
268103,45340569,A60PM,Paga
268104,45340570,B36PU,Paga
268105,45340573,A60PM,Paga
268106,45340574,A48PM,Paga
268107,45340575,A60PM,Paga
268108,45340576,B36PU,Paga
268109,45340577,A60PM,Paga
268110,45340578,PUA24,N�o Paga
268111,45340580,A48PM,Paga
268112,45340581,A60PM,Paga
268113,45340582,A60PM,Paga
268114,45341288,A60PM,Paga
268115,45341292,A60PM,Paga
268116,45341293,A36PU,Paga
268117,45341295,A48PM,Paga
268118,45341296,A60PM,Paga
268119,45341299,A60PM,Paga
268120,45341300,PUA24,Paga
268121,45341301,A36PU,Paga
268122,45341304,A48PU,Paga
268123,45341305,A60PM,Paga
268124,45341307,A48PU,Paga
268125,45341309,A60PM,N�o Paga
268126,45341311,A36PU,Paga
268127,45341316,C36PU,Paga
268128,45341317,A60PM,Paga
268129,45341318,A60PM,Paga
268130,45341321,A36PU,Paga
268131,45341325,A60PM,Paga
268132,45341326,B60PM,Paga
268133,45341327,A60PM,Paga
268134,45341329,A60PM,Paga
268135,45341331,A60PM,Paga
268136,45341333,A48PU,Paga
268137,45341334,C48PM,Paga
268138,45341944,A60PM,Paga
268139,45341945,A60PM,Paga
268140,45341949,A60PM,Paga
268141,45341950,A60PM,Paga
268142,45341951,A48PU,Paga
268143,45341952,A60PM,Paga
268144,45341953,A60PM,Paga
268145,45341954,A36PU,Paga
268146,45341955,B36PU,Paga
268147,45341957,A48PU,Paga
268148,45341959,A60PM,Paga
268149,45341960,A60PM,Paga
268150,45341961,A60PM,Paga
268151,45341962,B60PM,Paga
268152,45341965,A60PM,Paga
268153,45341966,A60PM,Paga
268154,45341968,A60PM,Paga
268155,45341970,A48PU,Paga
268156,45341972,PUF36,Paga
268157,45341974,PUA24,Paga
268158,45341975,A48PM,Paga
268159,45341978,A48PU,Paga
268160,45341980,A60PM,Paga
268161,45341985,PUA48,Paga
268162,45341986,PUA24,Paga
268163,45342670,PUA24,Paga
268164,45342671,A60PM,Paga
268165,45342673,A60PM,Paga
268166,45342676,C60PM,Paga
268167,45342680,A60PM,Paga
268168,45342681,A60PM,Paga
268169,45342682,A48PM,Paga
268170,45342683,B48PU,Paga
268171,45342684,A60PM,Paga
268172,45342686,A48PU,Paga
268173,45342689,C36PM,Paga
268174,45342690,A60PM,Paga
268175,45342691,A48PM,Paga
268176,45342692,PUA24,Paga
268177,45342693,A60PM,Paga
268178,45342694,A60PM,Paga
268179,45342695,C36PM,Paga
268180,45342696,PUA24,Paga
268181,45342698,B60PM,Paga
268182,45342699,A60PM,Paga
268183,45342701,A48PM,Paga
268184,45342702,A36PM,Paga
268185,45342703,B36PU,Paga
268186,45342705,A60PM,Paga
268187,45342707,A48PU,Paga
268188,45342708,A48PU,Paga
268189,45342711,A60PM,Paga
268190,45342715,B48PU,Paga
268191,45342716,A48PM,Paga
268192,45342717,PUA24,Paga
268193,45343460,PUD36,Paga
268194,45343461,A48PU,Paga
268195,45343462,E48PM,Cancelada pelo OTC
268196,45343463,A60PM,Paga
268197,45343464,PUF48,Paga
268198,45343466,PUA12,Paga
268199,45343467,PUF48,Paga
268200,45343469,A48PM,Paga
268201,45343470,A48PU,Paga
268202,45343471,E36PP,Paga
268203,45343472,PUB24,Paga
268204,45343474,A48PM,Paga
268205,45343476,A60PM,Paga
268206,45343477,A36PM,Paga
268207,45343478,B36PU,Paga
268208,45343480,PUD36,Paga
268209,45343481,B48PM,Paga
268210,45343482,PUF48,Paga
268211,45343485,B36PU,Paga
268212,45343486,PUC24,Paga
268213,45343489,A48PU,Paga
268214,45343492,A60PM,Paga
268215,45343493,PUA12,Paga
268216,45343495,A60PM,Paga
268217,45343496,A60PM,Paga
268218,45343499,A48PM,Paga
268219,45343500,A60PM,Paga
268220,45343502,A48PM,Paga
268221,45343503,A48PU,Paga
268222,45343506,A36PU,Paga
268223,45344234,A48PU,Paga
268224,45344237,PUH48,Paga
268225,45344238,C48PM,Paga
268226,45344239,A36PU,Paga
268227,45344240,A48PM,Paga
268228,45344242,A48PU,Paga
268229,45344245,A48PU,Paga
268230,45344246,A60PM,Paga
268231,45344247,A48PU,Paga
268232,45344251,A48PM,Paga
268233,45344258,B36PU,Paga
268234,45344262,A60PM,Paga
268235,45344267,PUA24,Paga
268236,45344268,A60PM,Paga
268237,45344269,B48PM,Paga
268238,45344270,B36PU,Paga
268239,45344272,A60PM,Paga
268240,45344274,A60PM,Paga
268241,45344275,PUF36,Paga
268242,45344276,PUB24,Paga
268243,45344277,A60PM,Paga
268244,45344278,A48PM,Paga
268245,45344953,PUA24,Paga
268246,45344954,PUA24,Paga
268247,45344955,PUA24,Paga
268248,45344956,A48PU,Paga
268249,45344957,A48PU,Paga
268250,45344958,A48PU,Paga
268251,45344959,A48PU,Paga
268252,45344960,A48PU,Paga
268253,45344961,A48PU,Paga
268254,45344962,A48PU,Paga
268255,45344963,A48PU,Paga
268256,45344964,A48PU,Paga
268257,45344965,A48PU,Paga
268258,45344966,A48PU,Paga
268259,45344967,A48PU,Paga
268260,45344968,A48PU,Paga
268261,45344969,A48PU,Paga
268262,45344970,A48PU,Paga
268263,45344971,A48PU,Paga
268264,45344972,A48PU,Paga
268265,45344973,A48PU,Paga
268266,45344974,A48PU,Paga
268267,45344975,A48PU,Paga
268268,45344979,PUA24,Paga
268269,45344980,PUA24,Paga
268270,45344981,A60PM,Paga
268271,45344982,A60PM,Paga
268272,45344983,A48PU,Paga
268273,45344984,A48PU,Paga
268274,45344985,C36PM,Paga
268275,45344986,C36PM,Paga
268276,45344987,C36PM,Paga
268277,45344988,C36PM,Paga
268278,45319629,A60PM,N�o Paga
268279,45319630,A60PM,Paga
268280,45319631,A60PM,Paga
268281,45319632,A48PU,Paga
268282,45319633,A60PM,Paga
268283,45319634,PUA24,Paga
268284,45319635,B48PM,Paga
268285,45319636,A36PU,Paga
268286,45319637,B36PU,Paga
268287,45319638,A60PM,Paga
268288,45319639,A48PM,Paga
268289,45319640,A48PU,Paga
268290,45319641,PUA48,Paga
268291,45319642,C48PM,Paga
268292,45319643,A48PU,Paga
268293,45319644,A60PM,Paga
268294,45319646,A60PM,Paga
268295,45319648,PUA24,Paga
268296,45319649,PUC24,Paga
268297,45319652,C60PM,Paga
268298,45319655,PUC12,Paga
268299,45319656,B60PM,Paga
268300,45319657,A60PM,Paga
268301,45319658,A48PM,Paga
268302,45319659,B48PM,Paga
268303,45319661,PUA24,Paga
268304,45319662,A60PM,Paga
268305,45319664,A60PM,Paga
268306,45319666,A60PM,Paga
268307,45319667,B60PM,Paga
268308,45320337,A60PM,Paga
268309,45320338,PUA12,Paga
268310,45320339,A60PM,Paga
268311,45320341,B36PU,Paga
268312,45320342,A60PM,Paga
268313,45320343,A60PM,Paga
268314,45320344,A48PM,Paga
268315,45320346,A36PU,Paga
268316,45320347,B60PM,Paga
268317,45320350,A60PM,Paga
268318,45320352,A48PM,Paga
268319,45320354,PUF48,Paga
268320,45320355,A48PM,Paga
268321,45320358,A48PU,Paga
268322,45320360,B48PM,Paga
268323,45320361,A60PM,Paga
268324,45320362,B36PU,Paga
268325,45320363,A60PM,Paga
268326,45320365,A60PM,Paga
268327,45320367,A60PM,Paga
268328,45320368,A60PM,Paga
268329,45320370,A60PM,N�o Paga
268330,45320371,A48PM,Paga
268331,45320373,PUF48,Paga
268332,45320374,A36PM,Paga
268333,45320375,PUC12,Paga
268334,45320377,A60PM,Paga
268335,45320378,PUA24,Paga
268336,45320379,A48PM,Paga
268337,45320380,PUF48,Paga
268338,45320381,A60PM,Paga
268339,45321040,A60PM,Paga
268340,45321043,A60PM,Paga
268341,45321045,A60PM,Paga
268342,45321046,C48PM,Paga
268343,45321047,PUA24,Paga
268344,45321048,A60PM,Paga
268345,45321049,A60PM,N�o Paga
268346,45321050,A48PM,Paga
268347,45321051,A48PU,Paga
268348,45321055,A60PM,Paga
268349,45321056,A60PM,Paga
268350,45321059,C36PP,N�o Paga
268351,45321060,C48PU,Paga
268352,45321063,B60PM,Paga
268353,45321064,A60PM,Paga
268354,45321065,PUA24,Paga
268355,45321066,B36PU,Paga
268356,45321067,A36PM,Paga
268357,45321068,A60PM,Paga
268358,45321069,A48PM,Paga
268359,45321071,A48PU,Paga
268360,45321073,A60PM,Paga
268361,45321075,D60PM,Paga
268362,45321076,A60PM,Paga
268363,45321079,A60PM,Paga
268364,45321080,A60PM,Paga
268365,45321081,B48PU,Paga
268366,45321082,A60PM,Paga
268367,45321083,A60PM,Cancelada pelo OTC
268368,45321084,A60PM,Paga
268369,45321085,A48PM,Paga
268370,45321748,A60PM,Paga
268371,45321749,A60PM,Paga
268372,45321751,A48PM,Paga
268373,45321752,C60PM,Paga
268374,45321753,C36PU,Paga
268375,45321758,A48PU,Paga
268376,45321759,A48PM,Paga
268377,45321760,A60PM,Paga
268378,45321762,B48PM,Paga
268379,45321763,A60PM,Paga
268380,45321764,A60PM,Paga
268381,45321765,A60PM,Paga
268382,45321766,A60PM,Paga
268383,45321767,A60PM,Paga
268384,45321770,A48PU,Paga
268385,45321774,A48PM,N�o Paga
268386,45321776,PUA24,Paga
268387,45321777,A48PM,Paga
268388,45321778,A60PM,Paga
268389,45321781,A48PU,Paga
268390,45321782,A48PM,Paga
268391,45321783,B60PM,Paga
268392,45321784,A60PM,Paga
268393,45321785,A48PM,Paga
268394,45321787,A60PM,Paga
268395,45321789,A48PU,Paga
268396,45321790,A60PM,Paga
268397,45321791,A60PM,Paga
268398,45321792,A60PM,Paga
268399,45321793,A60PM,Paga
268400,45322450,A60PM,Paga
268401,45322453,PUF36,Paga
268402,45322455,A60PM,Paga
268403,45322456,A60PM,Paga
268404,45322458,A60PM,Paga
268405,45322459,A60PM,Paga
268406,45322461,B36PU,Paga
268407,45322462,PUA24,Paga
268408,45322466,A36PU,Paga
268409,45322468,A60PM,Paga
268410,45322469,A60PM,Paga
268411,45322470,A48PU,Paga
268412,45322471,A60PM,Paga
268413,45322472,A60PM,Paga
268414,45322473,A60PM,Paga
268415,45322474,A60PM,Paga
268416,45322476,A48PU,Paga
268417,45322479,PUA24,Paga
268418,45322481,A60PM,Paga
268419,45322482,A48PM,Paga
268420,45322486,A60PM,Paga
268421,45322487,A60PM,Paga
268422,45322488,A60PM,Paga
268423,45322489,A60PM,Paga
268424,45322490,A48PM,Paga
268425,45322491,A36PM,Paga
268426,45322492,A48PM,Paga
268427,45323029,B60PM,Paga
268428,45323033,A60PM,Paga
268429,45323034,B36PU,Paga
268430,45323035,A60PM,Paga
268431,45323036,A48PU,Paga
268432,45323037,PUA24,Paga
268433,45323041,A60PM,Paga
268434,45323042,A48PM,Paga
268435,45323044,A60PM,Paga
268436,45323045,A48PM,Paga
268437,45323046,PUA24,Paga
268438,45323047,A60PM,Paga
268439,45323048,A60PM,Paga
268440,45323050,A60PM,Paga
268441,45323051,A48PM,Paga
268442,45323052,A60PM,Paga
268443,45323055,E60PM,Paga
268444,45323057,A60PM,Paga
268445,45323060,A60PM,Paga
268446,45323061,A36PU,Paga
268447,45323062,A60PM,Paga
268448,45323063,A60PM,Paga
268449,45323064,A60PM,Paga
268450,45323065,A48PU,Paga
268451,45323067,A48PU,Paga
268452,45323069,A60PM,Paga
268453,45323736,PUF48,Paga
268454,45323738,A60PM,Paga
268455,45323739,A60PM,Paga
268456,45323740,A60PM,Paga
268457,45323741,A60PM,Paga
268458,45323742,PUD48,Paga
268459,45323745,PUA24,Paga
268460,45323746,B48PU,Paga
268461,45323747,A60PM,Paga
268462,45323748,A60PM,Paga
268463,45323749,A48PU,Paga
268464,45323750,B60PM,Paga
268465,45323753,B48PU,Paga
268466,45323754,PUA24,Paga
268467,45323756,A60PM,Paga
268468,45323757,B36PU,Paga
268469,45323758,A60PM,Paga
268470,45323760,PUA24,Paga
268471,45323764,A60PM,Paga
268472,45323765,F48PM,N�o Paga
268473,45323766,A60PM,Paga
268474,45323767,A48PM,Paga
268475,45323769,A60PM,N�o Paga
268476,45323770,A60PM,Paga
268477,45323771,A48PM,Paga
268478,45323773,A36PU,Paga
268479,45323775,A60PM,Paga
268480,45323776,A60PM,Paga
268481,45324455,A48PM,Paga
268482,45324456,C36PM,Paga
268483,45324457,A48PM,Paga
268484,45324458,A60PM,Paga
268485,45324459,PUA24,Paga
268486,45324460,A60PM,Paga
268487,45324464,A60PM,Paga
268488,45324465,PUA24,Paga
268489,45324466,A60PM,Paga
268490,45324467,A60PM,Paga
268491,45324468,A60PM,Paga
268492,45324469,A60PM,Paga
268493,45324471,A60PM,Paga
268494,45324472,A60PM,Paga
268495,45324474,A60PM,Paga
268496,45324475,A60PM,Paga
268497,45324476,A36PM,Paga
268498,45324479,A60PM,Paga
268499,45324480,A60PM,Paga
268500,45324482,A60PM,N�o Paga
268501,45324483,A60PM,Paga
268502,45324484,A48PU,Paga
268503,45324486,A36PM,N�o Paga
268504,45324487,PUA24,Paga
268505,45324489,A60PM,Paga
268506,45324491,A60PM,Paga
268507,45324492,A60PM,Paga
268508,45324493,A48PU,Paga
268509,45325174,A48PU,Paga
268510,45325175,A60PM,Paga
268511,45325177,C36PU,Paga
268512,45325181,PUC24,Paga
268513,45325183,B60PM,Paga
268514,45325185,B36PM,Paga
268515,45325186,A48PM,Paga
268516,45325187,A60PM,Paga
268517,45325188,A60PM,Paga
268518,45325189,A60PM,Paga
268519,45325190,A48PU,Paga
268520,45325191,A48PM,Paga
268521,45325192,A60PM,Paga
268522,45325193,A60PM,Paga
268523,45325197,PUB24,Paga
268524,45325198,A60PM,N�o Paga
268525,45325235,A60PM,Paga
268526,45325203,A36PU,Paga
268527,45325206,A48PM,Paga
268528,45325207,A48PM,Paga
268529,45325209,A48PM,Paga
268530,45325210,PUA24,Paga
268531,45325211,PUA24,Cancelada pelo OTC
268532,45325212,PUA24,Paga
268533,45325213,A36PU,Paga
268534,45325215,PUA12,Paga
268535,45325216,A60PM,Paga
268536,45325930,A60PM,Paga
268537,45325932,A60PM,Paga
268538,45325934,A36PM,Paga
268539,45325935,A48PU,Paga
268540,45325937,A60PM,Paga
268541,45325941,A60PM,Paga
268542,45325942,D48PM,Cancelada pelo OTC
268543,45325943,A36PU,Paga
268544,45325945,A60PM,Paga
268545,45325946,A60PM,Paga
268546,45325948,A60PM,Paga
268547,45325949,A48PM,Paga
268548,45325950,A60PM,Paga
268549,45325954,PUD36,Paga
268550,45325955,A48PM,Paga
268551,45325956,B36PM,Cancelada pelo OTC
268552,45325959,A60PM,Paga
268553,45325965,PUA48,Paga
268554,45325966,A48PM,Paga
268555,45325971,A60PM,Paga
268556,45325974,A60PM,Paga
268557,45325975,PUC12,Paga
268558,2005041604,PU001D,Paga
268559,2005041636,PU001Q,Paga
268560,2005041637,PU001Q,Paga
268561,2005041638,PU001Q,Paga
268562,45319947,A60PM,Paga
268563,45319948,A48PM,Paga
268564,45319949,PUA12,Paga
268565,45319951,A60PM,Paga
268566,45319952,A48PU,Paga
268567,45319954,A60PM,Paga
268568,45319955,A60PM,Paga
268569,45319956,A60PM,Paga
268570,45319958,A60PM,Paga
268571,45319959,A60PM,Paga
268572,45319963,A60PM,Paga
268573,45319964,A60PM,Paga
268574,45319966,A48PM,Paga
268575,45319967,A60PM,Paga
268576,45319969,A60PM,Paga
268577,45319970,A60PM,Paga
268578,45319971,A60PM,Paga
268579,45319972,C60PM,Paga
268580,45319973,C60PM,Paga
268581,45319974,A36PM,Paga
268582,45319975,PUA24,Paga
268583,45319976,A60PM,Paga
268584,45319977,A48PM,Paga
268585,45319979,A60PM,Paga
268586,45319980,PUA24,Paga
268587,45319981,B36PM,Paga
268588,45320639,A60PM,Paga
268589,45320642,A36PM,Paga
268590,45320643,A60PM,Paga
268591,45320645,A60PM,N�o Paga
268592,45320646,A48PU,Paga
268593,45320647,A60PM,Paga
268594,45320649,A60PM,Paga
268595,45320650,A60PM,Paga
268596,45320651,A48PM,Paga
268597,45320652,A60PM,Paga
268598,45320655,A48PM,Paga
268599,45320658,A48PM,Paga
268600,45320661,A60PM,Paga
268601,45320663,C48PM,Paga
268602,45320664,A60PM,Paga
268603,45320668,A60PM,N�o Paga
268604,45320669,A48PU,Paga
268605,45320670,A60PM,Paga
268606,45320672,A60PM,Paga
268607,45320673,A48PM,Paga
268608,45320674,A48PU,Paga
268609,45320675,A60PM,Paga
268610,45320676,A60PM,Paga
268611,45320679,A60PM,Paga
268612,45320681,A60PM,Paga
268613,45320682,A48PM,Paga
268614,45320685,A60PM,Paga
268615,45320686,A48PM,Paga
268616,45320689,A60PM,Paga
268617,45321358,A60PM,Paga
268618,45321359,A48PM,Paga
268619,45321360,A60PM,Paga
268620,45321361,A60PM,Paga
268621,45321363,B60PM,Paga
268622,45321364,A60PM,Paga
268623,45321367,A48PU,Paga
268624,45321368,A48PU,Paga
268625,45321369,A48PU,Paga
268626,45321370,A60PM,Paga
268627,45321371,A60PM,Paga
268628,45265614,A36PM,Paga
268629,45265620,A60PM,Paga
268630,45265642,A48PM,N�o Paga
268631,45265646,A60PM,Paga
268632,45265648,A60PM,Paga
268633,45265653,A60PM,Paga
268634,45265655,E48PM,N�o Paga
268635,45319538,B36PM,Paga
268636,45319539,A60PM,Cancelada pelo OTC
268637,45319541,A48PM,Paga
268638,45319542,A48PM,Paga
268639,45319543,A60PM,Paga
268640,45319544,A60PM,Paga
268641,45319545,A48PU,Paga
268642,45319546,A48PM,Paga
268643,45319548,A60PM,Paga
268644,45319550,A60PM,Paga
268645,45319551,A60PM,Paga
268646,45319553,A60PM,Paga
268647,45319555,E60PM,Paga
268648,45319556,A60PM,Paga
268649,45319557,A60PM,Paga
268650,45319558,A36PM,Paga
268651,45319561,B48PM,Paga
268652,45319562,A60PM,Paga
268653,45319563,A48PM,Paga
268654,45319565,A60PM,Paga
268655,45319567,A48PM,Paga
268656,45319574,A60PM,Paga
268657,45319575,A48PM,Paga
268658,45319772,A60PM,Paga
268659,45319577,A60PM,Paga
268660,45320245,A48PM,Paga
268661,45320246,A60PM,Paga
268662,45320248,PUF48,Paga
268663,45320251,A60PM,Paga
268664,45320253,A48PU,Paga
268665,45320254,A36PM,Paga
268666,45320255,A48PM,Paga
268667,45320256,A60PM,Paga
268668,45320257,A48PU,Paga
268669,45320259,A48PU,Paga
268670,45320261,A60PM,Paga
268671,45320264,A60PM,Paga
268672,45320265,B36PU,Paga
268673,45320268,A60PM,Paga
268674,45320269,A60PM,Paga
268675,45320270,A60PM,Paga
268676,45320271,A60PM,Paga
268677,45320272,A60PM,Paga
268678,45320273,A48PM,Paga
268679,45320274,A60PM,Paga
268680,45320276,A60PM,Paga
268681,45320277,C48PM,Paga
268682,45320278,A36PM,Paga
268683,45320279,A60PM,Paga
268684,45320280,A48PU,Paga
268685,45320281,A60PM,Paga
268686,45320286,A60PM,Paga
268687,45320287,PUB24,Paga
268688,45320288,A48PM,Paga
268689,45320289,A60PM,Paga
268690,45320290,A60PM,Paga
268691,45320957,A48PU,Paga
268692,45320958,A60PM,Paga
268693,45320960,A48PM,N�o Paga
268694,45320961,A48PM,Paga
268695,45320962,A48PM,Paga
268696,45320963,A60PM,Paga
268697,45320964,PUC24,Paga
268698,45320966,PUA24,Paga
268699,45320967,A48PM,Paga
268700,45320968,A36PM,Paga
268701,45320970,A60PM,Paga
268702,45320972,A60PM,Paga
268703,45320974,A48PM,Paga
268704,45320975,PUA24,Paga
268705,45320976,A60PM,Paga
268706,45320980,A48PU,Paga
268707,45320981,PUC24,Paga
268708,45320982,A48PU,N�o Paga
268709,45320983,PUB24,Paga
268710,45320985,A48PM,Paga
268711,45320986,A60PM,Paga
268712,45320987,A48PU,Paga
268713,45320988,A60PM,Paga
268714,45320989,A48PM,Paga
268715,45320990,A48PU,Paga
268716,45320991,A48PM,Paga
268717,45320992,A60PM,Paga
268718,45320993,A60PM,Paga
268719,45320994,A48PU,Paga
268720,45321659,C48PM,Paga
268721,45321661,A60PM,Paga
268722,45321662,A60PM,N�o Paga
268723,45321664,A48PU,Paga
268724,45321666,A48PM,Paga
268725,45321667,A48PU,Paga
268726,45321668,A60PM,Paga
268727,45321670,A48PM,Paga
268728,45321671,A60PM,Paga
268729,45321672,A60PM,Paga
268730,45321674,A48PM,Paga
268731,45321675,A60PM,N�o Paga
268732,45321676,A60PM,Paga
268733,45321679,A60PM,Paga
268734,45321685,A48PU,Paga
268735,45321686,A48PU,Paga
268736,45321687,A60PM,Paga
268737,45321689,PUA24,Paga
268738,45321690,A60PM,Paga
268739,45321691,A60PM,Paga
268740,45321695,A60PM,Paga
268741,45321696,PUA24,Paga
268742,45321697,A60PM,Paga
268743,45321698,PUC12,Paga
268744,45321700,A48PM,Paga
268745,45321701,A60PM,N�o Paga
268746,45322362,A60PM,Paga
268747,45322366,A60PM,Paga
268748,45322367,D48PM,Paga
268749,45322368,A60PM,Paga
268750,45322369,A60PM,Paga
268751,45322370,A60PM,Paga
268752,45322373,PUA48,Paga
268753,45322377,A36PU,Paga
268754,45322378,A60PM,Paga
268755,45322380,A60PM,Paga
268756,45322381,PUA24,Paga
268757,45322382,A48PM,Paga
268758,45322383,A48PM,Paga
268759,45322384,A60PM,Paga
268760,45322385,A48PM,Paga
268761,45322386,PUB24,Paga
268762,45322387,A60PM,Paga
268763,45322389,A48PU,Paga
268764,45322390,B36PU,Paga
268765,45322391,A60PM,Paga
268766,45322392,A60PM,Paga
268767,45322393,A60PM,Paga
268768,45322394,A60PM,N�o Paga
268769,45322396,C48PM,Paga
268770,45322397,A48PM,Paga
268771,45322398,PUA24,Paga
268772,45322399,A60PM,Paga
268773,45322401,A60PM,Paga
268774,45322402,C36PU,Paga
268775,45322404,A60PM,Paga
268776,45322943,A60PM,Paga
268777,45322944,PUA12,Paga
268778,45322946,PUC24,Paga
268779,45322947,A60PM,Paga
268780,45322949,A60PM,Paga
268781,45322950,A60PM,Paga
268782,45322951,A48PM,Paga
268783,45322952,A60PM,Paga
268784,45322955,D48PM,Paga
268785,45322957,A60PM,Paga
268786,45322958,A60PM,Paga
268787,45322959,A60PM,Paga
268788,45322960,A60PM,Paga
268789,45322961,A60PM,Paga
268790,45322962,A36PM,Paga
268791,45322963,A60PM,Paga
268792,45322964,A60PM,Paga
268793,45322965,PUC24,Paga
268794,45322966,C48PM,Paga
268795,45322967,B36PM,Paga
268796,45322968,A48PM,Paga
268797,45322971,A48PM,Paga
268798,45322974,A60PM,Paga
268799,45322975,B36PU,Paga
268800,45322976,B48PU,Paga
268801,45322979,A60PM,Paga
268802,45322982,A48PM,Paga
268803,45322984,A48PM,Paga
268804,45323647,A48PM,Paga
268805,45323649,A60PM,Paga
268806,45323651,A60PM,Paga
268807,45323652,C48PM,Paga
268808,45323656,A60PM,Paga
268809,45323661,A48PM,Paga
268810,45323664,A60PM,Paga
268811,45323666,A60PM,Paga
268812,45323669,A60PM,Paga
268813,45323671,A60PM,Paga
268814,45323672,A60PM,Paga
268815,45323673,B36PP,N�o Paga
268816,45323674,A60PM,Paga
268817,45323676,B36PU,Paga
268818,45323677,A48PM,Paga
268819,45323682,A60PM,Paga
268820,45323684,A60PM,Paga
268821,45323685,A48PM,Paga
268822,45323686,A48PM,Cancelada pelo OTC
268823,45323687,A60PM,Paga
268824,45323689,PUA48,Paga
268825,45323690,A36PU,Paga
268826,45323691,A60PM,Paga
268827,45323693,C60PM,Cancelada pelo OTC
268828,45324367,PUA24,Paga
268829,45324368,PUB48,Paga
268830,45324369,A60PM,Paga
268831,45324370,B36PU,Paga
268832,45324372,A48PU,Paga
268833,45324373,A48PM,Paga
268834,45324374,A60PM,N�o Paga
268835,45324375,A60PM,Paga
268836,45324379,PUA24,Paga
268837,45324380,A60PM,Paga
268838,45324381,PUA24,Paga
268839,45324384,A60PM,Paga
268840,45324385,A60PM,Paga
268841,45324388,A60PM,Paga
268842,45324389,A48PU,Paga
268843,45324393,A48PU,Paga
268844,45324394,A60PM,Paga
268845,45324395,A60PM,Paga
268846,45324396,A60PM,Paga
268847,45324399,A60PM,Paga
268848,45324401,A60PM,Paga
268849,45324402,PUA24,N�o Paga
268850,45324404,B48PM,Paga
268851,45324405,A60PM,Paga
268852,45324406,A48PM,Paga
268853,45324407,C36PU,Paga
268854,45324408,A60PM,Paga
268855,45324409,A60PM,Paga
268856,45324410,PUC24,Paga
268857,45324411,A48PU,Paga
268858,45324412,A60PM,Paga
268859,45325092,A36PM,Paga
268860,45325093,A60PM,Paga
268861,45325094,A60PM,Paga
268862,45325096,B60PM,Paga
268863,45325097,PUA24,Paga
268864,45325098,PUA24,Paga
268865,45325099,A60PM,Paga
268866,45325101,A60PM,Paga
268867,45325102,A60PM,N�o Paga
268868,45325103,B36PU,Paga
268869,45325105,A48PU,Paga
268870,45325106,B36PU,Paga
268871,45325107,A60PM,Paga
268872,45325108,PUF36,Paga
268873,45325110,A60PM,Paga
268874,45325111,B36PU,Paga
268875,45325114,PUA48,Paga
268876,45325116,A60PM,Paga
268877,45325117,A60PM,Paga
268878,45325120,A60PM,Paga
268879,45325121,B48PU,Paga
268880,45325122,A60PM,Paga
268881,45325124,B48PM,Paga
268882,45325125,A60PM,Paga
268883,45325126,A36PU,Paga
268884,45325130,PUA48,Paga
268885,45325131,A60PM,Paga
268886,45325836,A48PM,Paga
268887,45325837,A60PM,Paga
268888,45325838,A60PM,Paga
268889,45325839,A48PM,Paga
268890,45325842,A48PU,Paga
268891,45325843,A60PM,Paga
268892,45325844,PUA24,Paga
268893,45325845,A36PM,Paga
268894,45325847,PUF36,Paga
268895,45325850,B36PM,Paga
268896,45325851,A60PM,Paga
268897,45325852,B36PM,Paga
268898,45325856,A60PM,Paga
268899,45325857,A60PM,Paga
268900,45325861,A48PU,Paga
268901,45325862,A60PM,Cancelada pelo OTC
268902,45325866,A60PM,Paga
268903,45325867,A60PM,N�o Paga
268904,45325868,A60PM,Paga
268905,45325869,PUA48,Paga
268906,45325870,A60PM,Paga
268907,45325872,A60PM,Paga
268908,45325873,A60PM,Paga
268909,45325874,PUA48,Paga
268910,45325875,A60PM,Paga
268911,45325876,PUA24,Cancelada pelo OTC
268912,45325877,PUC12,Paga
268913,45325878,A60PM,Paga
268914,45325879,PUC12,Paga
268915,45259721,H48PM,Paga
268916,45259722,A60PM,Paga
268917,45259724,E48PM,Paga
268918,45259725,E48PM,N�o Paga
268919,45259726,E48PM,Paga
268920,45259727,E48PM,Paga
268921,45259731,E48PM,Paga
268922,45259733,E48PM,N�o Paga
268923,45259734,E48PM,Paga
268924,45259735,E48PM,N�o Paga
268925,45259738,E48PM,N�o Paga
268926,45259739,E48PM,Paga
268927,45259740,E48PM,N�o Paga
268928,45259741,E48PM,N�o Paga
268929,45259743,E48PM,Paga
268930,45259745,A48PM,Paga
268931,45259749,F48PM,N�o Paga
268932,45259750,E48PM,Paga
268933,45259751,F48PM,Paga
268934,45259752,F48PM,Paga
268935,45259753,F48PM,N�o Paga
268936,45259754,E48PM,Paga
268937,45260531,A60PM,Paga
268938,45260533,A60PM,Paga
268939,45260541,A60PM,Paga
268940,45260543,A60PM,Paga
268941,45260546,A60PM,Paga
268942,45260550,A60PM,Paga
268943,45260552,A48PU,Paga
268944,45260557,A48PU,Paga
268945,45260558,B36PM,Paga
268946,45260562,A60PM,Paga
268947,45261232,A60PM,N�o Paga
268948,45261237,PUA24,Paga
268949,45261238,A48PM,Paga
268950,45261246,A60PM,Paga
268951,45261247,B48PM,Paga
268952,45261249,B48PM,Paga
268953,45261252,A60PM,Paga
268954,45261262,A48PM,Paga
268955,45261267,A48PU,N�o Paga
268956,45261274,A60PM,Paga
268957,45261275,E60PM,Cancelada pelo OTC
268958,45261938,A48PM,Paga
268959,45261946,A60PM,Paga
268960,45261949,A48PM,N�o Paga
268961,45261950,A36PM,Paga
268962,45261955,A60PM,N�o Paga
268963,45261959,A36PM,Paga
268964,45261962,A60PM,Paga
268965,45261966,A60PM,Paga
268966,45261970,A60PM,Paga
268967,45261971,B48PM,Paga
268968,45261974,A60PM,Paga
268969,45261976,A48PM,Paga
268970,45262650,A60PM,N�o Paga
268971,45262651,A60PM,N�o Paga
268972,45262653,A60PM,Paga
268973,45262681,A60PM,Paga
268974,45262682,B48PM,Paga
268975,45262684,A60PM,Paga
268976,45262685,A48PM,Paga
268977,45263343,A60PM,Paga
268978,45266146,PUA24,Paga
268979,45263353,A36PM,Paga
268980,45263358,B48PM,Paga
268981,45263359,A48PM,Paga
268982,45263361,B60PM,Paga
268983,45263363,A60PM,Paga
268984,45263365,A48PM,Paga
268985,45263371,A60PM,Paga
268986,45263381,A60PM,Paga
268987,45264056,A60PM,Paga
268988,45264060,A48PM,Paga
268989,45264063,A60PM,N�o Paga
268990,45264070,A60PM,Paga
268991,45264072,PUC24,Paga
268992,45264078,A48PM,Paga
268993,45264083,A60PM,N�o Paga
268994,45264085,A48PM,Paga
268995,45264086,A60PM,Paga
268996,45264088,A60PM,Paga
268997,45264089,A60PM,Paga
268998,45264093,B60PM,Paga
268999,45264101,A48PM,Paga
269000,45264774,A60PM,Paga
269001,45264775,A60PM,Paga
269002,45264790,A60PM,Paga
269003,45264796,B48PM,Paga
269004,45264799,A48PU,Paga
269005,45264807,A60PM,Paga
269006,45264810,A48PM,Paga
269007,45264820,PUA24,Paga
269008,45265540,A48PM,Paga
269009,45265543,H48PM,Paga
269010,45265544,A60PM,Paga
269011,45265551,C48PM,Paga
269012,45265557,B60PM,Paga
269013,45265558,A60PM,N�o Paga
269014,45265562,PUA24,Paga
269015,2005038833,PU001D,Paga
269016,45188715,G48PM,N�o Paga
269017,45188717,A60PM,Paga
269018,45188719,B36PU,Paga
269019,45188724,A60PM,Paga
269020,45188726,A60PM,N�o Paga
269021,45188739,PUA24,Paga
269022,45189415,A60PM,Paga
269023,45189419,A48PM,Paga
269024,45189420,B36PU,Paga
269025,45189443,A48PM,Paga
269026,45190103,A48PM,Paga
269027,45190106,A36PP,N�o Paga
269028,45190107,C36PM,N�o Paga
269029,45190108,B48PM,Paga
269030,45190109,A60PM,N�o Paga
269031,45190111,A36PM,Paga
269032,45190113,A48PM,Paga
269033,45190117,E60PM,N�o Paga
269034,45190118,A48PM,N�o Paga
269035,45190119,A60PM,Paga
269036,45190122,A60PM,N�o Paga
269037,45190123,B48PM,Paga
269038,45190124,B60PM,N�o Paga
269039,45190127,B60PM,Paga
269040,45190128,A60PM,Paga
269041,45190129,B48PM,Paga
269042,45190134,C60PM,Paga
269043,45190135,B60PM,N�o Paga
269044,45190138,A48PM,Paga
269045,45190140,A60PM,Paga
269046,45190141,A48PM,N�o Paga
269047,45190146,E60PM,Paga
269048,45190149,A48PM,Paga
269049,44674182,B60PM,Paga
269050,44674794,A48PM,Paga
269051,45083852,A48PU,Paga
269052,45083853,A48PU,Paga
269053,45083854,A48PU,Paga
269054,45083855,A48PU,Paga
269055,45306348,E48PM,N�o Paga
269056,45306356,E48PM,Paga
269057,45306359,F48PM,Paga
269058,45306360,F48PM,N�o Paga
269059,45306361,F48PM,Paga
269060,45306362,E48PM,Paga
269061,45306365,F48PM,Paga
269062,45306367,F48PM,N�o Paga
269063,45306368,F48PM,N�o Paga
269064,45306369,F48PM,Paga
269065,45306374,F48PM,Cancelada pelo OTC
269066,45306375,E48PM,N�o Paga
269067,45306378,E48PM,Paga
269068,45306379,F48PM,Paga
269069,45306624,A48PM,Paga