_CustomObjectKey,ID,HC_CustomerToBeDeleted_Flg__c
118092,a0i6g000005QwoPAAS,false
118093,a0i6g000005QwrXAAS,false
118094,a0i6g000005QwrmAAC,false
118095,a0i6g000005QwtfAAC,false
118096,a0i6g000005QxLyAAK,false
118097,a0i6g000005QxM4AAK,false
118098,a0i6g000005QxNTAA0,false
118099,a0i6g000005QxQ6AAK,false
118100,a0i6g000005QxZ3AAK,false
118101,a0i6g000005QxchAAC,false
118102,a0i6g000005Qxm2AAC,false
118103,a0i6g000005QxrMAAS,false
118104,a0i6g000005Qxu3AAC,false
118105,a0i6g000005Qxu7AAC,false
118106,a0i6g000005QxyFAAS,false
118107,a0i6g000005Qy1ZAAS,false
118108,a0i6g000005QyOgAAK,false
118109,a0i6g000005QyOlAAK,false
118110,a0i6g000005QyfFAAS,false
118111,a0i6g000005QyfNAAS,false
118112,a0i6g000005QyfdAAC,false
118113,a0i6g000005QyfkAAC,false
118114,a0i6g000005QyfmAAC,false
118115,a0i6g000005Qyi2AAC,false
118116,a0i6g000005QykJAAS,false
118117,a0i6g000005QypeAAC,false
118118,a0i6g000005Qyt5AAC,false
118119,a0i6g000005Qyx4AAC,false
118120,a0i6g000005QzB9AAK,false
118121,a0i6g000005QzCVAA0,false
118122,a0i6g000005QzDNAA0,false
118123,a0i6g000005QzIKAA0,false
118124,a0i6g000005QzUrAAK,false
118125,a0i6g000005QzVkAAK,false
118126,a0i6g000005QzY3AAK,false
118127,a0i6g000005QzYAAA0,false
118128,a0i6g000005QzYgAAK,false
118129,a0i6g000005QzZXAA0,false
118130,a0i6g000005QzbLAAS,false
118131,a0i6g000005QzbRAAS,false
118132,a0i6g000005QzhOAAS,false
118133,a0i6g000005Qzm3AAC,false
118134,a0i6g000005QzmTAAS,false
118135,a0i6g000005QznwAAC,false
118136,a0i6g000005QzpvAAC,false
118137,a0i6g000005QzqAAAS,false
118138,a0i6g000005QzqFAAS,false
118139,a0i6g000005QzsxAAC,false
118140,a0i6g000005Qzv9AAC,false
118141,a0i6g000005R00UAAS,false
118142,a0i6g000005R02kAAC,false
118143,a0i6g000005R059AAC,false
118144,a0i6g000005R072AAC,false
118145,a0i6g000005R07TAAS,false
118146,a0i6g000005R07eAAC,false
118147,a0i6g000005R07xAAC,false
118148,a0i6g000005R08NAAS,false
118149,a0i6g000005R08wAAC,false
118150,a0i6g000005R09LAAS,false
118151,a0i6g000005R0BpAAK,false
118152,a0i6g000005R0CzAAK,false
118153,a0i6g000005R0DOAA0,false
118154,a0i6g000005R0DqAAK,false
118155,a0i6g000005R0EUAA0,false
118156,a0i6g000005R0EeAAK,false
118157,a0i6g000005R0EoAAK,false
118158,a0i6g000005R0EtAAK,false
118159,a0i6g000005R0EyAAK,false
118160,a0i6g000005R0FNAA0,false
118161,a0i6g000005R0FXAA0,false
118162,a0i6g000005R0GuAAK,false
118163,a0i6g000005R0HeAAK,false
118164,a0i6g000005R0HxAAK,false
118165,a0i6g000005R3MvAAK,false
118166,a0i6g000005R3OMAA0,false
118167,a0i6g000005R3T3AAK,false
118168,a0i6g000005R3WaAAK,false
118169,a0i6g000005R3bYAAS,false
118170,a0i6g000005R3blAAC,false
118171,a0i6g000005R3dcAAC,false
118172,a0i6g000005R3e3AAC,false
118173,a0i6g000005R3eEAAS,false
118174,a0i6g000005R3u8AAC,false
118175,a0i6g000005R3vUAAS,false
118176,a0i6g000005R427AAC,false
118177,a0i6g000005R44FAAS,false
118178,a0i6g000005R47iAAC,false
118179,a0i6g000005R48qAAC,false
118180,a0i6g000005R4CZAA0,false
118181,a0i6g000005R4hpAAC,false
118182,a0i6g000005R4j8AAC,false
118183,a0i6g000005R4lvAAC,false
118184,a0i6g000005R4nzAAC,false
118185,a0i6g000005R4o0AAC,false
118186,a0i6g000005R4oGAAS,false
118187,a0i6g000005R4oKAAS,false
118188,a0i6g000005R4olAAC,false
118189,a0i6g000005R4r6AAC,false
118190,a0i6g000005R4rCAAS,false
118191,a0i6g000005R4rEAAS,false
118192,a0i6g000005R50HAAS,false
118193,a0i6g000005R51wAAC,false
118194,a0i6g000005R541AAC,false
118195,a0i6g000005R55XAAS,false
118196,a0i6g000005R56UAAS,false
118197,a0i6g000005R56VAAS,false
118198,a0i6g000005R58bAAC,false
118199,a0i6g000005R5KQAA0,false
118200,a0i6g000005R5Y7AAK,false
118201,a0i6g000005R5ZiAAK,false
118202,a0i6g000005R5aYAAS,false
118203,a0i6g000005R5duAAC,false
118204,a0i6g000005R5gAAAS,false
118205,a0i6g000005R5gMAAS,false
118206,a0i6g000005R5i2AAC,false
118207,a0i6g000005R61lAAC,false
118208,a0i6g000005R66jAAC,false
118209,a0i6g000005R6AQAA0,false
118210,a0i6g000005R6AnAAK,false
118211,a0i6g000005R6BQAA0,false
118212,a0i6g000005R6BXAA0,false
118213,a0i6g000005R6BYAA0,false
118214,a0i6g000005R6BnAAK,false
118215,a0i6g000005R6CMAA0,false
118216,a0i6g000005R6COAA0,false
118217,a0i6g000005R6CuAAK,false
118218,a0i6g000005R6CxAAK,false
118219,a0i6g000005R6D9AAK,false
118220,a0i6g000005R6DEAA0,false
118221,a0i6g000005R6DJAA0,false
118222,a0i6g000005R6DdAAK,false
118223,a0i6g000005R6DgAAK,false
118224,a0i6g000005R6DnAAK,false
118225,a0i6g000005R6DvAAK,false
118226,a0i6g000005R6E3AAK,false
118227,a0i6g000005R6EDAA0,false
118228,a0i6g000005R6EJAA0,false
118229,a0i6g000005R6ETAA0,false
118230,a0i6g000005R6EgAAK,false
118231,a0i6g000005R6YUAA0,false
118232,a0i6g000005R6eMAAS,false
118233,a0i6g000005R6eOAAS,false
118234,a0i6g000005R6eQAAS,false
118235,a0i6g000005R6eXAAS,false
118236,a0i6g000005R6ecAAC,false
118237,a0i6g000005R6jFAAS,false
118238,a0i6g000005R6kDAAS,false
118239,a0i6g000005R6uKAAS,false
118240,a0i6g000005R6uoAAC,false
118241,a0i6g000005R6utAAC,false
118242,a0i6g000005R6wIAAS,false
118243,a0i6g000005R74tAAC,false
118244,a0i6g000005R78sAAC,false
118245,a0i6g000005R7CEAA0,false
118246,a0i6g000005R7CWAA0,false
118247,a0i6g000005R7EHAA0,false
118248,a0i6g000005R7GLAA0,false
118249,a0i6g000005R7GdAAK,false
118250,a0i6g000005R7P5AAK,false
118251,a0i6g000005R7UMAA0,false
118252,a0i6g000005R7VaAAK,false
118253,a0i6g000005R7WsAAK,false
118254,a0i6g000005R9M9AAK,false
118255,a0i6g000005R9R6AAK,false
118256,a0i6g000005R9S0AAK,false
118257,a0i6g000005R9ZLAA0,false
118258,a0i6g000005R9g0AAC,false
118259,a0i6g000005R9gGAAS,false
118260,a0i6g000005R9gSAAS,false
118261,a0i6g000005R9gZAAS,false
118262,a0i6g000005Qwr9AAC,false
118263,a0i6g000005QxeWAAS,false
118264,a0i6g000005Qxr5AAC,false
118265,a0i6g000005QxraAAC,false
118266,a0i6g000005Qy8HAAS,false
118267,a0i6g000005QyIaAAK,false
118268,a0i6g000005QyZaAAK,false
118269,a0i6g000005QyfBAAS,false
118270,a0i6g000005QyfGAAS,false
118271,a0i6g000005QyfHAAS,false
118272,a0i6g000005QyfOAAS,false
118273,a0i6g000005QyfSAAS,false
118274,a0i6g000005QyfTAAS,false
118275,a0i6g000005QyfrAAC,false
118276,a0i6g000005QyveAAC,false
118277,a0i6g000005Qz4uAAC,false
118278,a0i6g000005QzGWAA0,false
118279,a0i6g000005QzZdAAK,false
118280,a0i6g000005QzZmAAK,false
118281,a0i6g000005QzbjAAC,false
118282,a0i6g000005QzcjAAC,false
118283,a0i6g000005QzdMAAS,false
118284,a0i6g000005Qze1AAC,false
118285,a0i6g000005Qzh7AAC,false
118286,a0i6g000005Qzh9AAC,false
118287,a0i6g000005Qzp6AAC,false
118288,a0i6g000005QzqSAAS,false
118289,a0i6g000005QzrwAAC,false
118290,a0i6g000005QzsBAAS,false
118291,a0i6g000005QzsUAAS,false
118292,a0i6g000005QzsYAAS,false
118293,a0i6g000005QzvPAAS,false
118294,a0i6g000005QzvTAAS,false
118295,a0i6g000005QzwXAAS,false
118296,a0i6g000005QzyGAAS,false
118297,a0i6g000005R01HAAS,false
118298,a0i6g000005R055AAC,false
118299,a0i6g000005R07tAAC,false
118300,a0i6g000005R0AdAAK,false
118301,a0i6g000005R0AiAAK,false
118302,a0i6g000005R0AwAAK,false
118303,a0i6g000005R0BaAAK,false
118304,a0i6g000005R0BuAAK,false
118305,a0i6g000005R0DWAA0,false
118306,a0i6g000005R0EzAAK,false
118307,a0i6g000005R0FwAAK,false
118308,a0i6g000005R0GpAAK,false
118309,a0i6g000005R0HUAA0,false
118310,a0i6g000005R0I7AAK,false
118311,a0i6g000005R0IRAA0,false
118312,a0i6g000005R3OJAA0,false
118313,a0i6g000005R3PsAAK,false
118314,a0i6g000005R3QHAA0,false
118315,a0i6g000005R3VKAA0,false
118316,a0i6g000005R3VWAA0,false
118317,a0i6g000005R3elAAC,false
118318,a0i6g000005R3ewAAC,false
118319,a0i6g000005R40RAAS,false
118320,a0i6g000005R4OdAAK,false
118321,a0i6g000005R4ifAAC,false
118322,a0i6g000005R4jKAAS,false
118323,a0i6g000005R4jyAAC,false
118324,a0i6g000005R4kWAAS,false
118325,a0i6g000005R4m5AAC,false
118326,a0i6g000005R4nnAAC,false
118327,a0i6g000005R4oAAAS,false
118328,a0i6g000005R4oCAAS,false
118329,a0i6g000005R4oEAAS,false
118330,a0i6g000005R4pwAAC,false
118331,a0i6g000005R4qfAAC,false
118332,a0i6g000005R4r1AAC,false
118333,a0i6g000005R4rqAAC,false
118334,a0i6g000005R4tZAAS,false
118335,a0i6g000005R4wCAAS,false
118336,a0i6g000005R51TAAS,false
118337,a0i6g000005R51mAAC,false
118338,a0i6g000005R56wAAC,false
118339,a0i6g000005R5ADAA0,false
118340,a0i6g000005R5JvAAK,false
118341,a0i6g000005R5QiAAK,false
118342,a0i6g000005R5XXAA0,false
118343,a0i6g000005R5bmAAC,false
118344,a0i6g000005R5dsAAC,false
118345,a0i6g000005R5eAAAS,false
118346,a0i6g000005R5eWAAS,false
118347,a0i6g000005R5g9AAC,false
118348,a0i6g000005R5gUAAS,false
118349,a0i6g000005R5qxAAC,false
118350,a0i6g000005R65SAAS,false
118351,a0i6g000005R67IAAS,false
118352,a0i6g000005R6ARAA0,false
118353,a0i6g000005R6AUAA0,false
118354,a0i6g000005R6AhAAK,false
118355,a0i6g000005R6AiAAK,false
118356,a0i6g000005R6AkAAK,false
118357,a0i6g000005R6AlAAK,false
118358,a0i6g000005R6B2AAK,false
118359,a0i6g000005R6B7AAK,false
118360,a0i6g000005R6BRAA0,false
118361,a0i6g000005R6BhAAK,false
118362,a0i6g000005R6CGAA0,false
118363,a0i6g000005R6CLAA0,false
118364,a0i6g000005R6CdAAK,false
118365,a0i6g000005R6CgAAK,false
118366,a0i6g000005R6ChAAK,false
118367,a0i6g000005R6ClAAK,false
118368,a0i6g000005R6D0AAK,false
118369,a0i6g000005R6DoAAK,false
118370,a0i6g000005R6DtAAK,false
118371,a0i6g000005R6DwAAK,false
118372,a0i6g000005R6DxAAK,false
118373,a0i6g000005R6DyAAK,false
118374,a0i6g000005R6ELAA0,false
118375,a0i6g000005R6ENAA0,false
118376,a0i6g000005R6EaAAK,false
118377,a0i6g000005R6EcAAK,false
118378,a0i6g000005R6VdAAK,false
118379,a0i6g000005R6VxAAK,false
118380,a0i6g000005R6cQAAS,false
118381,a0i6g000005R6idAAC,false
118382,a0i6g000005R6jBAAS,false
118383,a0i6g000005R6knAAC,false
118384,a0i6g000005R6m1AAC,false
118385,a0i6g000005R6mSAAS,false
118386,a0i6g000005R6pPAAS,false
118387,a0i6g000005R6qxAAC,false
118388,a0i6g000005R6u2AAC,false
118389,a0i6g000005R6unAAC,false
118390,a0i6g000005R6vUAAS,false
118391,a0i6g000005R6wHAAS,false
118392,a0i6g000005R6wXAAS,false
118393,a0i6g000005R6wZAAS,false
118394,a0i6g000005R6wkAAC,false
118395,a0i6g000005R6yJAAS,false
118396,a0i6g000005R79hAAC,false
118397,a0i6g000005R7BbAAK,false
118398,a0i6g000005R7BrAAK,false
118399,a0i6g000005R7DjAAK,false
118400,a0i6g000005R7HrAAK,false
118401,a0i6g000005R7JHAA0,false
118402,a0i6g000005R7TpAAK,false
118403,a0i6g000005R7U5AAK,false
118404,a0i6g000005R7XeAAK,false
118405,a0i6g000005R9RAAA0,false
118406,a0i6g000005R9RLAA0,false
118407,a0i6g000005R9foAAC,false
118408,a0i6g000005R9g1AAC,false
118409,a0i6g000005R9gbAAC,false
118410,a0i6g000005R9qsAAC,false
118411,a0i6g000005R9sgAAC,false
118412,a0i6g000005RA2BAAW,false
118413,a0i6g000005RA8XAAW,false
118414,a0i6g000005RAH9AAO,false
118415,a0i6g000005RARBAA4,false
118416,a0i6g000005RAdYAAW,false
118417,a0i6g000005RAjoAAG,false
118418,a0i6g000005RAoUAAW,false
118419,a0i6g000005RAwOAAW,false
118420,a0i6g000005RB3oAAG,false
118421,a0i6g000005RBUUAA4,false
118422,a0i6g000005RBUaAAO,false
118423,a0i6g000005RBXJAA4,false
118424,a0i6g000005RBb4AAG,false
118425,a0i6g000005RBkqAAG,false
118426,a0i6g000005RBvnAAG,false
118427,a0i6g000005RCT6AAO,false
118428,a0i6g000005RCkGAAW,false
118429,a0i6g000005RCkQAAW,false
118430,a0i6g000005RCkUAAW,false
118431,a0i6g000005RClmAAG,false
118432,a0i6g000005QxFXAA0,false
118433,a0i6g000005QxPUAA0,false
118434,a0i6g000005Qxi1AAC,false
118435,a0i6g000005Qxl7AAC,false
118436,a0i6g000005QyITAA0,false
118437,a0i6g000005QyYKAA0,false
118438,a0i6g000005QyfCAAS,false
118439,a0i6g000005QyfIAAS,false
118440,a0i6g000005QyfbAAC,false
118441,a0i6g000005QyfeAAC,false
118442,a0i6g000005QyfgAAC,false
118443,a0i6g000005QyftAAC,false
118444,a0i6g000005QyggAAC,false
118445,a0i6g000005QyjOAAS,false
118446,a0i6g000005QytcAAC,false
118447,a0i6g000005QzP8AAK,false
118448,a0i6g000005QzPuAAK,false
118449,a0i6g000005QzWsAAK,false
118450,a0i6g000005QzYQAA0,false
118451,a0i6g000005QzYfAAK,false
118452,a0i6g000005QzYuAAK,false
118453,a0i6g000005QzbkAAC,false
118454,a0i6g000005QzeSAAS,false
118455,a0i6g000005Qzl2AAC,false
118456,a0i6g000005QzmqAAC,false
118457,a0i6g000005QzoNAAS,false
118458,a0i6g000005Qzr2AAC,false
118459,a0i6g000005QzsVAAS,false
118460,a0i6g000005Qzt4AAC,false
118461,a0i6g000005QztwAAC,false
118462,a0i6g000005Qzu6AAC,false
118463,a0i6g000005QzvFAAS,false
118464,a0i6g000005QzymAAC,false
118465,a0i6g000005R06zAAC,false
118466,a0i6g000005R0BbAAK,false
118467,a0i6g000005R0BgAAK,false
118468,a0i6g000005R0CFAA0,false
118469,a0i6g000005R0DCAA0,false
118470,a0i6g000005R0DRAA0,false
118471,a0i6g000005R0DcAAK,false
118472,a0i6g000005R0DlAAK,false
118473,a0i6g000005R0FcAAK,false
118474,a0i6g000005R0FhAAK,false
118475,a0i6g000005R0FmAAK,false
118476,a0i6g000005R0G6AAK,false
118477,a0i6g000005R0H9AAK,false
118478,a0i6g000005R0HEAA0,false
118479,a0i6g000005R0HOAA0,false
118480,a0i6g000005R3MFAA0,false
118481,a0i6g000005R3O8AAK,false
118482,a0i6g000005R3SsAAK,false
118483,a0i6g000005R3ToAAK,false
118484,a0i6g000005R3TsAAK,false
118485,a0i6g000005R3UGAA0,false
118486,a0i6g000005R3WyAAK,false
118487,a0i6g000005R3XZAA0,false
118488,a0i6g000005R3YUAA0,false
118489,a0i6g000005R3dhAAC,false
118490,a0i6g000005R3etAAC,false
118491,a0i6g000005R3frAAC,false
118492,a0i6g000005R41dAAC,false
118493,a0i6g000005R45kAAC,false
118494,a0i6g000005R4MsAAK,false
118495,a0i6g000005R4QVAA0,false
118496,a0i6g000005R4RoAAK,false
118497,a0i6g000005R4aFAAS,false
118498,a0i6g000005R4dXAAS,false
118499,a0i6g000005R4jCAAS,false
118500,a0i6g000005R4jIAAS,false
118501,a0i6g000005R4ntAAC,false
118502,a0i6g000005R4o1AAC,false
118503,a0i6g000005R4o4AAC,false
118504,a0i6g000005R4oBAAS,false
118505,a0i6g000005R4q3AAC,false
118506,a0i6g000005R4rrAAC,false
118507,a0i6g000005R4rsAAC,false
118508,a0i6g000005R4upAAC,false
118509,a0i6g000005R4x9AAC,false
118510,a0i6g000005R4yhAAC,false
118511,a0i6g000005R51MAAS,false
118512,a0i6g000005R52MAAS,false
118513,a0i6g000005R5YqAAK,false
118514,a0i6g000005R5bLAAS,false
118515,a0i6g000005R5ctAAC,false
118516,a0i6g000005R5djAAC,false
118517,a0i6g000005R5g0AAC,false
118518,a0i6g000005R5sAAAS,false
118519,a0i6g000005R5vzAAC,false
118520,a0i6g000005R68SAAS,false
118521,a0i6g000005R693AAC,false
118522,a0i6g000005R6AVAA0,false
118523,a0i6g000005R6AmAAK,false
118524,a0i6g000005R6AuAAK,false
118525,a0i6g000005R6B3AAK,false
118526,a0i6g000005R6B8AAK,false
118527,a0i6g000005R6BbAAK,false
118528,a0i6g000005R6BpAAK,false
118529,a0i6g000005R6BrAAK,false
118530,a0i6g000005R6CJAA0,false
118531,a0i6g000005R6CWAA0,false
118532,a0i6g000005R6CbAAK,false
118533,a0i6g000005R6CeAAK,false
118534,a0i6g000005R6CvAAK,false
118535,a0i6g000005R6D1AAK,false
118536,a0i6g000005R6DAAA0,false
118537,a0i6g000005R6DKAA0,false
118538,a0i6g000005R6DZAA0,false
118539,a0i6g000005R6DkAAK,false
118540,a0i6g000005R6DpAAK,false
118541,a0i6g000005R6XWAA0,false
118542,a0i6g000005R6XkAAK,false
118543,a0i6g000005R6bUAAS,false
118544,a0i6g000005R6iWAAS,false
118545,a0i6g000005R6vzAAC,false
118546,a0i6g000005R7AoAAK,false
118547,a0i6g000005R7XrAAK,false
118548,a0i6g000005R9dJAAS,false
118549,a0i6g000005R9fvAAC,false
118550,a0i6g000005R9fxAAC,false
118551,a0i6g000005R9gCAAS,false
118552,a0i6g000005R9gDAAS,false
118553,a0i6g000005R9guAAC,false
118554,a0i6g000005R9jjAAC,false
118555,a0i6g000005R9wJAAS,false
118556,a0i6g000005RA8NAAW,false
118557,a0i6g000005RA9uAAG,false
118558,a0i6g000005RAAoAAO,false
118559,a0i6g000005RARfAAO,false
118560,a0i6g000005RAjHAAW,false
118561,a0i6g000005RB8XAAW,false
118562,a0i6g000005RBCoAAO,false
118563,a0i6g000005RBU1AAO,false
118564,a0i6g000005RBUnAAO,false
118565,a0i6g000005RBVRAA4,false
118566,a0i6g000005RBVWAA4,false
118567,a0i6g000005RBb8AAG,false
118568,a0i6g000005RBctAAG,false
118569,a0i6g000005RBdCAAW,false
118570,a0i6g000005RBpEAAW,false
118571,a0i6g000005RBwhAAG,false
118572,a0i6g000005RBzzAAG,false
118573,a0i6g000005RCXEAA4,false
118574,a0i6g000005RCjrAAG,false
118575,a0i6g000005RCk6AAG,false
118576,a0i6g000005RCkdAAG,false
118577,a0i6g000005RCldAAG,false
118578,a0i6g000005RCliAAG,false
118579,a0i6g000005RCllAAG,false
118580,a0i6g000005RClsAAG,false
118581,a0i6g000005RCluAAG,false
118582,a0i6g000005RClwAAG,false
118583,a0i6g000005RCm3AAG,false
118584,a0i6g000005RCm4AAG,false
118585,a0i6g000005RCmBAAW,false
118586,a0i6g000005RCmFAAW,false
118587,a0i6g000005RCmKAAW,false
118588,a0i6g000005RCmLAAW,false
118589,a0i6g000005RCmSAAW,false
118590,a0i6g000005RCmTAAW,false
118591,a0i6g000005RCmYAAW,false
118592,a0i6g000005RCmcAAG,false
118593,a0i6g000005RCmdAAG,false
118594,a0i6g000005RCmeAAG,false
118595,a0i6g000005RCmqAAG,false
118596,a0i6g000005RCmuAAG,false
118597,a0i6g000005RCn1AAG,false
118598,a0i6g000005RCn4AAG,false
118599,a0i6g000005RCn7AAG,false
118600,a0i6g000005RCn9AAG,false
118601,a0i6g000005RCnAAAW,false
118602,a0i6g000005R9gdAAC,false
118603,a0i6g000005R9lcAAC,false
118604,a0i6g000005R9quAAC,false
118605,a0i6g000005R9wHAAS,false
118606,a0i6g000005R9xiAAC,false
118607,a0i6g000005RA1uAAG,false
118608,a0i6g000005RA4YAAW,false
118609,a0i6g000005RALhAAO,false
118610,a0i6g000005RAQyAAO,false
118611,a0i6g000005RAjKAAW,false
118612,a0i6g000005RArCAAW,false
118613,a0i6g000005RB20AAG,false
118614,a0i6g000005RB5JAAW,false
118615,a0i6g000005RB63AAG,false
118616,a0i6g000005RBCCAA4,false
118617,a0i6g000005RBQbAAO,false
118618,a0i6g000005RBUSAA4,false
118619,a0i6g000005RBauAAG,false
118620,a0i6g000005RBc0AAG,false
118621,a0i6g000005RBdcAAG,false
118622,a0i6g000005RBvCAAW,false
118623,a0i6g000005RBzbAAG,false
118624,a0i6g000005RCkCAAW,false
118625,a0i6g000005RCkNAAW,false
118626,a0i6g000005RCkRAAW,false
118627,a0i6g000005RClbAAG,false
118628,a0i6g000005RClfAAG,false
118629,a0i6g000005RCljAAG,false
118630,a0i6g000005RClkAAG,false
118631,a0i6g000005RClpAAG,false
118632,a0i6g000005RClzAAG,false
118633,a0i6g000005RCm5AAG,false
118634,a0i6g000005RCm6AAG,false
118635,a0i6g000005RCmDAAW,false
118636,a0i6g000005RCmEAAW,false
118637,a0i6g000005RCmPAAW,false
118638,a0i6g000005RCmUAAW,false
118639,a0i6g000005RCmiAAG,false
118640,a0i6g000005RCmkAAG,false
118641,a0i6g000005RCmoAAG,false
118642,a0i6g000005RCmxAAG,false
118643,a0i6g000005RCmzAAG,false
118644,a0i6g000005RCn5AAG,false
118645,a0i6g000005RCnGAAW,false
118646,a0i6g000005RCnNAAW,false
118647,a0i6g000005RCpLAAW,false
118648,a0i6g000005RCpOAAW,false
118649,a0i6g000005REQSAA4,false
118650,a0i6g000005REeIAAW,false
118651,a0i6g000005REkrAAG,false
118652,a0i6g000005REyaAAG,false
118653,a0i6g000005RF0OAAW,false
118654,a0i6g000005RF0SAAW,false
118655,a0i6g000005RF0gAAG,false
118656,a0i6g000005RF1IAAW,false
118657,a0i6g000005RF4zAAG,false
118658,a0i6g000005RFCnAAO,false
118659,a0i6g000005RFHOAA4,false
118660,a0i6g000005RFIwAAO,false
118661,a0i6g000005RFIyAAO,false
118662,a0i6g000005RFJ0AAO,false
118663,a0i6g000005RFQUAA4,false
118664,a0i6g000005RFSMAA4,false
118665,a0i6g000005RFSNAA4,false
118666,a0i6g000005RFSPAA4,false
118667,a0i6g000005RFTXAA4,false
118668,a0i6g000005RFTeAAO,false
118669,a0i6g000005RFTmAAO,false
118670,a0i6g000005RFTvAAO,false
118671,a0i6g000005RFUJAA4,false
118672,a0i6g000005RFUcAAO,false
118673,a0i6g000005RFUlAAO,false
118674,a0i6g000005RFUpAAO,false
118675,a0i6g000005RFVAAA4,false
118676,a0i6g000005RFVFAA4,false
118677,a0i6g000005RFVIAA4,false
118678,a0i6g000005RFa8AAG,false
118679,a0i6g000005RFbHAAW,false
118680,a0i6g000005RFciAAG,false
118681,a0i6g000005RFeEAAW,false
118682,a0i6g000005RFssAAG,false
118683,a0i6g000005RG5sAAG,false
118684,a0i6g000005RG9CAAW,false
118685,a0i6g000005RG9UAAW,false
118686,a0i6g000005RG9iAAG,false
118687,a0i6g000005RG9kAAG,false
118688,a0i6g000005RGIVAA4,false
118689,a0i6g000005RGQsAAO,false
118690,a0i6g000005RGQwAAO,false
118691,a0i6g000005RGR5AAO,false
118692,a0i6g000005RGXSAA4,false
118693,a0i6g000005RGbPAAW,false
118694,a0i6g000005RGdHAAW,false
118695,a0i6g000005RGdsAAG,false
118696,a0i6g000005RGlLAAW,false
118697,a0i6g000005RGluAAG,false
118698,a0i6g000005RGplAAG,false
118699,a0i6g000005RH2VAAW,false
118700,a0i6g000005RH3nAAG,false
118701,a0i6g000005RH3sAAG,false
118702,a0i6g000005RH3wAAG,false
118703,a0i6g000005RHFLAA4,false
118704,a0i6g000005RHN1AAO,false
118705,a0i6g000005RHktAAG,false
118706,a0i6g000005RHtFAAW,false
118707,a0i6g000005RHtlAAG,false
118708,a0i6g000005RHvWAAW,false
118709,a0i6g000005RI55AAG,false
118710,a0i6g000005RI68AAG,false
118711,a0i6g000005RILrAAO,false
118712,a0i6g000005RIMCAA4,false
118713,a0i6g000005RIQAAA4,false
118714,a0i6g000005RIRQAA4,false
118715,a0i6g000005RIT4AAO,false
118716,a0i6g000005RIV1AAO,false
118717,a0i6g000005RIgWAAW,false
118718,a0i6g000005RIl2AAG,false
118719,a0i6g000005RIlFAAW,false
118720,a0i6g000005RIlLAAW,false
118721,a0i6g000005RIlNAAW,false
118722,a0i6g000005RIlVAAW,false
118723,a0i6g000005RIozAAG,false
118724,a0i6g000005RIwfAAG,false
118725,a0i6g000005RIwmAAG,false
118726,a0i6g000005RIwpAAG,false
118727,a0i6g000005RIwvAAG,false
118728,a0i6g000005RIxpAAG,false
118729,a0i6g000005RIxrAAG,false
118730,a0i6g000005RIxuAAG,false
118731,a0i6g000005RIxwAAG,false
118732,a0i6g000005RIyZAAW,false
118733,a0i6g000005RIygAAG,false
118734,a0i6g000005RIyjAAG,false
118735,a0i6g000005RIymAAG,false
118736,a0i6g000005RJ56AAG,false
118737,a0i6g000005RJ7mAAG,false
118738,a0i6g000005RJ8mAAG,false
118739,a0i6g000005RJBCAA4,false
118740,a0i6g000005RJGvAAO,false
118741,a0i6g000005RJLgAAO,false
118742,a0i6g000005RJLkAAO,false
118743,a0i6g000005RJLtAAO,false
118744,a0i6g000005RJLwAAO,false
118745,a0i6g000005RJM3AAO,false
118746,a0i6g000005RJM7AAO,false
118747,a0i6g000005RJMbAAO,false
118748,a0i6g000005RJfrAAG,false
118749,a0i6g000005RJrhAAG,false
118750,a0i6g000005RJsVAAW,false
118751,a0i6g000005RJsuAAG,false
118752,a0i6g000005RJy9AAG,false
118753,a0i6g000005RJyCAAW,false
118754,a0i6g000005RKJEAA4,false
118755,a0i6g000005RKQ3AAO,false
118756,a0i6g000005RKoaAAG,false
118757,a0i6g000005RKtdAAG,false
118758,a0i6g000005RKvPAAW,false
118759,a0i6g000005RL0nAAG,false
118760,a0i6g000005RL3OAAW,false
118761,a0i6g000005RL3vAAG,false
118762,a0i6g000005RL4AAAW,false
118763,a0i6g000005RL4BAAW,false
118764,a0i6g000005RL4YAAW,false
118765,a0i6g000005RL7jAAG,false
118766,a0i6g000005RLGmAAO,false
118767,a0i6g000005RLGxAAO,false
118768,a0i6g000005RLHUAA4,false
118769,a0i6g000005RLHtAAO,false
118770,a0i6g000005RLJ2AAO,false
118771,a0i6g000005RLJ6AAO,false
118772,a0i6g000005RClnAAG,false
118773,a0i6g000005RClrAAG,false
118774,a0i6g000005RClxAAG,false
118775,a0i6g000005RCm8AAG,false
118776,a0i6g000005RCmCAAW,false
118777,a0i6g000005RCmVAAW,false
118778,a0i6g000005RCmbAAG,false
118779,a0i6g000005RCmlAAG,false
118780,a0i6g000005RCn0AAG,false
118781,a0i6g000005RCn2AAG,false
118782,a0i6g000005RCn3AAG,false
118783,a0i6g000005RCnCAAW,false
118784,a0i6g000005RCnIAAW,false
118785,a0i6g000005RCnOAAW,false
118786,a0i6g000005RCnTAAW,false
118787,a0i6g000005RCp2AAG,false
118788,a0i6g000005RCp3AAG,false
118789,a0i6g000005RCp4AAG,false
118790,a0i6g000005RCp8AAG,false
118791,a0i6g000005RCpAAAW,false
118792,a0i6g000005RCpBAAW,false
118793,a0i6g000005RCpKAAW,false
118794,a0i6g000005RDsRAAW,false
118795,a0i6g000005RELNAA4,false
118796,a0i6g000005REetAAG,false
118797,a0i6g000005REk9AAG,false
118798,a0i6g000005REkAAAW,false
118799,a0i6g000005RElFAAW,false
118800,a0i6g000005REo0AAG,false
118801,a0i6g000005REzkAAG,false
118802,a0i6g000005RF0FAAW,false
118803,a0i6g000005RF0PAAW,false
118804,a0i6g000005RF0WAAW,false
118805,a0i6g000005RF0XAAW,false
118806,a0i6g000005RF9HAAW,false
118807,a0i6g000005RFDLAA4,false
118808,a0i6g000005RFHeAAO,false
118809,a0i6g000005RFIrAAO,false
118810,a0i6g000005RFIzAAO,false
118811,a0i6g000005RFMyAAO,false
118812,a0i6g000005RFTjAAO,false
118813,a0i6g000005RFTnAAO,false
118814,a0i6g000005RFTzAAO,false
118815,a0i6g000005RFUjAAO,false
118816,a0i6g000005RFUnAAO,false
118817,a0i6g000005RFUyAAO,false
118818,a0i6g000005RFV0AAO,false
118819,a0i6g000005RFV7AAO,false
118820,a0i6g000005RFV8AAO,false
118821,a0i6g000005RFcfAAG,false
118822,a0i6g000005RGAgAAO,false
118823,a0i6g000005RGGIAA4,false
118824,a0i6g000005RGGbAAO,false
118825,a0i6g000005RGIGAA4,false
118826,a0i6g000005RGPjAAO,false
118827,a0i6g000005RGQeAAO,false
118828,a0i6g000005RGQkAAO,false
118829,a0i6g000005RGQlAAO,false
118830,a0i6g000005RGQvAAO,false
118831,a0i6g000005RGR6AAO,false
118832,a0i6g000005RGcFAAW,false
118833,a0i6g000005RGksAAG,false
118834,a0i6g000005RGmNAAW,false
118835,a0i6g000005RGtyAAG,false
118836,a0i6g000005RH06AAG,false
118837,a0i6g000005RH3jAAG,false
118838,a0i6g000005RH3kAAG,false
118839,a0i6g000005RH8AAAW,false
118840,a0i6g000005RHH2AAO,false
118841,a0i6g000005RHH9AAO,false
118842,a0i6g000005RHHCAA4,false
118843,a0i6g000005RHHIAA4,false
118844,a0i6g000005RHL6AAO,false
118845,a0i6g000005RHLDAA4,false
118846,a0i6g000005RHPUAA4,false
118847,a0i6g000005RHQkAAO,false
118848,a0i6g000005RHhPAAW,false
118849,a0i6g000005RHlgAAG,false
118850,a0i6g000005RHtQAAW,false
118851,a0i6g000005RHtaAAG,false
118852,a0i6g000005RIXIAA4,false
118853,a0i6g000005RIguAAG,false
118854,a0i6g000005RIiDAAW,false
118855,a0i6g000005RIlOAAW,false
118856,a0i6g000005RIoWAAW,false
118857,a0i6g000005RIoYAAW,false
118858,a0i6g000005RIszAAG,false
118859,a0i6g000005RIwbAAG,false
118860,a0i6g000005RIwwAAG,false
118861,a0i6g000005RIx7AAG,false
118862,a0i6g000005RIxEAAW,false
118863,a0i6g000005RIxyAAG,false
118864,a0i6g000005RIySAAW,false
118865,a0i6g000005RIyVAAW,false
118866,a0i6g000005RJ59AAG,false
118867,a0i6g000005RJ6IAAW,false
118868,a0i6g000005RJDqAAO,false
118869,a0i6g000005RJI0AAO,false
118870,a0i6g000005RJMEAA4,false
118871,a0i6g000005RJMeAAO,false
118872,a0i6g000005RJMrAAO,false
118873,a0i6g000005RJW4AAO,false
118874,a0i6g000005RJsZAAW,false
118875,a0i6g000005RK03AAG,false
118876,a0i6g000005RK9eAAG,false
118877,a0i6g000005RKL4AAO,false
118878,a0i6g000005RKosAAG,false
118879,a0i6g000005RKqDAAW,false
118880,a0i6g000005RKvxAAG,false
118881,a0i6g000005RKxXAAW,false
118882,a0i6g000005RKyBAAW,false
118883,a0i6g000005RL4HAAW,false
118884,a0i6g000005RL4IAAW,false
118885,a0i6g000005RL4gAAG,false
118886,a0i6g000005RL4iAAG,false
118887,a0i6g000005RL7GAAW,false
118888,a0i6g000005RL7NAAW,false
118889,a0i6g000005RL7TAAW,false
118890,a0i6g000005RLCpAAO,false
118891,a0i6g000005RLFXAA4,false
118892,a0i6g000005RLGsAAO,false
118893,a0i6g000005RLGyAAO,false
118894,a0i6g000005RLH2AAO,false
118895,a0i6g000005RLHGAA4,false
118896,a0i6g000005RLHoAAO,false
118897,a0i6g000005RLIQAA4,false
118898,a0i6g000005RLIVAA4,false
118899,a0i6g000005RLIzAAO,false
118900,a0i6g000005RLJ4AAO,false
118901,a0i6g000005RLKFAA4,false
118902,a0i6g000005RLKNAA4,false
118903,a0i6g000005RLLgAAO,false
118904,a0i6g000005RLRUAA4,false
118905,a0i6g000005RLUQAA4,false
118906,a0i6g000005RLVJAA4,false
118907,a0i6g000005RLVNAA4,false
118908,a0i6g000005RLXMAA4,false
118909,a0i6g000005RLdSAAW,false
118910,a0i6g000005RLeAAAW,false
118911,a0i6g000005RLenAAG,false
118912,a0i6g000005RLlCAAW,false
118913,a0i6g000005RLmaAAG,false
118914,a0i6g000005RMeEAAW,false
118915,a0i6g000005RMoqAAG,false
118916,a0i6g000005RMpFAAW,false
118917,a0i6g000005RMpZAAW,false
118918,a0i6g000005RRFeAAO,false
118919,a0i6g000006H1LqAAK,false
118920,a0i6g000006JrM6AAK,false
118921,a0i6g000006K6boAAC,false
118922,a0i6g000006MChIAAW,false
118923,a0i6g000006MY9dAAG,false
118924,a0i6g000006OsfzAAC,false
118925,a0i6g000006R5mWAAS,false
118926,a0i6g000006X6woAAC,false
118927,a0i6g000006XAcTAAW,false
118928,a0i6g000006XL2cAAG,false
118929,a0i6g000006XOsyAAG,false
118930,a0i6g000006XOwoAAG,false
118931,a0i6g000006XXxuAAG,false
118932,a0i6g000006XjBiAAK,false
118933,a0i6g000006Xn3DAAS,false
118934,a0i6g000006Xn42AAC,false
118935,a0i6g000006Xo4LAAS,false
118936,a0i6g000006XqmdAAC,false
118937,a0i6g000006Xs7BAAS,false
118938,a0i6g000006Xs8hAAC,false
118939,a0i6g000006XwE2AAK,false
118940,a0i6g000006XwE3AAK,false
118941,a0i6g000006XwEEAA0,false
118942,a0i6g000005RLJDAA4,false
118943,a0i6g000005RLJdAAO,false
118944,a0i6g000005RLLXAA4,false
118945,a0i6g000005RLQaAAO,false
118946,a0i6g000005RLVKAA4,false
118947,a0i6g000005RLVUAA4,false
118948,a0i6g000005RLXiAAO,false
118949,a0i6g000005RLXkAAO,false
118950,a0i6g000005RLXoAAO,false
118951,a0i6g000005RLZaAAO,false
118952,a0i6g000005RLe9AAG,false
118953,a0i6g000005RLeLAAW,false
118954,a0i6g000005RLeUAAW,false
118955,a0i6g000005RLf9AAG,false
118956,a0i6g000005RLgpAAG,false
118957,a0i6g000005RLhJAAW,false
118958,a0i6g000005RLlgAAG,false
118959,a0i6g000005RLmZAAW,false
118960,a0i6g000005RLmmAAG,false
118961,a0i6g000005RLq4AAG,false
118962,a0i6g000005RLqYAAW,false
118963,a0i6g000005RLvrAAG,false
118964,a0i6g000005RMDWAA4,false
118965,a0i6g000005RMogAAG,false
118966,a0i6g000005RMpeAAG,false
118967,a0i6g000005Rk6WAAS,false
118968,a0i6g000006EVmcAAG,false
118969,a0i6g000006GrpSAAS,false
118970,a0i6g000006GzbvAAC,false
118971,a0i6g000006HSIBAA4,false
118972,a0i6g000006HSeyAAG,false
118973,a0i6g000006HTOoAAO,false
118974,a0i6g000006HVTBAA4,false
118975,a0i6g000006Jwh5AAC,false
118976,a0i6g000006Oj1kAAC,false
118977,a0i6g000006WyjaAAC,false
118978,a0i6g000006WynIAAS,false
118979,a0i6g000006XGqDAAW,false
118980,a0i6g000006XHxlAAG,false
118981,a0i6g000006XOIHAA4,false
118982,a0i6g000006XRq1AAG,false
118983,a0i6g000006XUGBAA4,false
118984,a0i6g000006XXbTAAW,false
118985,a0i6g000006XcRQAA0,false
118986,a0i6g000006XcTRAA0,false
118987,a0i6g000006XhmFAAS,false
118988,a0i6g000006Xn48AAC,false
118989,a0i6g000006XpsHAAS,false
118990,a0i6g000006Xs9TAAS,false
118991,a0i6g000006Xv5fAAC,false
118992,a0i6g000006XvDGAA0,false
118993,a0i6g000006XwEhAAK,false
118994,a0i6g000006Xwn6AAC,false
118995,a0i6g000006XwvIAAS,false
118996,a0i6g000006XwxaAAC,false
118997,a0i6g000006Xx7AAAS,false
118998,a0i6g000006XyEgAAK,false
118999,a0i6g000006XyFVAA0,false
119000,a0i6g000006XyFgAAK,false
119001,a0i6g000006XyIWAA0,false
119002,a0i6g000006XyXuAAK,false
119003,a0i6g000006Y0CSAA0,false
119004,a0i6g000006Y0DMAA0,false
119005,a0i6g000006Y0emAAC,false
119006,a0i6g000006Y0fGAAS,false
119007,a0i6g000006Y1J0AAK,false
119008,a0i6g000006Y1JWAA0,false
119009,a0i6g000006Y1KXAA0,false
119010,a0i6g000006Y1euAAC,false
119011,a0i6g000006Y1fxAAC,false
119012,a0i6g000006Y1hGAAS,false
119013,a0i6g000006Y1hXAAS,false
119014,a0i6g000006Y2RtAAK,false
119015,a0i6g000006Y2zrAAC,false
119016,a0i6g000006Y4hjAAC,false
119017,a0i6g000006Y6GmAAK,false
119018,a0i6g000006Y6pNAAS,false
119019,a0i6g000006Y8bDAAS,false
119020,a0i6g000006YALrAAO,false
119021,a0i6g000006YAMVAA4,false
119022,a0i6g000006YAv8AAG,false
119023,a0i6g000006YAx1AAG,false
119024,a0i6g000006YB3iAAG,false
119025,a0i6g000006YBIuAAO,false
119026,a0i6g000006YBIvAAO,false
119027,a0i6g000006YCHZAA4,false
119028,a0i6g000006YCHaAAO,false
119029,a0i6g000006YCHgAAO,false
119030,a0i6g000006YCk1AAG,false
119031,a0i6g000006YClRAAW,false
119032,a0i6g000006YCn5AAG,false
119033,a0i6g000006YFLlAAO,false
119034,a0i6g000006YFhdAAG,false
119035,a0i6g000006YFi7AAG,false
119036,a0i6g000006YFlsAAG,false
119037,a0i6g000006YGqeAAG,false
119038,a0i6g000006YHw5AAG,false
119039,a0i6g000006YHwgAAG,false
119040,a0i6g000006YKKOAA4,false
119041,a0i6g000006YKbkAAG,false
119042,a0i6g000006YKbyAAG,false
119043,a0i6g000006YKcXAAW,false
119044,a0i6g000006YKcqAAG,false
119045,a0i6g000006YKwdAAG,false
119046,a0i6g000006YL2TAAW,false
119047,a0i6g000006YM4kAAG,false
119048,a0i6g000006YM4yAAG,false
119049,a0i6g000006YM6HAAW,false
119050,a0i6g000006YNbcAAG,false
119051,a0i6g000006YNl4AAG,false
119052,a0i6g000006YODzAAO,false
119053,a0i6g000006YOPgAAO,false
119054,a0i6g000006YOPmAAO,false
119055,a0i6g000006YOQEAA4,false
119056,a0i6g000006YORiAAO,false
119057,a0i6g000006YOrhAAG,false
119058,a0i6g000006YOrjAAG,false
119059,a0i6g000006YOrlAAG,false
119060,a0i6g000006YOu2AAG,false
119061,a0i6g000006YOuzAAG,false
119062,a0i6g000006YP2CAAW,false
119063,a0i6g000006YP2HAAW,false
119064,a0i6g000006YP9RAAW,false
119065,a0i6g000006YP9XAAW,false
119066,a0i6g000006YPx5AAG,false
119067,a0i6g000006YPyZAAW,false
119068,a0i6g000006YRXsAAO,false
119069,a0i6g000006YRYXAA4,false
119070,a0i6g000006YRZgAAO,false
119071,a0i6g000006YReTAAW,false
119072,a0i6g000006YRfZAAW,false
119073,a0i6g000006YRfbAAG,false
119074,a0i6g000006YS5qAAG,false
119075,a0i6g000006YS5sAAG,false
119076,a0i6g000006YS7qAAG,false
119077,a0i6g000006YSaCAAW,false
119078,a0i6g000006YSaMAAW,false
119079,a0i6g000006YT2AAAW,false
119080,a0i6g000006YT59AAG,false
119081,a0i6g000006YT7iAAG,false
119082,a0i6g000006YVavAAG,false
119083,a0i6g000006YVnsAAG,false
119084,a0i6g000006YVoUAAW,false
119085,a0i6g000006YVouAAG,false
119086,a0i6g000006YVq4AAG,false
119087,a0i6g000006YWGQAA4,false
119088,a0i6g000006YWGfAAO,false
119089,a0i6g000006YWHhAAO,false
119090,a0i6g000006YWIdAAO,false
119091,a0i6g000006YWQdAAO,false
119092,a0i6g000006YWY3AAO,false
119093,a0i6g000006YWZPAA4,false
119094,a0i6g000006YWevAAG,false
119095,a0i6g000006YXBeAAO,false
119096,a0i6g000006YXByAAO,false
119097,a0i6g000006YXDlAAO,false
119098,a0i6g000006YXEeAAO,false
119099,a0i6g000006YXEsAAO,false
119100,a0i6g000006YXF7AAO,false
119101,a0i6g000006YY55AAG,false
119102,a0i6g000006YZwxAAG,false
119103,a0i6g000006YaF8AAK,false
119104,a0i6g000006YaVbAAK,false
119105,a0i6g000006YaesAAC,false
119106,a0i6g000006YafiAAC,false
119107,a0i6g000006YbYEAA0,false
119108,a0i6g000006YbYxAAK,false
119109,a0i6g000006YdmUAAS,false
119110,a0i6g000006YdmtAAC,false
119111,a0i6g000006YdmwAAC,false
119112,a0i6g000005RCnFAAW,false
119113,a0i6g000005RCnMAAW,false
119114,a0i6g000005RCnPAAW,false
119115,a0i6g000005RCnRAAW,false
119116,a0i6g000005RCnVAAW,false
119117,a0i6g000005RCpDAAW,false
119118,a0i6g000005RCpGAAW,false
119119,a0i6g000005REaqAAG,false
119120,a0i6g000005REk8AAG,false
119121,a0i6g000005REzHAAW,false
119122,a0i6g000005RF0KAAW,false
119123,a0i6g000005RF0ZAAW,false
119124,a0i6g000005RF0eAAG,false
119125,a0i6g000005RF9nAAG,false
119126,a0i6g000005RFCXAA4,false
119127,a0i6g000005RFCkAAO,false
119128,a0i6g000005RFHLAA4,false
119129,a0i6g000005RFHMAA4,false
119130,a0i6g000005RFHPAA4,false
119131,a0i6g000005RFHjAAO,false
119132,a0i6g000005RFHyAAO,false
119133,a0i6g000005RFI2AAO,false
119134,a0i6g000005RFIsAAO,false
119135,a0i6g000005RFIuAAO,false
119136,a0i6g000005RFS5AAO,false
119137,a0i6g000005RFTSAA4,false
119138,a0i6g000005RFTtAAO,false
119139,a0i6g000005RFTxAAO,false
119140,a0i6g000005RFU0AAO,false
119141,a0i6g000005RFUFAA4,false
119142,a0i6g000005RFUZAA4,false
119143,a0i6g000005RFUbAAO,false
119144,a0i6g000005RFUeAAO,false
119145,a0i6g000005RFVBAA4,false
119146,a0i6g000005RFVLAA4,false
119147,a0i6g000005RFVzAAO,false
119148,a0i6g000005RFdwAAG,false
119149,a0i6g000005RFdzAAG,false
119150,a0i6g000005RFerAAG,false
119151,a0i6g000005RFmgAAG,false
119152,a0i6g000005RFrSAAW,false
119153,a0i6g000005RFrVAAW,false
119154,a0i6g000005RFspAAG,false
119155,a0i6g000005RG4tAAG,false
119156,a0i6g000005RG9mAAG,false
119157,a0i6g000005RGI6AAO,false
119158,a0i6g000005RGIAAA4,false
119159,a0i6g000005RGIHAA4,false
119160,a0i6g000005RGQMAA4,false
119161,a0i6g000005RGVdAAO,false
119162,a0i6g000005RGX7AAO,false
119163,a0i6g000005RGchAAG,false
119164,a0i6g000005RGdxAAG,false
119165,a0i6g000005RH3hAAG,false
119166,a0i6g000005RH3oAAG,false
119167,a0i6g000005RH5rAAG,false
119168,a0i6g000005RHEVAA4,false
119169,a0i6g000005RHH1AAO,false
119170,a0i6g000005RHJsAAO,false
119171,a0i6g000005RHMUAA4,false
119172,a0i6g000005RHeRAAW,false
119173,a0i6g000005RHfDAAW,false
119174,a0i6g000005RHfkAAG,false
119175,a0i6g000005RHhGAAW,false
119176,a0i6g000005RHlfAAG,false
119177,a0i6g000005RHpnAAG,false
119178,a0i6g000005RI66AAG,false
119179,a0i6g000005RI6SAAW,false
119180,a0i6g000005RIhiAAG,false
119181,a0i6g000005RIkdAAG,false
119182,a0i6g000005RIl0AAG,false
119183,a0i6g000005RIspAAG,false
119184,a0i6g000005RIt0AAG,false
119185,a0i6g000005RIvYAAW,false
119186,a0i6g000005RIwtAAG,false
119187,a0i6g000005RIwzAAG,false
119188,a0i6g000005RIx4AAG,false
119189,a0i6g000005RIyOAAW,false
119190,a0i6g000005RIyXAAW,false
119191,a0i6g000005RIybAAG,false
119192,a0i6g000005RIyfAAG,false
119193,a0i6g000005RIyiAAG,false
119194,a0i6g000005RJ9cAAG,false
119195,a0i6g000005RJ9oAAG,false
119196,a0i6g000005RJA2AAO,false
119197,a0i6g000005RJDdAAO,false
119198,a0i6g000005RJLcAAO,false
119199,a0i6g000005RJLrAAO,false
119200,a0i6g000005RJLyAAO,false
119201,a0i6g000005RJMFAA4,false
119202,a0i6g000005RJMIAA4,false
119203,a0i6g000005RJMKAA4,false
119204,a0i6g000005RJMfAAO,false
119205,a0i6g000005RJMwAAO,false
119206,a0i6g000005RJN1AAO,false
119207,a0i6g000005RJrkAAG,false
119208,a0i6g000005RJrnAAG,false
119209,a0i6g000005RJySAAW,false
119210,a0i6g000005RKoBAAW,false
119211,a0i6g000005RKohAAG,false
119212,a0i6g000005RKomAAG,false
119213,a0i6g000005RKpDAAW,false
119214,a0i6g000005RKpSAAW,false
119215,a0i6g000005RL45AAG,false
119216,a0i6g000005RL47AAG,false
119217,a0i6g000005RL48AAG,false
119218,a0i6g000005RLB0AAO,false
119219,a0i6g000005RLB1AAO,false
119220,a0i6g000005RLGfAAO,false
119221,a0i6g000005RLGgAAO,false
119222,a0i6g000005RLGhAAO,false
119223,a0i6g000005RLH5AAO,false
119224,a0i6g000005RLHMAA4,false
119225,a0i6g000005RLHzAAO,false
119226,a0i6g000005RLI5AAO,false
119227,a0i6g000005RLIpAAO,false
119228,a0i6g000005RLKKAA4,false
119229,a0i6g000005RLQvAAO,false
119230,a0i6g000005RLV1AAO,false
119231,a0i6g000005RLV8AAO,false
119232,a0i6g000005RLVAAA4,false
119233,a0i6g000005RLVMAA4,false
119234,a0i6g000005RLVzAAO,false
119235,a0i6g000005RLWLAA4,false
119236,a0i6g000005RLXLAA4,false
119237,a0i6g000005RLXlAAO,false
119238,a0i6g000005RLXpAAO,false
119239,a0i6g000005RLfPAAW,false
119240,a0i6g000005RLlsAAG,false
119241,a0i6g000005RLmlAAG,false
119242,a0i6g000005RLneAAG,false
119243,a0i6g000005RLqZAAW,false
119244,a0i6g000005Rl2OAAS,false
119245,a0i6g000006Gy7XAAS,false
119246,a0i6g000006HWZDAA4,false
119247,a0i6g000006HWaVAAW,false
119248,a0i6g000006JCyVAAW,false
119249,a0i6g000006JqhDAAS,false
119250,a0i6g000006MgtZAAS,false
119251,a0i6g000006OE8cAAG,false
119252,a0i6g000006RnNpAAK,false
119253,a0i6g000006WlRIAA0,false
119254,a0i6g000006WlRyAAK,false
119255,a0i6g000006WmeXAAS,false
119256,a0i6g000006Wo62AAC,false
119257,a0i6g000006WokCAAS,false
119258,a0i6g000006X0zFAAS,false
119259,a0i6g000006X9nZAAS,false
119260,a0i6g000006XOwxAAG,false
119261,a0i6g000006XOxLAAW,false
119262,a0i6g000006XP4NAAW,false
119263,a0i6g000006XXytAAG,false
119264,a0i6g000006XcSAAA0,false
119265,a0i6g000006Xn3bAAC,false
119266,a0i6g000006Xn4aAAC,false
119267,a0i6g000006Xn59AAC,false
119268,a0i6g000006Xqn9AAC,false
119269,a0i6g000006XtpeAAC,false
119270,a0i6g000006XwDuAAK,false
119271,a0i6g000006XwEeAAK,false
119272,a0i6g000006XxIeAAK,false
119273,a0i6g000006XyzLAAS,false
119274,a0i6g000006Y0n9AAC,false
119275,a0i6g000006Y1JeAAK,false
119276,a0i6g000006Y1fTAAS,false
119277,a0i6g000006Y1h2AAC,false
119278,a0i6g000006Y2AhAAK,false
119279,a0i6g000006Y2SBAA0,false
119280,a0i6g000006Y2SGAA0,false
119281,a0i6g000006Y2UFAA0,false
119282,a0i6g000006XwEFAA0,false
119283,a0i6g000006XwEIAA0,false
119284,a0i6g000006XwFDAA0,false
119285,a0i6g000006XwFLAA0,false
119286,a0i6g000006XwG1AAK,false
119287,a0i6g000006XwG7AAK,false
119288,a0i6g000006Xwv1AAC,false
119289,a0i6g000006XwwYAAS,false
119290,a0i6g000006XxElAAK,false
119291,a0i6g000006XxIFAA0,false
119292,a0i6g000006XxIdAAK,false
119293,a0i6g000006XxIfAAK,false
119294,a0i6g000006XyCsAAK,false
119295,a0i6g000006XyaUAAS,false
119296,a0i6g000006Y0DUAA0,false
119297,a0i6g000006Y0feAAC,false
119298,a0i6g000006Y0n2AAC,false
119299,a0i6g000006Y0ojAAC,false
119300,a0i6g000006Y1INAA0,false
119301,a0i6g000006Y1JkAAK,false
119302,a0i6g000006Y1feAAC,false
119303,a0i6g000006Y1gGAAS,false
119304,a0i6g000006Y2SOAA0,false
119305,a0i6g000006Y2TSAA0,false
119306,a0i6g000006Y31CAAS,false
119307,a0i6g000006Y327AAC,false
119308,a0i6g000006Y32dAAC,false
119309,a0i6g000006Y3yyAAC,false
119310,a0i6g000006Y3zgAAC,false
119311,a0i6g000006Y4fJAAS,false
119312,a0i6g000006Y4fLAAS,false
119313,a0i6g000006Y6FgAAK,false
119314,a0i6g000006Y6nOAAS,false
119315,a0i6g000006Y6nmAAC,false
119316,a0i6g000006Y7W5AAK,false
119317,a0i6g000006Y7WQAA0,false
119318,a0i6g000006Y7hOAAS,false
119319,a0i6g000006Y8bjAAC,false
119320,a0i6g000006YAKyAAO,false
119321,a0i6g000006YALiAAO,false
119322,a0i6g000006YAMDAA4,false
119323,a0i6g000006YAvmAAG,false
119324,a0i6g000006YAwAAAW,false
119325,a0i6g000006YAwCAAW,false
119326,a0i6g000006YAxeAAG,false
119327,a0i6g000006YBKHAA4,false
119328,a0i6g000006YCFSAA4,false
119329,a0i6g000006YCGkAAO,false
119330,a0i6g000006YCHhAAO,false
119331,a0i6g000006YFJeAAO,false
119332,a0i6g000006YFJoAAO,false
119333,a0i6g000006YFLpAAO,false
119334,a0i6g000006YFiuAAG,false
119335,a0i6g000006YFkSAAW,false
119336,a0i6g000006YFl6AAG,false
119337,a0i6g000006YFlPAAW,false
119338,a0i6g000006YFm4AAG,false
119339,a0i6g000006YG6YAAW,false
119340,a0i6g000006YG6gAAG,false
119341,a0i6g000006YGS2AAO,false
119342,a0i6g000006YGTWAA4,false
119343,a0i6g000006YGsGAAW,false
119344,a0i6g000006YHnkAAG,false
119345,a0i6g000006YHvhAAG,false
119346,a0i6g000006YHvnAAG,false
119347,a0i6g000006YJWjAAO,false
119348,a0i6g000006YJX8AAO,false
119349,a0i6g000006YJXsAAO,false
119350,a0i6g000006YKC5AAO,false
119351,a0i6g000006YKCNAA4,false
119352,a0i6g000006YKCyAAO,false
119353,a0i6g000006YKD1AAO,false
119354,a0i6g000006YKEDAA4,false
119355,a0i6g000006YKc6AAG,false
119356,a0i6g000006YKd3AAG,false
119357,a0i6g000006YKiLAAW,false
119358,a0i6g000006YKiNAAW,false
119359,a0i6g000006YKjsAAG,false
119360,a0i6g000006YM5MAAW,false
119361,a0i6g000006YM75AAG,false
119362,a0i6g000006YM7TAAW,false
119363,a0i6g000006YNZPAA4,false
119364,a0i6g000006YNaUAAW,false
119365,a0i6g000006YNacAAG,false
119366,a0i6g000006YODvAAO,false
119367,a0i6g000006YOGRAA4,false
119368,a0i6g000006YOR4AAO,false
119369,a0i6g000006YOqeAAG,false
119370,a0i6g000006YOqmAAG,false
119371,a0i6g000006YOqqAAG,false
119372,a0i6g000006YOrTAAW,false
119373,a0i6g000006YOrrAAG,false
119374,a0i6g000006YOrvAAG,false
119375,a0i6g000006YOuHAAW,false
119376,a0i6g000006YP48AAG,false
119377,a0i6g000006YPBKAA4,false
119378,a0i6g000006YPcSAAW,false
119379,a0i6g000006YPyYAAW,false
119380,a0i6g000006YRY8AAO,false
119381,a0i6g000006YRd7AAG,false
119382,a0i6g000006YRdeAAG,false
119383,a0i6g000006YRdfAAG,false
119384,a0i6g000006YReHAAW,false
119385,a0i6g000006YRfOAAW,false
119386,a0i6g000006YS7pAAG,false
119387,a0i6g000006YS8bAAG,false
119388,a0i6g000006YSBsAAO,false
119389,a0i6g000006YSIFAA4,false
119390,a0i6g000006YT2nAAG,false
119391,a0i6g000006YT34AAG,false
119392,a0i6g000006YT3HAAW,false
119393,a0i6g000006YT4SAAW,false
119394,a0i6g000006YT52AAG,false
119395,a0i6g000006YT68AAG,false
119396,a0i6g000006YT6qAAG,false
119397,a0i6g000006YTk3AAG,false
119398,a0i6g000006YTlWAAW,false
119399,a0i6g000006YVZdAAO,false
119400,a0i6g000006YVo3AAG,false
119401,a0i6g000006YVoNAAW,false
119402,a0i6g000006YVp1AAG,false
119403,a0i6g000006YVpyAAG,false
119404,a0i6g000006YW9dAAG,false
119405,a0i6g000006YWAGAA4,false
119406,a0i6g000006YWHjAAO,false
119407,a0i6g000006YWHyAAO,false
119408,a0i6g000006YWZiAAO,false
119409,a0i6g000006YXEmAAO,false
119410,a0i6g000006YXHMAA4,false
119411,a0i6g000006YXHPAA4,false
119412,a0i6g000006YXHYAA4,false
119413,a0i6g000006YZxbAAG,false
119414,a0i6g000006YZxyAAG,false
119415,a0i6g000006YaCfAAK,false
119416,a0i6g000006YaEdAAK,false
119417,a0i6g000006YaGSAA0,false
119418,a0i6g000006YaHfAAK,false
119419,a0i6g000006YaeaAAC,false
119420,a0i6g000006YbSwAAK,false
119421,a0i6g000006YbUpAAK,false
119422,a0i6g000006YbY8AAK,false
119423,a0i6g000006YbYtAAK,false
119424,a0i6g000006YbhPAAS,false
119425,a0i6g000006Ye4sAAC,false
119426,a0i6g000006YeDMAA0,false
119427,a0i6g000006YeK4AAK,false
119428,a0i6g000006YeKBAA0,false
119429,a0i6g000006YeM3AAK,false
119430,a0i6g000006YeSKAA0,false
119431,a0i6g000006YeaPAAS,false
119432,a0i6g000006YfKcAAK,false
119433,a0i6g000006YfKmAAK,false
119434,a0i6g000006YfKwAAK,false
119435,a0i6g000006YfLrAAK,false
119436,a0i6g000006YfSXAA0,false
119437,a0i6g000006YfTzAAK,false
119438,a0i6g000006YfZVAA0,false
119439,a0i6g000006YfZwAAK,false
119440,a0i6g000006Yfa1AAC,false
119441,a0i6g000006Yfa3AAC,false
119442,a0i6g000006YfaWAAS,false
119443,a0i6g000006Yfb0AAC,false
119444,a0i6g000006Yg6tAAC,false
119445,a0i6g000006Yhg0AAC,false
119446,a0i6g000006YhgFAAS,false
119447,a0i6g000006YhgOAAS,false
119448,a0i6g000006YhhPAAS,false
119449,a0i6g000006YhiDAAS,false
119450,a0i6g000006YhiVAAS,false
119451,a0i6g000006YhseAAC,false
119452,a0i6g000006Y30IAAS,false
119453,a0i6g000006Y31vAAC,false
119454,a0i6g000006Y32AAAS,false
119455,a0i6g000006Y3PAAA0,false
119456,a0i6g000006Y3PvAAK,false
119457,a0i6g000006Y3PzAAK,false
119458,a0i6g000006Y3z0AAC,false
119459,a0i6g000006Y3zlAAC,false
119460,a0i6g000006Y4g8AAC,false
119461,a0i6g000006Y6G2AAK,false
119462,a0i6g000006Y6G9AAK,false
119463,a0i6g000006Y6oIAAS,false
119464,a0i6g000006Y6pEAAS,false
119465,a0i6g000006Y7TjAAK,false
119466,a0i6g000006Y7haAAC,false
119467,a0i6g000006Y8aDAAS,false
119468,a0i6g000006YALYAA4,false
119469,a0i6g000006YAMFAA4,false
119470,a0i6g000006YAvWAAW,false
119471,a0i6g000006YAvqAAG,false
119472,a0i6g000006YAvwAAG,false
119473,a0i6g000006YAx3AAG,false
119474,a0i6g000006YAxHAAW,false
119475,a0i6g000006YAxIAAW,false
119476,a0i6g000006YAxSAAW,false
119477,a0i6g000006YBeyAAG,false
119478,a0i6g000006YCH4AAO,false
119479,a0i6g000006YCHAAA4,false
119480,a0i6g000006YCHnAAO,false
119481,a0i6g000006YFJPAA4,false
119482,a0i6g000006YFjkAAG,false
119483,a0i6g000006YFk4AAG,false
119484,a0i6g000006YFk6AAG,false
119485,a0i6g000006YFkyAAG,false
119486,a0i6g000006YGT8AAO,false
119487,a0i6g000006YGURAA4,false
119488,a0i6g000006YGsaAAG,false
119489,a0i6g000006YHuZAAW,false
119490,a0i6g000006YHwNAAW,false
119491,a0i6g000006YHwiAAG,false
119492,a0i6g000006YJX9AAO,false
119493,a0i6g000006YJYEAA4,false
119494,a0i6g000006YKJDAA4,false
119495,a0i6g000006YKK1AAO,false
119496,a0i6g000006YKboAAG,false
119497,a0i6g000006YKigAAG,false
119498,a0i6g000006YKkcAAG,false
119499,a0i6g000006YL91AAG,false
119500,a0i6g000006YM5GAAW,false
119501,a0i6g000006YNaCAAW,false
119502,a0i6g000006YNbFAAW,false
119503,a0i6g000006YNl0AAG,false
119504,a0i6g000006YOEEAA4,false
119505,a0i6g000006YOGWAA4,false
119506,a0i6g000006YORfAAO,false
119507,a0i6g000006YOq4AAG,false
119508,a0i6g000006YOqNAAW,false
119509,a0i6g000006YOrEAAW,false
119510,a0i6g000006YOrOAAW,false
119511,a0i6g000006YOrxAAG,false
119512,a0i6g000006YOvuAAG,false
119513,a0i6g000006YPcPAAW,false
119514,a0i6g000006YPxsAAG,false
119515,a0i6g000006YPzIAAW,false
119516,a0i6g000006YPzPAAW,false
119517,a0i6g000006YRYeAAO,false
119518,a0i6g000006YRdYAAW,false
119519,a0i6g000006YRdmAAG,false
119520,a0i6g000006YRdnAAG,false
119521,a0i6g000006YRdwAAG,false
119522,a0i6g000006YRrzAAG,false
119523,a0i6g000006YS5mAAG,false
119524,a0i6g000006YS7oAAG,false
119525,a0i6g000006YSCrAAO,false
119526,a0i6g000006YSJSAA4,false
119527,a0i6g000006YSKdAAO,false
119528,a0i6g000006YSZFAA4,false
119529,a0i6g000006YSZjAAO,false
119530,a0i6g000006YSZsAAO,false
119531,a0i6g000006YSahAAG,false
119532,a0i6g000006YT2fAAG,false
119533,a0i6g000006YT3TAAW,false
119534,a0i6g000006YT47AAG,false
119535,a0i6g000006YT5sAAG,false
119536,a0i6g000006YTjTAAW,false
119537,a0i6g000006YVZ6AAO,false
119538,a0i6g000006YVZKAA4,false
119539,a0i6g000006YVZVAA4,false
119540,a0i6g000006YVaXAAW,false
119541,a0i6g000006YVoSAAW,false
119542,a0i6g000006YVopAAG,false
119543,a0i6g000006YVpaAAG,false
119544,a0i6g000006YVpgAAG,false
119545,a0i6g000006YVq8AAG,false
119546,a0i6g000006YWHUAA4,false
119547,a0i6g000006YWHiAAO,false
119548,a0i6g000006YWInAAO,false
119549,a0i6g000006YWORAA4,false
119550,a0i6g000006YWPFAA4,false
119551,a0i6g000006YWYrAAO,false
119552,a0i6g000006YWa5AAG,false
119553,a0i6g000006YWaIAAW,false
119554,a0i6g000006YXBNAA4,false
119555,a0i6g000006YXElAAO,false
119556,a0i6g000006YY5JAAW,false
119557,a0i6g000006YY5SAAW,false
119558,a0i6g000006YZx3AAG,false
119559,a0i6g000006YZy4AAG,false
119560,a0i6g000006YZyWAAW,false
119561,a0i6g000006Ya5dAAC,false
119562,a0i6g000006YaBuAAK,false
119563,a0i6g000006YaD2AAK,false
119564,a0i6g000006YaFdAAK,false
119565,a0i6g000006YaGuAAK,false
119566,a0i6g000006YaVHAA0,false
119567,a0i6g000006YaXDAA0,false
119568,a0i6g000006YafRAAS,false
119569,a0i6g000006YbYCAA0,false
119570,a0i6g000006YbbYAAS,false
119571,a0i6g000006YbhVAAS,false
119572,a0i6g000006YdmAAAS,false
119573,a0i6g000006Ye5nAAC,false
119574,a0i6g000006YeD3AAK,false
119575,a0i6g000006YeDbAAK,false
119576,a0i6g000006YeKnAAK,false
119577,a0i6g000006YeLqAAK,false
119578,a0i6g000006YeaRAAS,false
119579,a0i6g000006Yeb2AAC,false
119580,a0i6g000006YfKxAAK,false
119581,a0i6g000006YfMXAA0,false
119582,a0i6g000006YfZrAAK,false
119583,a0i6g000006YfaVAAS,false
119584,a0i6g000006YhEzAAK,false
119585,a0i6g000006YhgYAAS,false
119586,a0i6g000006YhgxAAC,false
119587,a0i6g000006YhhNAAS,false
119588,a0i6g000006YhhTAAS,false
119589,a0i6g000006Yhi1AAC,false
119590,a0i6g000006Yhi3AAC,false
119591,a0i6g000006YiIpAAK,false
119592,a0i6g000006YiJsAAK,false
119593,a0i6g000006YiW7AAK,false
119594,a0i6g000006Yip4AAC,false
119595,a0i6g000006YixPAAS,false
119596,a0i6g000006YiyoAAC,false
119597,a0i6g000006Yk1oAAC,false
119598,a0i6g000006Yk2jAAC,false
119599,a0i6g000006Yk3UAAS,false
119600,a0i6g000006YkF8AAK,false
119601,a0i6g000006YkFMAA0,false
119602,a0i6g000006Yl7rAAC,false
119603,a0i6g000006Yl8xAAC,false
119604,a0i6g000006Yl9DAAS,false
119605,a0i6g000006YlA4AAK,false
119606,a0i6g000006YlXuAAK,false
119607,a0i6g000006YlZeAAK,false
119608,a0i6g000006YleuAAC,false
119609,a0i6g000006YlfwAAC,false
119610,a0i6g000006Yll3AAC,false
119611,a0i6g000006Yll6AAC,false
119612,a0i6g000006Ylm7AAC,false
119613,a0i6g000006YmJUAA0,false
119614,a0i6g000006YmKgAAK,false
119615,a0i6g000006YmOpAAK,false
119616,a0i6g000006Yo8WAAS,false
119617,a0i6g000006Yo8mAAC,false
119618,a0i6g000006Yo9CAAS,false
119619,a0i6g000006Yo9oAAC,false
119620,a0i6g000006YoA3AAK,false
119621,a0i6g000006YoqJAAS,false
119622,a0i6g000006Ydn4AAC,false
119623,a0i6g000006Ye3gAAC,false
119624,a0i6g000006Ye50AAC,false
119625,a0i6g000006YeE5AAK,false
119626,a0i6g000006YeMKAA0,false
119627,a0i6g000006YeSNAA0,false
119628,a0i6g000006YeaUAAS,false
119629,a0i6g000006YearAAC,false
119630,a0i6g000006YfKCAA0,false
119631,a0i6g000006YfLiAAK,false
119632,a0i6g000006YfM1AAK,false
119633,a0i6g000006YfS6AAK,false
119634,a0i6g000006YfS8AAK,false
119635,a0i6g000006Yfa2AAC,false
119636,a0i6g000006YfaOAAS,false
119637,a0i6g000006Yg6DAAS,false
119638,a0i6g000006YhFYAA0,false
119639,a0i6g000006YhgtAAC,false
119640,a0i6g000006YhhHAAS,false
119641,a0i6g000006YhvJAAS,false
119642,a0i6g000006YhwlAAC,false
119643,a0i6g000006YiJCAA0,false
119644,a0i6g000006YiLBAA0,false
119645,a0i6g000006YiVnAAK,false
119646,a0i6g000006YiW0AAK,false
119647,a0i6g000006YiWTAA0,false
119648,a0i6g000006YjClAAK,false
119649,a0i6g000006Yk3NAAS,false
119650,a0i6g000006Yk3VAAS,false
119651,a0i6g000006Yk4PAAS,false
119652,a0i6g000006Yl7jAAC,false
119653,a0i6g000006Yl88AAC,false
119654,a0i6g000006Yl9BAAS,false
119655,a0i6g000006YlAHAA0,false
119656,a0i6g000006YlXxAAK,false
119657,a0i6g000006YlmtAAC,false
119658,a0i6g000006YmIsAAK,false
119659,a0i6g000006YmJAAA0,false
119660,a0i6g000006YmKKAA0,false
119661,a0i6g000006YmOJAA0,false
119662,a0i6g000006YmqoAAC,false
119663,a0i6g000006YmqwAAC,false
119664,a0i6g000006YmrzAAC,false
119665,a0i6g000006Yo9PAAS,false
119666,a0i6g000006Yo9jAAC,false
119667,a0i6g000006YoqRAAS,false
119668,a0i6g000006YorKAAS,false
119669,a0i6g000006YorlAAC,false
119670,a0i6g000006YpKzAAK,false
119671,a0i6g000006YpO7AAK,false
119672,a0i6g000006YpR5AAK,false
119673,a0i6g000006YqA1AAK,false
119674,a0i6g000006YqBCAA0,false
119675,a0i6g000006YqBIAA0,false
119676,a0i6g000006YqBoAAK,false
119677,a0i6g000006Yr2MAAS,false
119678,a0i6g000006Yr2ZAAS,false
119679,a0i6g000006Ys2FAAS,false
119680,a0i6g000006Yss9AAC,false
119681,a0i6g000006YssRAAS,false
119682,a0i6g000006YstrAAC,false
119683,a0i6g000006YsyHAAS,false
119684,a0i6g000006Yt1zAAC,false
119685,a0i6g000006Yt26AAC,false
119686,a0i6g000006Yt2UAAS,false
119687,a0i6g000006Yt3wAAC,false
119688,a0i6g000006Yta9AAC,false
119689,a0i6g000006YtcOAAS,false
119690,a0i6g000006YtghAAC,false
119691,a0i6g000006YtgiAAC,false
119692,a0i6g000006YthQAAS,false
119693,a0i6g000006YtiGAAS,false
119694,a0i6g000006YtiYAAS,false
119695,a0i6g000006YuCLAA0,false
119696,a0i6g000006Yv3RAAS,false
119697,a0i6g000006YvgbAAC,false
119698,a0i6g000006YwpKAAS,false
119699,a0i6g000006YwpiAAC,false
119700,a0i6g000006YwqSAAS,false
119701,a0i6g000006YwqYAAS,false
119702,a0i6g000006YwqdAAC,false
119703,a0i6g000006YwrOAAS,false
119704,a0i6g000006YxRMAA0,false
119705,a0i6g000006YyNrAAK,false
119706,a0i6g000006YzkFAAS,false
119707,a0i6g000006YzldAAC,false
119708,a0i6g000006Z0QOAA0,false
119709,a0i6g000006Z0oQAAS,false
119710,a0i6g000006Z0tyAAC,false
119711,a0i6g000006Z13nAAC,false
119712,a0i6g000006Z22uAAC,false
119713,a0i6g000006Z2b7AAC,false
119714,a0i6g000006Z2b8AAC,false
119715,a0i6g000006Z2cIAAS,false
119716,a0i6g000006Z2ctAAC,false
119717,a0i6g000006Z2wcAAC,false
119718,a0i6g000006Z4DcAAK,false
119719,a0i6g000006Z4UiAAK,false
119720,a0i6g000006Z4WZAA0,false
119721,a0i6g000006Z4X1AAK,false
119722,a0i6g000006Z4X3AAK,false
119723,a0i6g000006Z4XBAA0,false
119724,a0i6g000006Z4XFAA0,false
119725,a0i6g000006Z4XGAA0,false
119726,a0i6g000006Z58iAAC,false
119727,a0i6g000006Z5WvAAK,false
119728,a0i6g000006Z5XmAAK,false
119729,a0i6g000006Z5zhAAC,false
119730,a0i6g000006Z7ZrAAK,false
119731,a0i6g000006Z8KJAA0,false
119732,a0i6g000006Z8xDAAS,false
119733,a0i6g000006ZD84AAG,false
119734,a0i6g000006ZOBnAAO,false
119735,a0i6g000006ZOf6AAG,false
119736,a0i6g000006ZsTHAA0,false
119737,a0i6g000006bnrTAAQ,false
119738,a0i6g000006eF8rAAE,false
119739,a0i6g000006efbaAAA,false
119740,a0i6g000006efcMAAQ,false
119741,a0i6g000006efwpAAA,false
119742,a0i6g000006egTNAAY,false
119743,a0i6g000006egziAAA,false
119744,a0i6g000006eiF7AAI,false
119745,a0i6g000006eiFUAAY,false
119746,a0i6g000006ejBlAAI,false
119747,a0i6g000006ejZuAAI,false
119748,a0i6g000006ekJJAAY,false
119749,a0i6g000006ekfcAAA,false
119750,a0i6g000006ekfsAAA,false
119751,a0i6g000006eks6AAA,false
119752,a0i6g000006emS4AAI,false
119753,a0i6g000006enKMAAY,false
119754,a0i6g000006enO9AAI,false
119755,a0i6g000006enODAAY,false
119756,a0i6g000006enqZAAQ,false
119757,a0i6g000006eoJQAAY,false
119758,a0i6g000006eqPSAAY,false
119759,a0i6g000006eqzDAAQ,false
119760,a0i6g000006erInAAI,false
119761,a0i6g000006erLMAAY,false
119762,a0i6g000006erNcAAI,false
119763,a0i6g000006esFXAAY,false
119764,a0i6g000006esMnAAI,false
119765,a0i6g000006esNhAAI,false
119766,a0i6g000006eunDAAQ,false
119767,a0i6g000006evQAAAY,false
119768,a0i6g000006evVNAAY,false
119769,a0i6g000006ewEqAAI,false
119770,a0i6g000006ewFPAAY,false
119771,a0i6g000006ewOXAAY,false
119772,a0i6g000006ewYTAAY,false
119773,a0i6g000006ewo9AAA,false
119774,a0i6g000006exQtAAI,false
119775,a0i6g000006exhIAAQ,false
119776,a0i6g000006eyCzAAI,false
119777,a0i6g000006eyWkAAI,false
119778,a0i6g000006eyqfAAA,false
119779,a0i6g000006eyuxAAA,false
119780,a0i6g000006eyyZAAQ,false
119781,a0i6g000006ezNNAAY,false
119782,a0i6g000006ezaSAAQ,false
119783,a0i6g000006f0nYAAQ,false
119784,a0i6g000006f13lAAA,false
119785,a0i6g000006f18pAAA,false
119786,a0i6g000006f1mxAAA,false
119787,a0i6g000006f2yqAAA,false
119788,a0i6g000006f4YRAAY,false
119789,a0i6g000006f4rlAAA,false
119790,a0i6g000006f5AlAAI,false
119791,a0i6g000006f6NvAAI,false
119792,a0i6g000006YhvBAAS,false
119793,a0i6g000006YhwuAAC,false
119794,a0i6g000006YiJ5AAK,false
119795,a0i6g000006YiJbAAK,false
119796,a0i6g000006YiKsAAK,false
119797,a0i6g000006YiVkAAK,false
119798,a0i6g000006Yio4AAC,false
119799,a0i6g000006YioIAAS,false
119800,a0i6g000006YioXAAS,false
119801,a0i6g000006Yip9AAC,false
119802,a0i6g000006Yit1AAC,false
119803,a0i6g000006YixqAAC,false
119804,a0i6g000006Yk2pAAC,false
119805,a0i6g000006Yk2qAAC,false
119806,a0i6g000006Yk4BAAS,false
119807,a0i6g000006Yl7cAAC,false
119808,a0i6g000006YlNTAA0,false
119809,a0i6g000006YlYLAA0,false
119810,a0i6g000006Ylf1AAC,false
119811,a0i6g000006YllDAAS,false
119812,a0i6g000006YllZAAS,false
119813,a0i6g000006YlmoAAC,false
119814,a0i6g000006YmIqAAK,false
119815,a0i6g000006YmJEAA0,false
119816,a0i6g000006YmKhAAK,false
119817,a0i6g000006YmKyAAK,false
119818,a0i6g000006YmqqAAC,false
119819,a0i6g000006YnHdAAK,false
119820,a0i6g000006Yo8jAAC,false
119821,a0i6g000006Yo8rAAC,false
119822,a0i6g000006Yo92AAC,false
119823,a0i6g000006Yo98AAC,false
119824,a0i6g000006Yo9JAAS,false
119825,a0i6g000006Yo9xAAC,false
119826,a0i6g000006YoqtAAC,false
119827,a0i6g000006YpL4AAK,false
119828,a0i6g000006YpNBAA0,false
119829,a0i6g000006YpOaAAK,false
119830,a0i6g000006YqA0AAK,false
119831,a0i6g000006YqAOAA0,false
119832,a0i6g000006YqAUAA0,false
119833,a0i6g000006YqB1AAK,false
119834,a0i6g000006YqBKAA0,false
119835,a0i6g000006YqBMAA0,false
119836,a0i6g000006YqBlAAK,false
119837,a0i6g000006Yr26AAC,false
119838,a0i6g000006Ys3BAAS,false
119839,a0i6g000006Ys3EAAS,false
119840,a0i6g000006Ys4DAAS,false
119841,a0i6g000006Yt1yAAC,false
119842,a0i6g000006Yt3rAAC,false
119843,a0i6g000006Yt3sAAC,false
119844,a0i6g000006Yt46AAC,false
119845,a0i6g000006Yt4TAAS,false
119846,a0i6g000006YtZcAAK,false
119847,a0i6g000006YtZsAAK,false
119848,a0i6g000006YteUAAS,false
119849,a0i6g000006Yti3AAC,false
119850,a0i6g000006YwogAAC,false
119851,a0i6g000006YwpNAAS,false
119852,a0i6g000006YwpQAAS,false
119853,a0i6g000006YwpkAAC,false
119854,a0i6g000006YxfNAAS,false
119855,a0i6g000006YxfPAAS,false
119856,a0i6g000006YxhQAAS,false
119857,a0i6g000006YzkQAAS,false
119858,a0i6g000006Z0v9AAC,false
119859,a0i6g000006Z0wpAAC,false
119860,a0i6g000006Z21HAAS,false
119861,a0i6g000006Z2atAAC,false
119862,a0i6g000006Z2cpAAC,false
119863,a0i6g000006Z2dAAAS,false
119864,a0i6g000006Z2vuAAC,false
119865,a0i6g000006Z4DzAAK,false
119866,a0i6g000006Z4UVAA0,false
119867,a0i6g000006Z4UhAAK,false
119868,a0i6g000006Z4XiAAK,false
119869,a0i6g000006Z4YkAAK,false
119870,a0i6g000006Z4ZCAA0,false
119871,a0i6g000006Z4ZJAA0,false
119872,a0i6g000006Z4ZcAAK,false
119873,a0i6g000006Z5XYAA0,false
119874,a0i6g000006Z5YiAAK,false
119875,a0i6g000006Z5yAAAS,false
119876,a0i6g000006ZD9tAAG,false
119877,a0i6g000006ZP1eAAG,false
119878,a0i6g000006aS0KAAU,false
119879,a0i6g000006egHfAAI,false
119880,a0i6g000006egZuAAI,false
119881,a0i6g000006egcCAAQ,false
119882,a0i6g000006eguIAAQ,false
119883,a0i6g000006egvIAAQ,false
119884,a0i6g000006ehMEAAY,false
119885,a0i6g000006ehxOAAQ,false
119886,a0i6g000006eiIuAAI,false
119887,a0i6g000006eiRCAAY,false
119888,a0i6g000006eiyoAAA,false
119889,a0i6g000006ej9MAAQ,false
119890,a0i6g000006ejQuAAI,false
119891,a0i6g000006ejW8AAI,false
119892,a0i6g000006ekfKAAQ,false
119893,a0i6g000006elE8AAI,false
119894,a0i6g000006em4rAAA,false
119895,a0i6g000006emd3AAA,false
119896,a0i6g000006emjMAAQ,false
119897,a0i6g000006eo1QAAQ,false
119898,a0i6g000006eo1zAAA,false
119899,a0i6g000006eo4yAAA,false
119900,a0i6g000006eoxYAAQ,false
119901,a0i6g000006epEzAAI,false
119902,a0i6g000006epG0AAI,false
119903,a0i6g000006epN8AAI,false
119904,a0i6g000006eqR0AAI,false
119905,a0i6g000006ercHAAQ,false
119906,a0i6g000006eruoAAA,false
119907,a0i6g000006es3GAAQ,false
119908,a0i6g000006esV4AAI,false
119909,a0i6g000006etEAAAY,false
119910,a0i6g000006eu64AAA,false
119911,a0i6g000006euORAAY,false
119912,a0i6g000006evRcAAI,false
119913,a0i6g000006evdFAAQ,false
119914,a0i6g000006evujAAA,false
119915,a0i6g000006exE4AAI,false
119916,a0i6g000006exL8AAI,false
119917,a0i6g000006exRhAAI,false
119918,a0i6g000006eyVVAAY,false
119919,a0i6g000006eyeFAAQ,false
119920,a0i6g000006eygLAAQ,false
119921,a0i6g000006eyxgAAA,false
119922,a0i6g000006eyzsAAA,false
119923,a0i6g000006f0zHAAQ,false
119924,a0i6g000006f1GQAAY,false
119925,a0i6g000006f1KOAAY,false
119926,a0i6g000006f1vYAAQ,false
119927,a0i6g000006f1wZAAQ,false
119928,a0i6g000006f2ZuAAI,false
119929,a0i6g000006f3R0AAI,false
119930,a0i6g000006f4XWAAY,false
119931,a0i6g000006f578AAA,false
119932,a0i6g000006f5fkAAA,false
119933,a0i6g000006f6Q0AAI,false
119934,a0i6g000006f6UrAAI,false
119935,a0i6g000006f6mvAAA,false
119936,a0i6g000006f7jAAAQ,false
119937,a0i6g000006f8R7AAI,false
119938,a0i6g000006f8igAAA,false
119939,a0i6g000006f8zBAAQ,false
119940,a0i6g000006f9FyAAI,false
119941,a0i6g000006f9PSAAY,false
119942,a0i6g000006f9R7AAI,false
119943,a0i6g000006f9coAAA,false
119944,a0i6g000006fA0pAAE,false
119945,a0i6g000006fA7gAAE,false
119946,a0i6g000006fAbBAAU,false
119947,a0i6g000006fBNxAAM,false
119948,a0i6g000006fBPYAA2,false
119949,a0i6g000006fBqCAAU,false
119950,a0i6g000006fC1qAAE,false
119951,a0i6g000006fCDlAAM,false
119952,a0i6g000006fCKUAA2,false
119953,a0i6g000006fDmOAAU,false
119954,a0i6g000006fFotAAE,false
119955,a0i6g000006fG1hAAE,false
119956,a0i6g000006fGUBAA2,false
119957,a0i6g000006fGmfAAE,false
119958,a0i6g000006fHVyAAM,false
119959,a0i6g000006fI1OAAU,false
119960,a0i6g000006fI6FAAU,false
119961,a0i6g000006fIFSAA2,false
119962,a0i6g000006YoqNAAS,false
119963,a0i6g000006YpKvAAK,false
119964,a0i6g000006YpMBAA0,false
119965,a0i6g000006YpMkAAK,false
119966,a0i6g000006YpOGAA0,false
119967,a0i6g000006YpP7AAK,false
119968,a0i6g000006Yq61AAC,false
119969,a0i6g000006Yq8zAAC,false
119970,a0i6g000006YqADAA0,false
119971,a0i6g000006YqATAA0,false
119972,a0i6g000006YqBcAAK,false
119973,a0i6g000006YqBqAAK,false
119974,a0i6g000006Yr2NAAS,false
119975,a0i6g000006Ys3KAAS,false
119976,a0i6g000006Ys4SAAS,false
119977,a0i6g000006Yt1sAAC,false
119978,a0i6g000006Yt2qAAC,false
119979,a0i6g000006Yt3JAAS,false
119980,a0i6g000006Yta5AAC,false
119981,a0i6g000006YtcRAAS,false
119982,a0i6g000006YtdFAAS,false
119983,a0i6g000006Yte8AAC,false
119984,a0i6g000006YvfyAAC,false
119985,a0i6g000006YvhkAAC,false
119986,a0i6g000006Ywp2AAC,false
119987,a0i6g000006YwqeAAC,false
119988,a0i6g000006YwrDAAS,false
119989,a0i6g000006YxFCAA0,false
119990,a0i6g000006YxFJAA0,false
119991,a0i6g000006YxFKAA0,false
119992,a0i6g000006YxfMAAS,false
119993,a0i6g000006YxhpAAC,false
119994,a0i6g000006YyP8AAK,false
119995,a0i6g000006YyPfAAK,false
119996,a0i6g000006Yzk3AAC,false
119997,a0i6g000006Z0QVAA0,false
119998,a0i6g000006Z15yAAC,false
119999,a0i6g000006Z2c5AAC,false
120000,a0i6g000006Z2cGAAS,false
120001,a0i6g000006Z2dPAAS,false
120002,a0i6g000006Z2tpAAC,false
120003,a0i6g000006Z2vqAAC,false
120004,a0i6g000006Z2wqAAC,false
120005,a0i6g000006Z4EDAA0,false
120006,a0i6g000006Z4WMAA0,false
120007,a0i6g000006Z4WtAAK,false
120008,a0i6g000006Z4XyAAK,false
120009,a0i6g000006Z4YIAA0,false
120010,a0i6g000006Z4YOAA0,false
120011,a0i6g000006Z4YiAAK,false
120012,a0i6g000006Z5ocAAC,false
120013,a0i6g000006Z748AAC,false
120014,a0i6g000006Z8K0AAK,false
120015,a0i6g000006ZP2CAAW,false
120016,a0i6g000006cjaaAAA,false
120017,a0i6g000006efPeAAI,false
120018,a0i6g000006eg65AAA,false
120019,a0i6g000006egWUAAY,false
120020,a0i6g000006egaAAAQ,false
120021,a0i6g000006eh3tAAA,false
120022,a0i6g000006eh9BAAQ,false
120023,a0i6g000006ehCEAAY,false
120024,a0i6g000006eiIaAAI,false
120025,a0i6g000006eiUjAAI,false
120026,a0i6g000006eisIAAQ,false
120027,a0i6g000006ejUTAAY,false
120028,a0i6g000006ejWLAAY,false
120029,a0i6g000006ejlmAAA,false
120030,a0i6g000006ejrcAAA,false
120031,a0i6g000006ekX3AAI,false
120032,a0i6g000006ekdUAAQ,false
120033,a0i6g000006el50AAA,false
120034,a0i6g000006elKtAAI,false
120035,a0i6g000006elvpAAA,false
120036,a0i6g000006em0nAAA,false
120037,a0i6g000006em2bAAA,false
120038,a0i6g000006emTrAAI,false
120039,a0i6g000006emsMAAQ,false
120040,a0i6g000006eo1UAAQ,false
120041,a0i6g000006eo3jAAA,false
120042,a0i6g000006eo6TAAQ,false
120043,a0i6g000006eoaDAAQ,false
120044,a0i6g000006epCQAAY,false
120045,a0i6g000006epHWAAY,false
120046,a0i6g000006epkqAAA,false
120047,a0i6g000006eq0PAAQ,false
120048,a0i6g000006eq1QAAQ,false
120049,a0i6g000006eq2eAAA,false
120050,a0i6g000006eqlOAAQ,false
120051,a0i6g000006erc2AAA,false
120052,a0i6g000006ereTAAQ,false
120053,a0i6g000006errKAAQ,false
120054,a0i6g000006esI6AAI,false
120055,a0i6g000006esREAAY,false
120056,a0i6g000006esZoAAI,false
120057,a0i6g000006etvtAAA,false
120058,a0i6g000006eu6bAAA,false
120059,a0i6g000006euNfAAI,false
120060,a0i6g000006eugmAAA,false
120061,a0i6g000006eushAAA,false
120062,a0i6g000006evCxAAI,false
120063,a0i6g000006evYcAAI,false
120064,a0i6g000006ewKbAAI,false
120065,a0i6g000006exOHAAY,false
120066,a0i6g000006exnFAAQ,false
120067,a0i6g000006exteAAA,false
120068,a0i6g000006eyF8AAI,false
120069,a0i6g000006eyeUAAQ,false
120070,a0i6g000006ez57AAA,false
120071,a0i6g000006f07mAAA,false
120072,a0i6g000006f0RaAAI,false
120073,a0i6g000006f1G1AAI,false
120074,a0i6g000006f2CQAAY,false
120075,a0i6g000006f2S0AAI,false
120076,a0i6g000006f2hXAAQ,false
120077,a0i6g000006f3Q5AAI,false
120078,a0i6g000006f4cUAAQ,false
120079,a0i6g000006f5bxAAA,false
120080,a0i6g000006f5dhAAA,false
120081,a0i6g000006f5eDAAQ,false
120082,a0i6g000006f5hFAAQ,false
120083,a0i6g000006f64vAAA,false
120084,a0i6g000006f68gAAA,false
120085,a0i6g000006f6UEAAY,false
120086,a0i6g000006f6bPAAQ,false
120087,a0i6g000006f6cpAAA,false
120088,a0i6g000006f6lLAAQ,false
120089,a0i6g000006f7ihAAA,false
120090,a0i6g000006f87nAAA,false
120091,a0i6g000006f8uyAAA,false
120092,a0i6g000006f92rAAA,false
120093,a0i6g000006f97yAAA,false
120094,a0i6g000006f9gPAAQ,false
120095,a0i6g000006f9r9AAA,false
120096,a0i6g000006fAAAAA2,false
120097,a0i6g000006fAGiAAM,false
120098,a0i6g000006fAifAAE,false
120099,a0i6g000006fB4pAAE,false
120100,a0i6g000006fBIUAA2,false
120101,a0i6g000006fBj9AAE,false
120102,a0i6g000006fF8ZAAU,false
120103,a0i6g000006fFGuAAM,false
120104,a0i6g000006fFPIAA2,false
120105,a0i6g000006fFmZAAU,false
120106,a0i6g000006fFzzAAE,false
120107,a0i6g000006fGu6AAE,false
120108,a0i6g000006fGufAAE,false
120109,a0i6g000006fGz4AAE,false
120110,a0i6g000006fHfxAAE,false
120111,a0i6g000006fHuRAAU,false
120112,a0i6g000006fIHHAA2,false
120113,a0i6g000006fIbMAAU,false
120114,a0i6g000006fIzCAAU,false
120115,a0i6g000006fJAqAAM,false
120116,a0i6g000006fJIGAA2,false
120117,a0i6g000006fJUuAAM,false
120118,a0i6g000006fJwOAAU,false
120119,a0i6g000006fK0zAAE,false
120120,a0i6g000006fK3OAAU,false
120121,a0i6g000006fKTRAA2,false
120122,a0i6g000006fKUeAAM,false
120123,a0i6g000006fKkqAAE,false
120124,a0i6g000006fL9VAAU,false
120125,a0i6g000006fLKkAAM,false
120126,a0i6g000006fLSwAAM,false
120127,a0i6g000006fLrfAAE,false
120128,a0i6g000006fMJhAAM,false
120129,a0i6g000006fMlPAAU,false
120130,a0i6g000006fORmAAM,false
120131,a0i6g000006fOX4AAM,false
120132,a0i6g000006f730AAA,false
120133,a0i6g000006f7AyAAI,false
120134,a0i6g000006f7n3AAA,false
120135,a0i6g000006f7rnAAA,false
120136,a0i6g000006f8pBAAQ,false
120137,a0i6g000006f90ZAAQ,false
120138,a0i6g000006f96AAAQ,false
120139,a0i6g000006f9WpAAI,false
120140,a0i6g000006fAERAA2,false
120141,a0i6g000006fAbQAAU,false
120142,a0i6g000006fAmzAAE,false
120143,a0i6g000006fB7ZAAU,false
120144,a0i6g000006fBbpAAE,false
120145,a0i6g000006fBeGAAU,false
120146,a0i6g000006fC8MAAU,false
120147,a0i6g000006fCKaAAM,false
120148,a0i6g000006fCQdAAM,false
120149,a0i6g000006fCUqAAM,false
120150,a0i6g000006fCfWAAU,false
120151,a0i6g000006fD6wAAE,false
120152,a0i6g000006fDU7AAM,false
120153,a0i6g000006fEOPAA2,false
120154,a0i6g000006fEXQAA2,false
120155,a0i6g000006fEtIAAU,false
120156,a0i6g000006fExlAAE,false
120157,a0i6g000006fFIqAAM,false
120158,a0i6g000006fH2IAAU,false
120159,a0i6g000006fH43AAE,false
120160,a0i6g000006fH8IAAU,false
120161,a0i6g000006fHHgAAM,false
120162,a0i6g000006fHKEAA2,false
120163,a0i6g000006fHMTAA2,false
120164,a0i6g000006fHrHAAU,false
120165,a0i6g000006fI6wAAE,false
120166,a0i6g000006fIFMAA2,false
120167,a0i6g000006fIH2AAM,false
120168,a0i6g000006fIkRAAU,false
120169,a0i6g000006fJyCAAU,false
120170,a0i6g000006fKuOAAU,false
120171,a0i6g000006fLSmAAM,false
120172,a0i6g000006fLTqAAM,false
120173,a0i6g000006fM2hAAE,false
120174,a0i6g000006fMV9AAM,false
120175,a0i6g000006fMVIAA2,false
120176,a0i6g000006fMwXAAU,false
120177,a0i6g000006fN7UAAU,false
120178,a0i6g000006fN9OAAU,false
120179,a0i6g000006fNR6AAM,false
120180,a0i6g000006fNg7AAE,false
120181,a0i6g000006fOF2AAM,false
120182,a0i6g000006fOTFAA2,false
120183,a0i6g000006fPrmAAE,false
120184,a0i6g000006fQIJAA2,false
120185,a0i6g000006fSHLAA2,false
120186,a0i6g000006fSOTAA2,false
120187,a0i6g000006fSplAAE,false
120188,a0i6g000006fTQ7AAM,false
120189,a0i6g000006fTs9AAE,false
120190,a0i6g000006fULVAA2,false
120191,a0i6g000006fUNTAA2,false
120192,a0i6g000006fV6EAAU,false
120193,a0i6g000006fVHNAA2,false
120194,a0i6g000006fW7qAAE,false
120195,a0i6g000006fWzUAAU,false
120196,a0i6g000006fY2rAAE,false
120197,a0i6g000006fY52AAE,false
120198,a0i6g000006fYNcAAM,false
120199,a0i6g000006fYkmAAE,false
120200,a0i6g000006fZ8fAAE,false
120201,a0i6g000006fZX6AAM,false
120202,a0i6g000006fZiLAAU,false
120203,a0i6g000006fZsqAAE,false
120204,a0i6g000006faxLAAQ,false
120205,a0i6g000006fb1UAAQ,false
120206,a0i6g000006fb4OAAQ,false
120207,a0i6g000006fb92AAA,false
120208,a0i6g000006fbsEAAQ,false
120209,a0i6g000006fcEgAAI,false
120210,a0i6g000006fcgMAAQ,false
120211,a0i6g000006fclQAAQ,false
120212,a0i6g000006fdhEAAQ,false
120213,a0i6g000006ffstAAA,false
120214,a0i6g000006fg80AAA,false
120215,a0i6g000006fghyAAA,false
120216,a0i6g000006fgqMAAQ,false
120217,a0i6g000006fhngAAA,false
120218,a0i6g000006fi8iAAA,false
120219,a0i6g000006ficMAAQ,false
120220,a0i6g000006fjOAAAY,false
120221,a0i6g000006fjbaAAA,false
120222,a0i6g000006fkJRAAY,false
120223,a0i6g000006fkW8AAI,false
120224,a0i6g000006fkcbAAA,false
120225,a0i6g000006fkphAAA,false
120226,a0i6g000006fl4aAAA,false
120227,a0i6g000006flcQAAQ,false
120228,a0i6g000006flkoAAA,false
120229,a0i6g000006flzqAAA,false
120230,a0i6g000006fmLWAAY,false
120231,a0i6g000006fnH0AAI,false
120232,a0i6g000006fnkHAAQ,false
120233,a0i6g000006fnnWAAQ,false
120234,a0i6g000006fnoqAAA,false
120235,a0i6g000006fpfCAAQ,false
120236,a0i6g000006fpfuAAA,false
120237,a0i6g000006fqYiAAI,false
120238,a0i6g000006fr6bAAA,false
120239,a0i6g000006frHRAAY,false
120240,a0i6g000006frW0AAI,false
120241,a0i6g000006frb8AAA,false
120242,a0i6g000006frpcAAA,false
120243,a0i6g000006fsPDAAY,false
120244,a0i6g000006ftUvAAI,false
120245,a0i6g000006ftW6AAI,false
120246,a0i6g000006fuAaAAI,false
120247,a0i6g000006fuQgAAI,false
120248,a0i6g000006fv10AAA,false
120249,a0i6g000006fvGoAAI,false
120250,a0i6g000006fwMvAAI,false
120251,a0i6g000006fwipAAA,false
120252,a0i6g000006fwizAAA,false
120253,a0i6g000006fwuDAAQ,false
120254,a0i6g000006fxGpAAI,false
120255,a0i6g000006fyD9AAI,false
120256,a0i6g000006fyYqAAI,false
120257,a0i6g000006fzYEAAY,false
120258,a0i6g000006fztMAAQ,false
120259,a0i6g000006g0SMAAY,false
120260,a0i6g000006g0TdAAI,false
120261,a0i6g000006g0xXAAQ,false
120262,a0i6g000006g108AAA,false
120263,a0i6g000006g1ASAAY,false
120264,a0i6g000006g1UVAAY,false
120265,a0i6g000006g1mBAAQ,false
120266,a0i6g000006g257AAA,false
120267,a0i6g000006g2esAAA,false
120268,a0i6g000006g4ilAAA,false
120269,a0i6g000006g7vlAAA,false
120270,a0i6g000006g83dAAA,false
120271,a0i6g000006g8WXAAY,false
120272,a0i6g000006g8fwAAA,false
120273,a0i6g000006g9CxAAI,false
120274,a0i6g000006g9pVAAQ,false
120275,a0i6g000006gA0jAAE,false
120276,a0i6g000006gB3BAAU,false
120277,a0i6g000006gBcAAAU,false
120278,a0i6g000006gBddAAE,false
120279,a0i6g000006gCBoAAM,false
120280,a0i6g000006gCVjAAM,false
120281,a0i6g000006gCekAAE,false
120282,a0i6g000006gD2XAAU,false
120283,a0i6g000006gE18AAE,false
120284,a0i6g000006gEzVAAU,false
120285,a0i6g000006gEzWAAU,false
120286,a0i6g000006gGbxAAE,false
120287,a0i6g000006gGkEAAU,false
120288,a0i6g000006gJ0YAAU,false
120289,a0i6g000006gJ6GAAU,false
120290,a0i6g000006gJ70AAE,false
120291,a0i6g000006gJKrAAM,false
120292,a0i6g000006gKfpAAE,false
120293,a0i6g000006gKhuAAE,false
120294,a0i6g000006gLGCAA2,false
120295,a0i6g000006gMJYAA2,false
120296,a0i6g000006gMh4AAE,false
120297,a0i6g000006gN69AAE,false
120298,a0i6g000006gO51AAE,false
120299,a0i6g000006gOBtAAM,false
120300,a0i6g000006gPKMAA2,false
120301,a0i6g000006gPORAA2,false
120302,a0i6g000006fJLxAAM,false
120303,a0i6g000006fJuMAAU,false
120304,a0i6g000006fKTZAA2,false
120305,a0i6g000006fKYpAAM,false
120306,a0i6g000006fKwKAAU,false
120307,a0i6g000006fLAxAAM,false
120308,a0i6g000006fMj1AAE,false
120309,a0i6g000006fMusAAE,false
120310,a0i6g000006fNj8AAE,false
120311,a0i6g000006fOSYAA2,false
120312,a0i6g000006fPNbAAM,false
120313,a0i6g000006fPvdAAE,false
120314,a0i6g000006fPzxAAE,false
120315,a0i6g000006fQA8AAM,false
120316,a0i6g000006fQB3AAM,false
120317,a0i6g000006fQmkAAE,false
120318,a0i6g000006fRPIAA2,false
120319,a0i6g000006fRhgAAE,false
120320,a0i6g000006fTKIAA2,false
120321,a0i6g000006fTjtAAE,false
120322,a0i6g000006fUJ1AAM,false
120323,a0i6g000006fULOAA2,false
120324,a0i6g000006fUetAAE,false
120325,a0i6g000006fV6qAAE,false
120326,a0i6g000006fVAlAAM,false
120327,a0i6g000006fVT6AAM,false
120328,a0i6g000006fVbrAAE,false
120329,a0i6g000006fVdiAAE,false
120330,a0i6g000006fW5CAAU,false
120331,a0i6g000006fW6MAAU,false
120332,a0i6g000006fWKkAAM,false
120333,a0i6g000006fWboAAE,false
120334,a0i6g000006fX0QAAU,false
120335,a0i6g000006fX7cAAE,false
120336,a0i6g000006fXSrAAM,false
120337,a0i6g000006fXkXAAU,false
120338,a0i6g000006fY8uAAE,false
120339,a0i6g000006fYdOAAU,false
120340,a0i6g000006fZZAAA2,false
120341,a0i6g000006fZt5AAE,false
120342,a0i6g000006fa13AAA,false
120343,a0i6g000006fbGAAAY,false
120344,a0i6g000006fbXjAAI,false
120345,a0i6g000006fc4OAAQ,false
120346,a0i6g000006fdBnAAI,false
120347,a0i6g000006fdK8AAI,false
120348,a0i6g000006fdVKAAY,false
120349,a0i6g000006fdraAAA,false
120350,a0i6g000006feMwAAI,false
120351,a0i6g000006feYRAAY,false
120352,a0i6g000006fepRAAQ,false
120353,a0i6g000006ffGOAAY,false
120354,a0i6g000006ffUQAAY,false
120355,a0i6g000006ffYsAAI,false
120356,a0i6g000006ffjJAAQ,false
120357,a0i6g000006fhMeAAI,false
120358,a0i6g000006fhW1AAI,false
120359,a0i6g000006fhiUAAQ,false
120360,a0i6g000006fhxcAAA,false
120361,a0i6g000006filsAAA,false
120362,a0i6g000006fimDAAQ,false
120363,a0i6g000006fjUpAAI,false
120364,a0i6g000006fjrXAAQ,false
120365,a0i6g000006flBLAAY,false
120366,a0i6g000006fmDfAAI,false
120367,a0i6g000006fn4BAAQ,false
120368,a0i6g000006fo8uAAA,false
120369,a0i6g000006foE2AAI,false
120370,a0i6g000006foXaAAI,false
120371,a0i6g000006foaZAAQ,false
120372,a0i6g000006foyaAAA,false
120373,a0i6g000006fpOuAAI,false
120374,a0i6g000006fpPUAAY,false
120375,a0i6g000006fpcIAAQ,false
120376,a0i6g000006fphTAAQ,false
120377,a0i6g000006fqTJAAY,false
120378,a0i6g000006fqzAAAQ,false
120379,a0i6g000006fr3rAAA,false
120380,a0i6g000006frAkAAI,false
120381,a0i6g000006frJCAAY,false
120382,a0i6g000006fs2oAAA,false
120383,a0i6g000006ftOSAAY,false
120384,a0i6g000006ftr6AAA,false
120385,a0i6g000006fud8AAA,false
120386,a0i6g000006fuykAAA,false
120387,a0i6g000006fv4nAAA,false
120388,a0i6g000006fvHbAAI,false
120389,a0i6g000006fvSfAAI,false
120390,a0i6g000006fwE9AAI,false
120391,a0i6g000006fwG3AAI,false
120392,a0i6g000006fwbZAAQ,false
120393,a0i6g000006fxPFAAY,false
120394,a0i6g000006fxR7AAI,false
120395,a0i6g000006fxj1AAA,false
120396,a0i6g000006fyP1AAI,false
120397,a0i6g000006fycbAAA,false
120398,a0i6g000006fz2FAAQ,false
120399,a0i6g000006fz7pAAA,false
120400,a0i6g000006fzS1AAI,false
120401,a0i6g000006fzeuAAA,false
120402,a0i6g000006fzi9AAA,false
120403,a0i6g000006g0NGAAY,false
120404,a0i6g000006g0rFAAQ,false
120405,a0i6g000006g14zAAA,false
120406,a0i6g000006g2OJAAY,false
120407,a0i6g000006g2rpAAA,false
120408,a0i6g000006g4DaAAI,false
120409,a0i6g000006g4R3AAI,false
120410,a0i6g000006g5BtAAI,false
120411,a0i6g000006g5oAAAQ,false
120412,a0i6g000006g7mWAAQ,false
120413,a0i6g000006g908AAA,false
120414,a0i6g000006g9OTAAY,false
120415,a0i6g000006g9pQAAQ,false
120416,a0i6g000006gASgAAM,false
120417,a0i6g000006gAStAAM,false
120418,a0i6g000006gB14AAE,false
120419,a0i6g000006gBIEAA2,false
120420,a0i6g000006gBYcAAM,false
120421,a0i6g000006gCeTAAU,false
120422,a0i6g000006gD1RAAU,false
120423,a0i6g000006gDhBAAU,false
120424,a0i6g000006gDq2AAE,false
120425,a0i6g000006gEW7AAM,false
120426,a0i6g000006gEcNAAU,false
120427,a0i6g000006gEeNAAU,false
120428,a0i6g000006gFQFAA2,false
120429,a0i6g000006gFsKAAU,false
120430,a0i6g000006gFv6AAE,false
120431,a0i6g000006gG7uAAE,false
120432,a0i6g000006gGf0AAE,false
120433,a0i6g000006gGf6AAE,false
120434,a0i6g000006gIjTAAU,false
120435,a0i6g000006gIrEAAU,false
120436,a0i6g000006gJf2AAE,false
120437,a0i6g000006gJhSAAU,false
120438,a0i6g000006gKhqAAE,false
120439,a0i6g000006gLRNAA2,false
120440,a0i6g000006gMSyAAM,false
120441,a0i6g000006gMjQAAU,false
120442,a0i6g000006gMzOAAU,false
120443,a0i6g000006gNSFAA2,false
120444,a0i6g000006gOyaAAE,false
120445,a0i6g000006gPt5AAE,false
120446,a0i6g000006gQ8TAAU,false
120447,a0i6g000006gRDPAA2,false
120448,a0i6g000006gTBmAAM,false
120449,a0i6g000006gTD5AAM,false
120450,a0i6g000006gUrjAAE,false
120451,a0i6g000006gYH2AAM,false
120452,a0i6g000006ga0sAAA,false
120453,a0i6g000006gaT3AAI,false
120454,a0i6g000006gcQrAAI,false
120455,a0i6g000006gcSGAAY,false
120456,a0i6g000006gcapAAA,false
120457,a0i6g000006gcavAAA,false
120458,a0i6g000006gev6AAA,false
120459,a0i6g000006gevQAAQ,false
120460,a0i6g000006ghNZAAY,false
120461,a0i6g000006ghNkAAI,false
120462,a0i6g000006giTAAAY,false
120463,a0i6g000006gj6rAAA,false
120464,a0i6g000006gjNXAAY,false
120465,a0i6g000006glplAAA,false
120466,a0i6g000006grUCAAY,false
120467,a0i6g000006gvP9AAI,false
120468,a0i6g000006gwamAAA,false
120469,a0i6g000006gy4OAAQ,false
120470,a0i6g000006hFgmAAE,false
120471,a0i6g000006hIFRAA2,false
120472,a0i6g000006fOftAAE,false
120473,a0i6g000006fPFHAA2,false
120474,a0i6g000006fPMeAAM,false
120475,a0i6g000006fPoiAAE,false
120476,a0i6g000006fQHfAAM,false
120477,a0i6g000006fQSfAAM,false
120478,a0i6g000006fRMDAA2,false
120479,a0i6g000006fRmkAAE,false
120480,a0i6g000006fS42AAE,false
120481,a0i6g000006fSAzAAM,false
120482,a0i6g000006fSj7AAE,false
120483,a0i6g000006fSnpAAE,false
120484,a0i6g000006fSrbAAE,false
120485,a0i6g000006fSuOAAU,false
120486,a0i6g000006fTaKAAU,false
120487,a0i6g000006fTsqAAE,false
120488,a0i6g000006fU0jAAE,false
120489,a0i6g000006fU9gAAE,false
120490,a0i6g000006fUB8AAM,false
120491,a0i6g000006fUQtAAM,false
120492,a0i6g000006fUeWAAU,false
120493,a0i6g000006fVCPAA2,false
120494,a0i6g000006fVJaAAM,false
120495,a0i6g000006fVliAAE,false
120496,a0i6g000006fWj9AAE,false
120497,a0i6g000006fXX7AAM,false
120498,a0i6g000006fXX8AAM,false
120499,a0i6g000006fZMPAA2,false
120500,a0i6g000006fZYAAA2,false
120501,a0i6g000006fZnEAAU,false
120502,a0i6g000006faDYAAY,false
120503,a0i6g000006fakRAAQ,false
120504,a0i6g000006faroAAA,false
120505,a0i6g000006fbAEAAY,false
120506,a0i6g000006fbDTAAY,false
120507,a0i6g000006fbMHAAY,false
120508,a0i6g000006fbwwAAA,false
120509,a0i6g000006fcPpAAI,false
120510,a0i6g000006fcVxAAI,false
120511,a0i6g000006fd3yAAA,false
120512,a0i6g000006fd89AAA,false
120513,a0i6g000006fd8EAAQ,false
120514,a0i6g000006fdM7AAI,false
120515,a0i6g000006fe5mAAA,false
120516,a0i6g000006feHcAAI,false
120517,a0i6g000006feJYAAY,false
120518,a0i6g000006feOoAAI,false
120519,a0i6g000006fettAAA,false
120520,a0i6g000006ffJcAAI,false
120521,a0i6g000006ffWDAAY,false
120522,a0i6g000006ffWXAAY,false
120523,a0i6g000006ffXqAAI,false
120524,a0i6g000006fft5AAA,false
120525,a0i6g000006fg3ZAAQ,false
120526,a0i6g000006fg7yAAA,false
120527,a0i6g000006fgXtAAI,false
120528,a0i6g000006fgZgAAI,false
120529,a0i6g000006fgZrAAI,false
120530,a0i6g000006fhGcAAI,false
120531,a0i6g000006fhhGAAQ,false
120532,a0i6g000006fhn7AAA,false
120533,a0i6g000006fiAZAAY,false
120534,a0i6g000006fiMRAAY,false
120535,a0i6g000006fk7eAAA,false
120536,a0i6g000006fkfiAAA,false
120537,a0i6g000006flCjAAI,false
120538,a0i6g000006flQBAAY,false
120539,a0i6g000006flRpAAI,false
120540,a0i6g000006flcBAAQ,false
120541,a0i6g000006flooAAA,false
120542,a0i6g000006flsiAAA,false
120543,a0i6g000006flw4AAA,false
120544,a0i6g000006fm7aAAA,false
120545,a0i6g000006fmOwAAI,false
120546,a0i6g000006fmi3AAA,false
120547,a0i6g000006foXbAAI,false
120548,a0i6g000006fokhAAA,false
120549,a0i6g000006fpJQAAY,false
120550,a0i6g000006fpJvAAI,false
120551,a0i6g000006fpOpAAI,false
120552,a0i6g000006fpguAAA,false
120553,a0i6g000006fqccAAA,false
120554,a0i6g000006frB3AAI,false
120555,a0i6g000006fteQAAQ,false
120556,a0i6g000006ftxhAAA,false
120557,a0i6g000006fu5LAAQ,false
120558,a0i6g000006fuNTAAY,false
120559,a0i6g000006fucjAAA,false
120560,a0i6g000006fvgjAAA,false
120561,a0i6g000006fwicAAA,false
120562,a0i6g000006fwp4AAA,false
120563,a0i6g000006fxCiAAI,false
120564,a0i6g000006fxD4AAI,false
120565,a0i6g000006fxgUAAQ,false
120566,a0i6g000006fyNEAAY,false
120567,a0i6g000006fyYQAAY,false
120568,a0i6g000006fyjWAAQ,false
120569,a0i6g000006fzFZAAY,false
120570,a0i6g000006g03GAAQ,false
120571,a0i6g000006g0qGAAQ,false
120572,a0i6g000006g0v9AAA,false
120573,a0i6g000006g1BnAAI,false
120574,a0i6g000006g29sAAA,false
120575,a0i6g000006g2B5AAI,false
120576,a0i6g000006g2DvAAI,false
120577,a0i6g000006g2HFAAY,false
120578,a0i6g000006g2NRAAY,false
120579,a0i6g000006g2QXAAY,false
120580,a0i6g000006g3BvAAI,false
120581,a0i6g000006g3V9AAI,false
120582,a0i6g000006g59uAAA,false
120583,a0i6g000006g5DXAAY,false
120584,a0i6g000006g5HKAAY,false
120585,a0i6g000006g5OKAAY,false
120586,a0i6g000006g5lWAAQ,false
120587,a0i6g000006g5saAAA,false
120588,a0i6g000006g6Q6AAI,false
120589,a0i6g000006g6nSAAQ,false
120590,a0i6g000006g6zWAAQ,false
120591,a0i6g000006g7w9AAA,false