_CustomObjectKey,STATUS,ID_TITULO,ID_PLANO,ID_SERIE
15585102,A,51313,"PM60C ",AA
15585103,A,51319,"PM60C ",AA
15585104,A,51321,"PM60C ",AA
15585105,A,51323,"PM60C ",AA
15585106,A,51324,"PM60C ",AA
15585107,A,51329,"PM60C ",AA
15585108,A,51331,"PM60C ",AA
15585109,A,51334,"PM60C ",AA
15585110,A,51336,"PM60C ",AA
15585111,A,77563,"PM60C ",AA
15585112,A,77573,"PM60C ",AA
15585113,A,77574,"PM60D ",AA
15585114,A,77576,"PM60C ",AA
15585115,A,77583,"PM60E ",AA
15585116,A,77584,"PM60E ",AA
15585117,A,77585,"PM60E ",AA
15585118,A,77589,"PM60E ",AA
15585119,A,77590,"PM60F ",AA
15585120,A,77591,"PM60E ",AA
15585121,A,77858,"PM60C ",AA
15585122,A,77863,"PM60C ",AA
15585123,A,77864,"PM60D ",AA
15585124,A,77868,"PM60C ",AA
15585125,A,77870,"PM60C ",AA
15585126,A,78144,"PM60C ",AA
15585127,A,78148,"PM60D ",AA
15585128,A,78398,"PM60C ",AA
15585129,A,78399,"PM60C ",AA
15585130,A,78408,"PM60C ",AA
15585131,A,78412,"PM60C ",AA
15585132,A,78416,"PM60C ",AA
15585133,A,46219,"48PMA ",AA
15585134,A,78424,"PM60C ",AA
15585135,A,78708,"PM60C ",AA
15585136,A,78714,"PM60C ",AA
15585137,A,78715,"PM60C ",AA
15585138,A,78716,"PM60C ",AA
15585139,A,78717,"PM60C ",AA
15585140,A,78718,"PM60C ",AA
15585141,A,78719,"PM60C ",AA
15585142,A,78720,"PM60C ",AA
15585143,A,78721,"PM60C ",AA
15585144,A,78725,"PM60C ",AA
15585145,A,78726,"PM60C ",AA
15585146,A,49177,"PM60E ",AA
15585147,A,49178,"PM60E ",AA
15585148,A,49179,"PM60E ",AA
15585149,A,49180,"PM60E ",AA
15585150,A,49181,"PM60E ",AA
15585151,A,49184,"PM60E ",AA
15585152,A,49185,"PM60E ",AA
15585153,A,49186,"PM60E ",AA
15585154,A,49187,"PM60E ",AA
15585155,A,49188,"PM60E ",AA
15585156,A,49189,"PM60E ",AA
15585157,A,49190,"PM60E ",AA
15585158,A,49191,"PM60E ",AA
15585159,A,49192,"PM60E ",AA
15585160,A,49193,"PM60E ",AA
15585161,A,49195,"PM60E ",AA
15585162,A,49198,"PM60E ",AA
15585163,A,49199,"PM60E ",AA
15585164,A,49200,"PM60E ",AA
15585165,A,49201,"PM60E ",AA
15585166,A,49202,"PM60E ",AA
15585167,A,49203,"PM60E ",AA
15585168,A,49206,"PM60C ",AA
15585169,A,26901,"48PMA ",AA
15585170,A,26903,"48PMA ",AA
15585171,A,49475,"PM60C ",AA
15585172,A,49476,"PM60D ",AA
15585173,A,49478,"PM60C ",AA
15585174,A,49480,"PM60C ",AA
15585175,A,49488,"PM60C ",AA
15585176,A,49489,"PM60C ",AA
15585177,A,49881,"PM60C ",AA
15585178,A,49888,"PM60C ",AA
15585179,A,49889,"PM60C ",AA
15585180,A,49892,"PM60D ",AA
15585181,A,49893,"PM60C ",AA
15585182,A,49894,"PM60C ",AA
15585183,A,50269,"PM60C ",AA
15585184,A,50272,"PM60C ",AA
15585185,A,50287,"PM60C ",AA
15585186,A,27742,"48PMA ",AA
15585187,A,50293,"PM60C ",AA
15585188,A,50298,"PM60C ",AA
15585189,A,50301,"PM60C ",AA
15585190,A,50807,"PM60C ",AA
15585191,A,50816,"PM60C ",AA
15585192,A,50818,"PM60C ",AA
15585193,A,50819,"PM60C ",AA
15585194,A,50822,"PM60C ",AA
15585195,A,50830,"PM60C ",AA
15585196,A,51340,"PM60C ",AA
15585197,A,51353,"PM60C ",AA
15585198,A,51362,"PM60C ",AA
15585199,A,51364,"PM60C ",AA
15585200,A,77593,"PM60G ",AA
15585201,A,77594,"PM60E ",AA
15585202,A,77595,"PM60E ",AA
15585203,A,77596,"PM60E ",AA
15585204,A,77597,"PM60E ",AA
15585205,A,77598,"PM60E ",AA
15585206,A,77599,"PM60E ",AA
15585207,A,77600,"PM60E ",AA
15585208,A,77605,"PM60F ",AA
15585209,A,77607,"PM60E ",AA
15585210,A,77609,"PM60E ",AA
15585211,A,77610,"PM60E ",AA
15585212,A,77613,"PM60E ",AA
15585213,A,77614,"PM60E ",AA
15585214,A,77615,"PM60E ",AA
15585215,A,77619,"PM60E ",AA
15585216,A,77620,"PM60E ",AA
15585217,A,77621,"PM60E ",AA
15585218,A,77622,"PM60E ",AA
15585219,A,77623,"PM60E ",AA
15585220,A,77624,"PM60E ",AA
15585221,A,77625,"PM60E ",AA
15585222,A,77627,"PM60E ",AA
15585223,A,77884,"PM60C ",AA
15585224,A,77886,"PM60C ",AA
15585225,A,77889,"PM60C ",AA
15585226,A,77895,"PM60E ",AA
15585227,A,78164,"PM60C ",AA
15585228,A,78165,"PM60D ",AA
15585229,A,46223,"48PMA ",AA
15585230,A,78429,"PM60C ",AA
15585231,A,78434,"PM60C ",AA
15585232,A,78442,"PM60C ",AA
15585233,A,78444,"PM60C ",AA
15585234,A,78445,"PM60C ",AA
15585235,A,78447,"PM60C ",AA
15585236,A,49211,"PM60C ",AA
15585237,A,49217,"PM60D ",AA
15585238,A,49218,"PM60D ",AA
15585239,A,49224,"PM60E ",AA
15585240,A,49501,"PM60C ",AA
15585241,A,49508,"PM60C ",AA
15585242,A,49509,"PM60C ",AA
15585243,A,49511,"PM60C ",AA
15585244,A,49512,"PM60C ",AA
15585245,A,49905,"PM60D ",AA
15585246,A,49906,"PM60D ",AA
15585247,A,49910,"PM60C ",AA
15585248,A,49911,"PM60C ",AA
15585249,A,49917,"PM60C ",AA
15585250,A,49919,"PM60C ",AA
15585251,A,49920,"PM60C ",AA
15585252,A,49926,"PM60C ",AA
15585253,A,49927,"PM60C ",AA
15585254,A,50307,"PM60C ",AA
15585255,A,50315,"PM60C ",AA
15585256,A,50320,"PM60C ",AA
15585257,A,50321,"PM60C ",AA
15585258,A,50322,"PM60C ",AA
15585259,A,50330,"PM60C ",AA
15585260,A,50839,"PM60C ",AA
15585261,A,50840,"PM60C ",AA
15585262,A,50842,"PM60C ",AA
15585263,A,50843,"PM60C ",AA
15585264,A,50848,"PM60C ",AA
15585265,A,50849,"PM60C ",AA
15585266,A,50859,"PM60C ",AA
15585267,A,51372,"PM60C ",AA
15585268,A,51375,"PM60C ",AA
15585269,A,51377,"PM60C ",AA
15585270,A,51378,"PM60C ",AA
15585271,A,51386,"PM60C ",AA
15585272,A,51388,"PM60C ",AA
15585273,A,51389,"PM60C ",AA
15585274,A,51390,"PM60C ",AA
15585275,A,51392,"PM60C ",AA
15585276,A,51393,"PM60C ",AA
15585277,A,28039,"48PMA ",AA
15585278,A,45378,"48PMD ",AA
15585279,A,77628,"PM60E ",AA
15585280,A,77631,"PM60E ",AA
15585281,A,77633,"PM60E ",AA
15585282,A,77634,"PM60E ",AA
15585283,A,77635,"PM60E ",AA
15585284,A,77636,"PM60E ",AA
15585285,A,77639,"PM60E ",AA
15585286,A,77640,"PM60E ",AA
15585287,A,77642,"PM60E ",AA
15585288,A,77644,"PM60E ",AA
15585289,A,77645,"PM60E ",AA
15585290,A,77646,"PM60E ",AA
15585291,A,77647,"PM60E ",AA
15585292,A,77649,"PM60F ",AA
15585293,A,77908,"PM60C ",AA
15585294,A,77909,"PM60C ",AA
15585295,A,77912,"PM60C ",AA
15585296,A,77914,"PM60C ",AA
15585297,A,77929,"PM60D ",AA
15585298,A,77937,"PM60C ",AA
15585299,A,78171,"PM60D ",AA
15585300,A,78174,"PM60C ",AA
15585301,A,78175,"PM60C ",AA
15585302,A,45987,"48PMA ",AA
15585303,A,78457,"PM60D ",AA
15585304,A,78467,"PM60C ",AA
15585305,A,78468,"PM60D ",AA
15585306,A,82378,"PM60E ",AA
15585307,A,82393,"PM60E ",AA
15585308,A,82394,"PM60E ",AA
15585309,A,82510,"PM60E ",AA
15585310,A,82511,"PM60F ",AA
15585311,A,82512,"PM60E ",AA
15585312,A,82514,"PM60E ",AA
15585313,A,82515,"PM60G ",AA
15585314,A,82516,"PM60E ",AA
15585315,A,82517,"PM60E ",AA
15585316,A,82518,"PM60E ",AA
15585317,A,82519,"PM60E ",AA
15585318,A,82521,"PM60E ",AA
15585319,A,82522,"PM60E ",AA
15585320,A,82523,"PM60E ",AA
15585321,A,82524,"PM60G ",AA
15585322,A,82526,"PM60E ",AA
15585323,A,82527,"PM60F ",AA
15585324,A,82528,"PM60E ",AA
15585325,A,82530,"PM60E ",AA
15585326,A,82531,"PM60G ",AA
15585327,A,82532,"PM60E ",AA
15585328,A,82535,"PM60E ",AA
15585329,A,82536,"PM60G ",AA
15585330,A,82537,"PM60E ",AA
15585331,A,82539,"PM60F ",AA
15585332,A,82541,"PM60E ",AA
15585333,A,82542,"PM60E ",AA
15585334,A,82785,"PM60C ",AA
15585335,A,82786,"PM60C ",AA
15585336,A,82795,"PM60C ",AA
15585337,A,82796,"PM60C ",AA
15585338,A,82799,"PM60E ",AA
15585339,A,82804,"PM60C ",AA
15585340,A,82805,"PM60C ",AA
15585341,A,82810,"PM60C ",AA
15585342,A,82815,"PM60C ",AA
15585343,A,49227,"PM60E ",AA
15585344,A,49228,"PM60F ",AA
15585345,A,49230,"PM60E ",AA
15585346,A,49233,"PM60F ",AA
15585347,A,49234,"PM60E ",AA
15585348,A,49236,"PM60E ",AA
15585349,A,49237,"PM60E ",AA
15585350,A,49518,"PM60D ",AA
15585351,A,49527,"PM60D ",AA
15585352,A,49530,"PM60C ",AA
15585353,A,49537,"PM60C ",AA
15585354,A,49941,"PM60C ",AA
15585355,A,49949,"PM60C ",AA
15585356,A,49950,"PM60C ",AA
15585357,A,49951,"PM60C ",AA
15585358,A,49952,"PM60C ",AA
15585359,A,49956,"PM60C ",AA
15585360,A,49957,"PM60C ",AA
15585361,A,50332,"PM60C ",AA
15585362,A,50333,"PM60C ",AA
15585363,A,50334,"PM60C ",AA
15585364,A,50335,"PM60C ",AA
15585365,A,50340,"PM60C ",AA
15585366,A,50341,"PM60C ",AA
15585367,A,50344,"PM60C ",AA
15585368,A,50345,"PM60C ",AA
15585369,A,50346,"PM60C ",AA
15585370,A,50347,"PM60C ",AA
15585371,A,50348,"PM60C ",AA
15585372,A,50351,"PM60C ",AA
15585373,A,50357,"PM60C ",AA
15585374,A,50359,"PM60C ",AA
15585375,A,50366,"PM60C ",AA
15585376,A,50370,"PM60C ",AA
15585377,A,50371,"PM60C ",AA
15585378,A,50864,"PM60C ",AA
15585379,A,50865,"PM60C ",AA
15585380,A,50870,"PM60E ",AA
15585381,A,50871,"PM60E ",AA
15585382,A,50874,"PM60C ",AA
15585383,A,50875,"PM60C ",AA
15585384,A,50878,"PM60C ",AA
15585385,A,50880,"PM60C ",AA
15585386,A,50881,"PM60C ",AA
15585387,A,50885,"PM60C ",AA
15585388,A,50888,"PM60C ",AA
15585389,A,50891,"PM60C ",AA
15585390,A,50894,"PM60C ",AA
15585391,A,50896,"PM60C ",AA
15585392,A,50899,"PM60C ",AA
15585393,A,51397,"PM60C ",AA
15585394,A,51398,"PM60C ",AA
15585395,A,51400,"PM60C ",AA
15585396,A,77650,"PM60E ",AA
15585397,A,77655,"PM60E ",AA
15585398,A,77660,"PM60F ",AA
15585399,A,77664,"PM60E ",AA
15585400,A,77665,"PM60E ",AA
15585401,A,77667,"PM60E ",AA
15585402,A,77668,"PM60E ",AA
15585403,A,77669,"PM60E ",AA
15585404,A,77670,"PM60E ",AA
15585405,A,77671,"PM60E ",AA
15585406,A,77672,"PM60E ",AA
15585407,A,77673,"PM60E ",AA
15585408,A,77674,"PM60E ",AA
15585409,A,77675,"PM60E ",AA
15585410,A,77677,"PM60E ",AA
15585411,A,77938,"PM60C ",AA
15585412,A,77941,"PM60C ",AA
15585413,A,77943,"PM60C ",AA
15585414,A,77944,"PM60C ",AA
15585415,A,77945,"PM60C ",AA
15585416,A,77946,"PM60C ",AA
15585417,A,77947,"PM60C ",AA
15585418,A,77948,"PM60C ",AA
15585419,A,77951,"PM60D ",AA
15585420,A,77962,"PM60C ",AA
15585421,A,78194,"PM60C ",AA
15585422,A,78199,"PM60C ",AA
15585423,A,78200,"PM60C ",AA
15585424,A,78201,"PM60C ",AA
15585425,A,78203,"PM60C ",AA
15585426,A,78205,"PM60C ",AA
15585427,A,78209,"PM60C ",AA
15585428,A,78472,"PM60C ",AA
15585429,A,46263,"48PMA ",AA
15585430,A,78476,"PM60C ",AA
15585431,A,78480,"PM60C ",AA
15585432,A,78485,"PM60C ",AA
15585433,A,78486,"PM60C ",AA
15585434,A,82876,"PM60C ",AA
15585435,A,82885,"PM60D ",AA
15585436,A,82892,"PM60C ",AA
15585437,A,83124,"PM60D ",AA
15585438,A,83125,"PM60C ",AA
15585439,A,83126,"PM60C ",AA
15585440,A,83127,"PM60G ",AA
15585441,A,83134,"PM60C ",AA
15585442,A,49243,"PM60C ",AA
15585443,A,49247,"PM60D ",AA
15585444,A,49558,"PM60D ",AA
15585445,A,49988,"PM60C ",AA
15585446,A,49989,"PM60C ",AA
15585447,A,49990,"PM60C ",AA
15585448,A,49991,"PM60C ",AA
15585449,A,49992,"PM60C ",AA
15585450,A,49993,"PM60C ",AA
15585451,A,49998,"PM60C ",AA
15585452,A,49999,"PM60C ",AA
15585453,A,50382,"PM60D ",AA
15585454,A,50387,"PM60C ",AA
15585455,A,50389,"PM60C ",AA
15585456,A,50409,"PM60C ",AA
15585457,A,50410,"PM60D ",AA
15585458,A,50411,"PM60C ",AA
15585459,A,50904,"PM60C ",AA
15585460,A,50915,"PM60D ",AA
15585461,A,50917,"PM60C ",AA
15585462,A,50918,"PM60C ",AA
15585463,A,50922,"PM60C ",AA
15585464,A,50931,"PM60C ",AA
15585465,A,50934,"PM60C ",AA
15585466,A,51414,"PM60D ",AA
15585467,A,51417,"PM60C ",AA
15585468,A,51418,"PM60C ",AA
15585469,A,51419,"PM60C ",AA
15585470,A,51420,"PM60C ",AA
15585471,A,51421,"PM60C ",AA
15585472,A,51422,"PM60C ",AA
15585473,A,51438,"PM60C ",AA
15585474,A,51439,"PM60C ",AA
15585475,A,51440,"PM60C ",AA
15585476,A,51441,"PM60C ",AA
15585477,A,51442,"PM60C ",AA
15585478,A,51443,"PM60C ",AA
15585479,A,51446,"PM60C ",AA
15585480,A,51447,"PM60C ",AA
15585481,A,51448,"PM60C ",AA
15585482,A,51449,"PM60C ",AA
15585483,A,45246,"48PMI ",AA
15585484,A,77372,"PM60G ",AA
15585485,A,77678,"PM60E ",AA
15585486,A,77680,"PM60E ",AA
15585487,A,77685,"PM60E ",AA
15585488,A,77686,"PM60E ",AA
15585489,A,77687,"PM60E ",AA
15585490,A,77690,"PM60F ",AA
15585491,A,77691,"PM60E ",AA
15585492,A,77693,"PM60E ",AA
15585493,A,77697,"PM60E ",AA
15585494,A,77698,"PM60E ",AA
15585495,A,77699,"PM60E ",AA
15585496,A,77700,"PM60F ",AA
15585497,A,77702,"PM60E ",AA
15585498,A,77703,"PM60E ",AA
15585499,A,77704,"PM60E ",AA
15585500,A,77707,"PM60E ",AA
15585501,A,77708,"PM60E ",AA
15585502,A,77709,"PM60E ",AA
15585503,A,77710,"PM60F ",AA
15585504,A,77977,"PM60C ",AA
15585505,A,77978,"PM60C ",AA
15585506,A,77979,"PM60C ",AA
15585507,A,77980,"PM60C ",AA
15585508,A,77981,"PM60C ",AA
15585509,A,45723,"48PMN ",AA
15585510,A,78214,"PM60C ",AA
15585511,A,78216,"PM60D ",AA
15585512,A,78218,"PM60C ",AA
15585513,A,78219,"PM60C ",AA
15585514,A,78220,"PM60C ",AA
15585515,A,78221,"PM60C ",AA
15585516,A,78222,"PM60C ",AA
15585517,A,78223,"PM60C ",AA
15585518,A,78490,"PM60C ",AA
15585519,A,78494,"PM60C ",AA
15585520,A,78498,"PM60C ",AA
15585521,A,78503,"PM60D ",AA
15585522,A,78504,"PM60C ",AA
15585523,A,78506,"PM60D ",AA
15585524,A,83374,"PM60C ",AA
15585525,A,83376,"PM60C ",AA
15585526,A,83377,"PM60C ",AA
15585527,A,51743,"48PMA ",AA
15585528,A,83383,"PM60C ",AA
15585529,A,83384,"PM60C ",AA
15585530,A,83386,"PM60C ",AA
15585531,A,83388,"PM60C ",AA
15585532,A,83447,"PM60C ",AA
15585533,A,83451,"PM60C ",AA
15585534,A,83454,"PM60C ",AA
15585535,A,83458,"PM60C ",AA
15585536,A,83459,"PM60C ",AA
15585537,A,83534,"PM60D ",AA
15585538,A,83536,"PM60E ",AA
15585539,A,83537,"PM60E ",AA
15585540,A,83538,"PM60E ",AA
15585541,A,83539,"PM60C ",AA
15585542,A,83540,"PM60C ",AA
15585543,A,83543,"PM60C ",AA
15585544,A,83552,"PM60D ",AA
15585545,A,83743,"PM60C ",AA
15585546,A,83747,"PM60D ",AA
15585547,A,83750,"PM60C ",AA
15585548,A,83753,"PM60D ",AA
15585549,A,83767,"PM60C ",AA
15585550,A,83856,"PM60C ",AA
15585551,A,83857,"PM60C ",AA
15585552,A,83862,"PM60C ",AA
15585553,A,83863,"PM60C ",AA
15585554,A,83866,"PM60C ",AA
15585555,A,83872,"PM60C ",AA
15585556,A,83876,"PM60C ",AA
15585557,A,49253,"PM60C ",AA
15585558,A,49261,"PM60C ",AA
15585559,A,49263,"PM60C ",AA
15585560,A,49264,"PM60C ",AA
15585561,A,49265,"PM60C ",AA
15585562,A,49266,"PM60C ",AA
15585563,A,49574,"PM60C ",AA
15585564,A,27320,"48PMA ",AA
15585565,A,49580,"PM60C ",AA
15585566,A,49583,"PM60D ",AA
15585567,A,49586,"PM60C ",AA
15585568,A,49587,"PM60C ",AA
15585569,A,49588,"PM60C ",AA
15585570,A,50002,"PM60C ",AA
15585571,A,50005,"PM60C ",AA
15585572,A,50010,"PM60C ",AA
15585573,A,50011,"PM60C ",AA
15585574,A,50017,"PM60D ",AA
15585575,A,50030,"PM60C ",AA
15585576,A,50414,"PM60C ",AA
15585577,A,50432,"PM60D ",AA
15585578,A,50433,"PM60D ",AA
15585579,A,50435,"PM60C ",AA
15585580,A,50439,"PM60C ",AA
15585581,A,50440,"PM60C ",AA
15585582,A,50443,"PM60C ",AA
15585583,A,50445,"PM60C ",AA
15585584,A,50937,"PM60C ",AA
15585585,A,50938,"PM60C ",AA
15585586,A,27930,"48PMA ",AA
15585587,A,50942,"PM60C ",AA
15585588,A,50958,"PM60C ",AA
15585589,A,50967,"PM60D ",AA
15585590,A,50971,"PM60D ",AA
15585591,A,50972,"PM60C ",AA
15585592,A,50973,"PM60C ",AA
15585593,A,50975,"PM60C ",AA
15585594,A,50976,"PM60C ",AA
15585595,A,51464,"PM60C ",AA
15585596,A,51465,"PM60C ",AA
15585597,A,51466,"PM60C ",AA
15585598,A,51487,"PM60C ",AA
15585599,A,51488,"PM60C ",AA
15585600,A,77379,"PM60C ",AA
15585601,A,77400,"PM60C ",AA
15585602,A,77402,"PM60C ",AA
15585603,A,77404,"PM60D ",AA
15585604,A,77406,"PM60C ",AA
15585605,A,77409,"PM60C ",AA
15585606,A,77411,"PM60C ",AA
15585607,A,77414,"PM60D ",AA
15585608,A,77711,"PM60E ",AA
15585609,A,77712,"PM60E ",AA
15585610,A,77713,"PM60E ",AA
15585611,A,77714,"PM60E ",AA
15585612,A,77715,"PM60E ",AA
15585613,A,77716,"PM60E ",AA
15585614,A,77717,"PM60E ",AA
15585615,A,77718,"PM60F ",AA
15585616,A,77719,"PM60F ",AA
15585617,A,77720,"PM60E ",AA
15585618,A,77721,"PM60G ",AA
15585619,A,77722,"PM60E ",AA
15585620,A,77723,"PM60F ",AA
15585621,A,77724,"PM60E ",AA
15585622,A,77725,"PM60E ",AA
15585623,A,77726,"PM60F ",AA
15585624,A,77727,"PM60E ",AA
15585625,A,77730,"PM60E ",AA
15585626,A,77731,"PM60G ",AA
15585627,A,77732,"PM60E ",AA
15585628,A,77990,"PM60D ",AA
15585629,A,77991,"PM60D ",AA
15585630,A,77993,"PM60C ",AA
15585631,A,77994,"PM60C ",AA
15585632,A,77995,"PM60D ",AA
15585633,A,46046,"48PMN ",AA
15585634,A,78513,"PM60E ",AA
15585635,A,46292,"48PMA ",AA
15585636,A,78523,"PM60C ",AA
15585637,A,78524,"PM60C ",AA
15585638,A,78527,"PM60C ",AA
15585639,A,78529,"PM60C ",AA
15585640,A,78536,"PM60C ",AA
15585641,A,78537,"PM60C ",AA
15585642,A,78539,"PM60C ",AA
15585643,A,78540,"PM60G ",AA
15585644,A,78545,"PM60C ",AA
15585645,A,78546,"PM60C ",AA
15585646,A,49271,"PM60C ",AA
15585647,A,49279,"PM60E ",AA
15585648,A,49280,"PM60E ",AA
15585649,A,49281,"PM60E ",AA
15585650,A,49282,"PM60E ",AA
15585651,A,49284,"PM60E ",AA
15585652,A,49285,"PM60E ",AA
15585653,A,49287,"PM60E ",AA
15585654,A,49290,"PM60E ",AA
15585655,A,49291,"PM60E ",AA
15585656,A,49292,"PM60E ",AA
15585657,A,49293,"PM60E ",AA
15585658,A,49294,"PM60E ",AA
15585659,A,49295,"PM60E ",AA
15585660,A,49598,"PM60D ",AA
15585661,A,49611,"PM60D ",AA
15585662,A,49613,"PM60D ",AA
15585663,A,50031,"PM60C ",AA
15585664,A,50036,"PM60C ",AA
15585665,A,50040,"PM60D ",AA
15585666,A,50043,"PM60C ",AA
15585667,A,50044,"PM60C ",AA
15585668,A,50055,"PM60C ",AA
15585669,A,50056,"PM60C ",AA
15585670,A,50447,"PM60C ",AA
15585671,A,50450,"PM60E ",AA
15585672,A,50451,"PM60C ",AA
15585673,A,50452,"PM60C ",AA
15585674,A,50455,"PM60C ",AA
15585675,A,50459,"PM60C ",AA
15585676,A,50460,"PM60C ",AA
15585677,A,50464,"PM60D ",AA
15585678,A,50467,"PM60C ",AA
15585679,A,27789,"48PMA ",AA
15585680,A,50475,"PM60C ",AA
15585681,A,50477,"PM60C ",AA
15585682,A,50478,"PM60C ",AA
15585683,A,50480,"PM60C ",AA
15585684,A,50481,"PM60C ",AA
15585685,A,50482,"PM60C ",AA
15585686,A,50977,"PM60C ",AA
15585687,A,50978,"PM60C ",AA
15585688,A,50981,"PM60C ",AA
15585689,A,50989,"PM60C ",AA
15585690,A,50991,"PM60D ",AA
15585691,A,50996,"PM60C ",AA
15585692,A,50997,"PM60C ",AA
15585693,A,50998,"PM60C ",AA
15585694,A,51003,"PM60C ",AA
15585695,A,51005,"PM60C ",AA
15585696,A,51009,"PM60C ",AA
15585697,A,51011,"PM60C ",AA
15585698,A,51551,"PM60C ",AA
15585699,A,51552,"PM60C ",AA
15585700,A,51553,"PM60C ",AA
15585701,A,51554,"PM60C ",AA
15585702,A,51555,"PM60C ",AA
15585703,A,77358,"PM60G ",AA
15585704,A,77360,"PM60E ",AA
15585705,A,77361,"PM60G ",AA
15585706,A,77424,"PM60C ",AA
15585707,A,77426,"PM60D ",AA
15585708,A,77428,"PM60C ",AA
15585709,A,77434,"PM60C ",AA
15585710,A,77441,"PM60E ",AA
15585711,A,77451,"PM60C ",AA
15585712,A,77452,"PM60C ",AA
15585713,A,77735,"PM60E ",AA
15585714,A,77736,"PM60E ",AA
15585715,A,77737,"PM60F ",AA
15585716,A,77738,"PM60E ",AA
15585717,A,77739,"PM60E ",AA
15585718,A,77740,"PM60E ",AA
15585719,A,77743,"PM60E ",AA
15585720,A,77744,"PM60E ",AA
15585721,A,77746,"PM60E ",AA
15585722,A,77747,"PM60E ",AA
15585723,A,77748,"PM60E ",AA
15585724,A,77749,"PM60E ",AA
15585725,A,77754,"PM60G ",AA
15585726,A,77755,"PM60E ",AA
15585727,A,77757,"PM60E ",AA
15585728,A,77758,"PM60E ",AA
15585729,A,77760,"PM60E ",AA
15585730,A,77761,"PM60E ",AA
15585731,A,78022,"PM60C ",AA
15585732,A,78024,"PM60D ",AA
15585733,A,78233,"PM60C ",AA
15585734,A,78234,"PM60C ",AA
15585735,A,78236,"PM60C ",AA
15585736,A,78239,"PM60C ",AA
15585737,A,78246,"PM60C ",AA
15585738,A,78250,"PM60C ",AA
15585739,A,78251,"PM60C ",AA
15585740,A,78551,"PM60C ",AA
15585741,A,78560,"PM60C ",AA
15585742,A,78569,"PM60C ",AA
15585743,A,49297,"PM60E ",AA
15585744,A,49298,"PM60E ",AA
15585745,A,49299,"PM60E ",AA
15585746,A,49302,"PM60E ",AA
15585747,A,49305,"PM60E ",AA
15585748,A,49306,"PM60E ",AA
15585749,A,49307,"PM60E ",AA
15585750,A,49310,"PM60C ",AA
15585751,A,49315,"PM60C ",AA
15585752,A,49623,"PM60C ",AA
15585753,A,49630,"PM60C ",AA
15585754,A,49631,"PM60C ",AA
15585755,A,49632,"PM60C ",AA
15585756,A,49633,"PM60C ",AA
15585757,A,49636,"PM60C ",AA
15585758,A,49641,"PM60C ",AA
15585759,A,50073,"PM60D ",AA
15585760,A,50487,"PM60C ",AA
15585761,A,50490,"PM60C ",AA
15585762,A,50492,"PM60C ",AA
15585763,A,50494,"PM60C ",AA
15585764,A,50495,"PM60C ",AA
15585765,A,50496,"PM60C ",AA
15585766,A,50497,"PM60C ",AA
15585767,A,50502,"PM60C ",AA
15585768,A,50503,"PM60D ",AA
15585769,A,50505,"PM60C ",AA
15585770,A,50506,"PM60C ",AA
15585771,A,50509,"PM60C ",AA
15585772,A,50516,"PM60C ",AA
15585773,A,50519,"PM60C ",AA
15585774,A,50522,"PM60C ",AA
15585775,A,51017,"PM60D ",AA
15585776,A,51022,"PM60C ",AA
15585777,A,51023,"PM60C ",AA
15585778,A,51033,"PM60C ",AA
15585779,A,51034,"PM60C ",AA
15585780,A,51035,"PM60C ",AA
15585781,A,51037,"PM60C ",AA
15585782,A,51039,"PM60C ",AA
15585783,A,51043,"PM60C ",AA
15585784,A,51044,"PM60C ",AA
15585785,A,77463,"PM60C ",AA
15585786,A,77464,"PM60D ",AA
15585787,A,77466,"PM60C ",AA
15585788,A,77467,"PM60D ",AA
15585789,A,77468,"PM60C ",AA
15585790,A,77483,"PM60C ",AA
15585791,A,77762,"PM60E ",AA
15585792,A,77763,"PM60E ",AA
15585793,A,77764,"PM60G ",AA
15585794,A,77765,"PM60E ",AA
15585795,A,77766,"PM60E ",AA
15585796,A,77767,"PM60E ",AA
15585797,A,77768,"PM60E ",AA
15585798,A,77769,"PM60E ",AA
15585799,A,77770,"PM60E ",AA
15585800,A,77771,"PM60E ",AA
15585801,A,77772,"PM60F ",AA
15585802,A,77773,"PM60E ",AA
15585803,A,77774,"PM60F ",AA
15585804,A,77775,"PM60E ",AA
15585805,A,77776,"PM60E ",AA
15585806,A,77777,"PM60E ",AA
15585807,A,77779,"PM60E ",AA
15585808,A,77780,"PM60E ",AA
15585809,A,77781,"PM60E ",AA
15585810,A,77782,"PM60E ",AA
15585811,A,77783,"PM60E ",AA
15585812,A,77784,"PM60E ",AA
15585813,A,77785,"PM60E ",AA
15585814,A,77786,"PM60E ",AA
15585815,A,77787,"PM60F ",AA
15585816,A,77788,"PM60F ",AA
15585817,A,77789,"PM60E ",AA
15585818,A,77790,"PM60E ",AA
15585819,A,78034,"PM60C ",AA
15585820,A,78036,"PM60C ",AA
15585821,A,78037,"PM60E ",AA
15585822,A,78041,"PM60D ",AA
15585823,A,78256,"PM60C ",AA
15585824,A,78270,"PM60C ",AA
15585825,A,78271,"PM60C ",AA
15585826,A,78272,"PM60E ",AA
15585827,A,78276,"PM60C ",AA
15585828,A,78577,"PM60C ",AA
15585829,A,78579,"PM60C ",AA
15585830,A,78580,"PM60C ",AA
15585831,A,78582,"PM60F ",AA
15585832,A,78584,"PM60C ",AA
15585833,A,78586,"PM60C ",AA
15585834,A,78590,"PM60C ",AA
15585835,A,82963,"PM60C ",AA
15585836,A,82970,"PM60C ",AA
15585837,A,82971,"PM60C ",AA
15585838,A,82977,"PM60E ",AA
15585839,A,82978,"PM60C ",AA
15585840,A,82987,"PM60C ",AA
15585841,A,82990,"PM60C ",AA
15585842,A,83468,"PM60C ",AA
15585843,A,83469,"PM60C ",AA
15585844,A,83474,"PM60C ",AA
15585845,A,51816,"48PMA ",AA
15585846,A,83480,"PM60C ",AA
15585847,A,83481,"PM60D ",AA
15585848,A,83566,"PM60C ",AA
15585849,A,83572,"PM60C ",AA
15585850,A,83589,"PM60C ",AA
15585851,A,49321,"PM60C ",AA
15585852,A,49324,"PM60E ",AA
15585853,A,49325,"PM60E ",AA
15585854,A,49326,"PM60E ",AA
15585855,A,49328,"PM60E ",AA
15585856,A,49331,"PM60F ",AA
15585857,A,49332,"PM60E ",AA
15585858,A,49333,"PM60E ",AA
15585859,A,49334,"PM60E ",AA
15585860,A,49675,"PM60D ",AA
15585861,A,50076,"PM60C ",AA
15585862,A,50080,"PM60C ",AA
15585863,A,50083,"PM60E ",AA
15585864,A,50087,"PM60E ",AA
15585865,A,50525,"PM60C ",AA
15585866,A,50527,"PM60D ",AA
15585867,A,50531,"PM60C ",AA
15585868,A,50533,"PM60C ",AA
15585869,A,50534,"PM60C ",AA
15585870,A,50535,"PM60C ",AA
15585871,A,50537,"PM60C ",AA
15585872,A,50538,"PM60C ",AA
15585873,A,50541,"PM60C ",AA
15585874,A,50543,"PM60C ",AA
15585875,A,50550,"PM60C ",AA
15585876,A,50553,"PM60C ",AA
15585877,A,50555,"PM60C ",AA
15585878,A,50559,"PM60G ",AA
15585879,A,51054,"PM60C ",AA
15585880,A,51056,"PM60C ",AA
15585881,A,51059,"PM60C ",AA
15585882,A,51060,"PM60C ",AA
15585883,A,51067,"PM60C ",AA
15585884,A,51068,"PM60C ",AA
15585885,A,51074,"PM60D ",AA
15585886,A,51077,"PM60C ",AA
15585887,A,51078,"PM60C ",AA
15585888,A,51618,"PM60C ",AA
15585889,A,51619,"PM60C ",AA
15585890,A,51620,"PM60C ",AA
15585891,A,51621,"PM60C ",AA
15585892,A,51622,"PM60C ",AA
15585893,A,51623,"PM60C ",AA
15585894,A,51628,"PM60C ",AA
15585895,A,51629,"PM60C ",AA
15585896,A,51630,"PM60C ",AA
15585897,A,51631,"PM60C ",AA
15585898,A,51632,"PM60C ",AA
15585899,A,51643,"PM60C ",AA
15585900,A,51644,"PM60C ",AA
15585901,A,51645,"PM60C ",AA
15585902,A,77499,"PM60C ",AA
15585903,A,77507,"PM60C ",AA
15585904,A,77515,"PM60D ",AA
15585905,A,77516,"PM60C ",AA
15585906,A,77517,"PM60C ",AA
15585907,A,45534,"48PMN ",AA
15585908,A,77793,"PM60C ",AA
15585909,A,77801,"PM60C ",AA
15585910,A,77807,"PM60C ",AA
15585911,A,78057,"PM60C ",AA
15585912,A,78059,"PM60C ",AA
15585913,A,78061,"PM60C ",AA
15585914,A,78068,"PM60C ",AA
15585915,A,78282,"PM60C ",AA
15585916,A,46123,"48PMA ",AA
15585917,A,78285,"PM60C ",AA
15585918,A,78286,"PM60C ",AA
15585919,A,78291,"PM60C ",AA
15585920,A,78292,"PM60C ",AA
15585921,A,78295,"PM60D ",AA
15585922,A,78598,"PM60C ",AA
15585923,A,78602,"PM60D ",AA
15585924,A,78606,"PM60C ",AA
15585925,A,78609,"PM60C ",AA
15585926,A,78614,"PM60C ",AA
15585927,A,83146,"PM60C ",AA
15585928,A,83151,"PM60C ",AA
15585929,A,83196,"PM60D ",AA
15585930,A,83243,"PM60C ",AA
15585931,A,83253,"PM60C ",AA
15585932,A,83258,"PM60C ",AA
15585933,A,83266,"PM60C ",AA
15585934,A,83268,"PM60C ",AA
15585935,A,82312,"PM60C ",AA
15585936,A,84017,"PM60C ",AA
15585937,A,84020,"PM60C ",AA
15585938,A,84026,"PM60C ",AA
15585939,A,84027,"PM60C ",AA
15585940,A,49335,"PM60E ",AA
15585941,A,49336,"PM60E ",AA
15585942,A,49337,"PM60E ",AA
15585943,A,49339,"PM60E ",AA
15585944,A,49340,"PM60F ",AA
15585945,A,49341,"PM60E ",AA
15585946,A,49342,"PM60E ",AA
15585947,A,49343,"PM60F ",AA
15585948,A,49345,"PM60E ",AA
15585949,A,49346,"PM60E ",AA
15585950,A,49685,"PM60C ",AA
15585951,A,49691,"PM60F ",AA
15585952,A,49700,"PM60D ",AA
15585953,A,49701,"PM60D ",AA
15585954,A,49702,"PM60D ",AA
15585955,A,50095,"PM60C ",AA
15585956,A,50096,"PM60C ",AA
15585957,A,50105,"PM60E ",AA
15585958,A,50108,"PM60C ",AA
15585959,A,50118,"PM60C ",AA
15585960,A,50564,"PM60C ",AA
15585961,A,27809,"48PMC ",AA
15585962,A,50577,"PM60C ",AA
15585963,A,50579,"PM60C ",AA
15585964,A,50583,"PM60C ",AA
15585965,A,51079,"PM60C ",AA
15585966,A,51092,"PM60C ",AA
15585967,A,51095,"PM60C ",AA
15585968,A,51098,"PM60C ",AA
15585969,A,51099,"PM60C ",AA
15585970,A,51100,"PM60C ",AA
15585971,A,51103,"PM60C ",AA
15585972,A,51107,"PM60C ",AA
15585973,A,51108,"PM60C ",AA
15585974,A,51109,"PM60C ",AA
15585975,A,51700,"PM60C ",AA
15585976,A,51701,"PM60C ",AA
15585977,A,51702,"PM60C ",AA
15585978,A,51703,"PM60C ",AA
15585979,A,51704,"PM60C ",AA
15585980,A,51705,"PM60C ",AA
15585981,A,77540,"PM60C ",AA
15585982,A,77541,"PM60C ",AA
15585983,A,77548,"PM60E ",AA
15585984,A,45339,"48PMA ",AA
15585985,A,45340,"48PMA ",AA
15585986,A,77551,"PM60D ",AA
15585987,A,77552,"PM60D ",AA
15585988,A,77815,"PM60C ",AA
15585989,A,77817,"PM60C ",AA
15585990,A,77818,"PM60C ",AA
15585991,A,77819,"PM60C ",AA
15585992,A,77830,"PM60C ",AA
15585993,A,78078,"PM60C ",AA
15585994,A,78079,"PM60D ",AA
15585995,A,78083,"PM60C ",AA
15585996,A,78084,"PM60C ",AA
15585997,A,78085,"PM60C ",AA
15585998,A,78086,"PM60C ",AA
15585999,A,78087,"PM60C ",AA
15586000,A,78088,"PM60C ",AA
15586001,A,78089,"PM60C ",AA
15586002,A,78090,"PM60C ",AA
15586003,A,78093,"PM60C ",AA
15586004,A,78094,"PM60C ",AA
15586005,A,78095,"PM60C ",AA
15586006,A,78099,"PM60C ",AA
15586007,A,78303,"PM60D ",AA
15586008,A,78305,"PM60C ",AA
15586009,A,78306,"PM60D ",AA
15586010,A,78312,"PM60D ",AA
15586011,A,78320,"PM60C ",AA
15586012,A,78321,"PM60C ",AA
15586013,A,78322,"PM60C ",AA
15586014,A,78618,"PM60C ",AA
15586015,A,78627,"PM60D ",AA
15586016,A,78630,"PM60C ",AA
15586017,A,46356,"48PMD ",AA
15586018,A,82395,"PM60E ",AA
15586019,A,82398,"PM60E ",AA
15586020,A,82400,"PM60E ",AA
15586021,A,82405,"PM60E ",AA
15586022,A,82406,"PM60E ",AA
15586023,A,82407,"PM60E ",AA
15586024,A,82413,"PM60E ",AA
15586025,A,82414,"PM60E ",AA
15586026,A,82415,"PM60E ",AA
15586027,A,82416,"PM60E ",AA
15586028,A,82417,"PM60E ",AA
15586029,A,82418,"PM60E ",AA
15586030,A,27089,"48PMF ",AA
15586031,A,49727,"PM60C ",AA
15586032,A,49728,"PM60C ",AA
15586033,A,49730,"PM60C ",AA
15586034,A,50126,"PM60C ",AA
15586035,A,50141,"PM60C ",AA
15586036,A,50142,"PM60C ",AA
15586037,A,50145,"PM60C ",AA
15586038,A,50146,"PM60C ",AA
15586039,A,50152,"PM60C ",AA
15586040,A,50599,"PM60C ",AA
15586041,A,50600,"PM60C ",AA
15586042,A,50607,"PM60C ",AA
15586043,A,50608,"PM60C ",AA
15586044,A,50609,"PM60C ",AA
15586045,A,50610,"PM60C ",AA
15586046,A,50611,"PM60C ",AA
15586047,A,50622,"PM60C ",AA
15586048,A,50623,"PM60C ",AA
15586049,A,50626,"PM60C ",AA
15586050,A,50627,"PM60C ",AA
15586051,A,27832,"48PMF ",AA
15586052,A,27833,"48PMF ",AA
15586053,A,51115,"PM60C ",AA
15586054,A,27965,"48PMA ",AA
15586055,A,51116,"PM60C ",AA
15586056,A,51124,"PM60C ",AA
15586057,A,27967,"48PMA ",AA
15586058,A,51126,"PM60C ",AA
15586059,A,51128,"PM60C ",AA
15586060,A,51131,"PM60C ",AA
15586061,A,51132,"PM60C ",AA
15586062,A,51133,"PM60C ",AA
15586063,A,51134,"PM60C ",AA
15586064,A,51145,"PM60C ",AA
15586065,A,51731,"PM60C ",AA
15586066,A,51732,"PM60C ",AA
15586067,A,51733,"PM60C ",AA
15586068,A,51734,"PM60C ",AA
15586069,A,51735,"PM60C ",AA
15586070,A,51736,"PM60C ",AA
15586071,A,51741,"PM60C ",AA
15586072,A,51742,"PM60C ",AA
15586073,A,51743,"PM60C ",AA
15586074,A,51747,"PM60C ",AA
15586075,A,51748,"PM60C ",AA
15586076,A,51749,"PM60C ",AA
15586077,A,51753,"PM60C ",AA
15586078,A,51754,"PM60C ",AA
15586079,A,51755,"PM60C ",AA
15586080,A,51756,"PM60C ",AA
15586081,A,51757,"PM60C ",AA
15586082,A,51758,"PM60C ",AA
15586083,A,51759,"PM60C ",AA
15586084,A,51760,"PM60C ",AA
15586085,A,51761,"PM60C ",AA
15586086,A,51762,"PM60C ",AA
15586087,A,51763,"PM60C ",AA
15586088,A,51764,"PM60C ",AA
15586089,A,51765,"PM60C ",AA
15586090,A,51766,"PM60C ",AA
15586091,A,51767,"PM60C ",AA
15586092,A,51768,"PM60C ",AA
15586093,A,51769,"PM60C ",AA
15586094,A,51770,"PM60C ",AA
15586095,A,51771,"PM60C ",AA
15586096,A,77841,"PM60C ",AA
15586097,A,77844,"PM60C ",AA
15586098,A,45612,"48PMA ",AA
15586099,A,77854,"PM60C ",AA
15586100,A,78107,"PM60D ",AA
15586101,A,78108,"PM60D ",AA
15586102,A,78110,"PM60E ",AA
15586103,A,78113,"PM60C ",AA
15586104,A,78118,"PM60C ",AA
15586105,A,78119,"PM60D ",AA
15586106,A,78121,"PM60C ",AA
15586107,A,78334,"PM60D ",AA
15586108,A,78336,"PM60C ",AA
15586109,A,78344,"PM60C ",AA
15586110,A,78345,"PM60C ",AA
15586111,A,78640,"PM60C ",AA
15586112,A,78649,"PM60C ",AA
15586113,A,78650,"PM60C ",AA
15586114,A,78652,"PM60C ",AA
15586115,A,78654,"PM60C ",AA
15586116,A,78655,"PM60C ",AA
15586117,A,78656,"PM60C ",AA
15586118,A,78657,"PM60C ",AA
15586119,A,82825,"PM60C ",AA
15586120,A,82827,"PM60D ",AA
15586121,A,82832,"PM60C ",AA
15586122,A,50985,"48PMN ",AA
15586123,A,82904,"PM60D ",AA
15586124,A,82912,"PM60C ",AA
15586125,A,82914,"PM60C ",AA
15586126,A,83048,"PM60C ",AA
15586127,A,83054,"PM60D ",AA
15586128,A,83058,"PM60C ",AA
15586129,A,83059,"PM60C ",AA
15586130,A,83065,"PM60C ",AA
15586131,A,83166,"PM60C ",AA
15586132,A,51423,"48PMN ",AA
15586133,A,49370,"PM60E ",AA
15586134,A,49746,"PM60C ",AA
15586135,A,49749,"PM60C ",AA
15586136,A,49750,"PM60C ",AA
15586137,A,49755,"PM60D ",AA
15586138,A,49760,"PM60C ",AA
15586139,A,49761,"PM60C ",AA
15586140,A,49762,"PM60C ",AA
15586141,A,27650,"48PMN ",AA
15586142,A,50638,"PM60C ",AA
15586143,A,50644,"PM60D ",AA
15586144,A,50647,"PM60D ",AA
15586145,A,50650,"PM60E ",AA
15586146,A,51148,"PM60C ",AA
15586147,A,51149,"PM60C ",AA
15586148,A,51151,"PM60C ",AA
15586149,A,51152,"PM60C ",AA
15586150,A,51153,"PM60C ",AA
15586151,A,51154,"PM60C ",AA
15586152,A,51155,"PM60E ",AA
15586153,A,51156,"PM60C ",AA
15586154,A,51157,"PM60C ",AA
15586155,A,51160,"PM60C ",AA
15586156,A,51165,"PM60C ",AA
15586157,A,51166,"PM60C ",AA
15586158,A,51173,"PM60C ",AA
15586159,A,51177,"PM60C ",AA
15586160,A,51178,"PM60C ",AA
15586161,A,51774,"PM60C ",AA
15586162,A,51775,"PM60C ",AA
15586163,A,51776,"PM60C ",AA
15586164,A,51792,"PM60C ",AA
15586165,A,51793,"PM60C ",AA
15586166,A,51794,"PM60C ",AA
15586167,A,51797,"PM60C ",AA
15586168,A,51798,"PM60C ",AA
15586169,A,78125,"PM60C ",AA
15586170,A,78128,"PM60D ",AA
15586171,A,45888,"48PMA ",AA
15586172,A,78133,"PM60G ",AA
15586173,A,78136,"PM60C ",AA
15586174,A,78138,"PM60D ",AA
15586175,A,78140,"PM60D ",AA
15586176,A,78352,"PM60F ",AA
15586177,A,78354,"PM60C ",AA
15586178,A,78355,"PM60F ",AA
15586179,A,78356,"PM60C ",AA
15586180,A,78364,"PM60D ",AA
15586181,A,78366,"PM60D ",AA
15586182,A,78367,"PM60G ",AA
15586183,A,78371,"PM60D ",AA
15586184,A,78660,"PM60C ",AA
15586185,A,78663,"PM60C ",AA
15586186,A,78664,"PM60C ",AA
15586187,A,78667,"PM60C ",AA
15586188,A,78668,"PM60C ",AA
15586189,A,78669,"PM60C ",AA
15586190,A,51438,"48PMN ",AA
15586191,A,51440,"48PMI ",AA
15586192,A,83391,"PM60C ",AA
15586193,A,83392,"PM60C ",AA
15586194,A,83393,"PM60C ",AA
15586195,A,83395,"PM60C ",AA
15586196,A,83404,"PM60C ",AA
15586197,A,83408,"PM60C ",AA
15586198,A,83409,"PM60C ",AA
15586199,A,83489,"PM60C ",AA
15586200,A,83495,"PM60C ",AA
15586201,A,83496,"PM60C ",AA
15586202,A,83503,"PM60C ",AA
15586203,A,83506,"PM60C ",AA
15586204,A,83640,"PM60C ",AA
15586205,A,83641,"PM60C ",AA
15586206,A,83645,"PM60C ",AA
15586207,A,83775,"PM60D ",AA
15586208,A,83785,"PM60C ",AA
15586209,A,83786,"PM60C ",AA
15586210,A,83787,"PM60C ",AA
15586211,A,83796,"PM60C ",AA
15586212,A,83797,"PM60C ",AA
15586213,A,83897,"PM60F ",AA
15586214,A,83902,"PM60C ",AA
15586215,A,83906,"PM60C ",AA
15586216,A,83909,"PM60C ",AA
15586217,A,83914,"PM60C ",AA
15586218,A,49384,"PM60C ",AA
15586219,A,49387,"PM60C ",AA
15586220,A,49391,"PM60D ",AA
15586221,A,49393,"PM60D ",AA
15586222,A,49782,"PM60C ",AA
15586223,A,49790,"PM60C ",AA
15586224,A,50167,"PM60C ",AA
15586225,A,50168,"PM60D ",AA
15586226,A,50169,"PM60D ",AA
15586227,A,50177,"PM60C ",AA
15586228,A,50661,"PM60C ",AA
15586229,A,50662,"PM60C ",AA
15586230,A,50663,"PM60C ",AA
15586231,A,50668,"PM60C ",AA
15586232,A,50670,"PM60C ",AA
15586233,A,50673,"PM60C ",AA
15586234,A,50679,"PM60C ",AA
15586235,A,50685,"PM60C ",AA
15586236,A,50689,"PM60C ",AA
15586237,A,50691,"PM60C ",AA
15586238,A,50694,"PM60C ",AA
15586239,A,51182,"PM60C ",AA
15586240,A,51184,"PM60C ",AA
15586241,A,51186,"PM60C ",AA
15586242,A,51187,"PM60C ",AA
15586243,A,51188,"PM60C ",AA
15586244,A,51191,"PM60C ",AA
15586245,A,51193,"PM60C ",AA
15586246,A,51202,"PM60C ",AA
15586247,A,51203,"PM60C ",AA
15586248,A,51205,"PM60C ",AA
15586249,A,51799,"PM60C ",AA
15586250,A,51800,"PM60C ",AA
15586251,A,51801,"PM60C ",AA
15586252,A,51802,"PM60C ",AA
15586253,A,51828,"PM60C ",AA
15586254,A,51829,"PM60C ",AA
15586255,A,78386,"PM60C ",AA
15586256,A,78391,"PM60C ",AA
15586257,A,78394,"PM60C ",AA
15586258,A,78678,"PM60C ",AA
15586259,A,78683,"PM60C ",AA
15586260,A,78684,"PM60C ",AA
15586261,A,78692,"PM60C ",AA
15586262,A,78693,"PM60C ",AA
15586263,A,83674,"PM60C ",AA
15586264,A,83680,"PM60C ",AA
15586265,A,83681,"PM60C ",AA
15586266,A,83691,"PM60C ",AA
15586267,A,83694,"PM60C ",AA
15586268,A,83826,"PM60C ",AA
15586269,A,83827,"PM60C ",AA
15586270,A,83828,"PM60C ",AA
15586271,A,83846,"PM60E ",AA
15586272,A,83849,"PM60C ",AA
15586273,A,83925,"PM60C ",AA
15586274,A,83927,"PM60C ",AA
15586275,A,83942,"PM60C ",AA
15586276,A,83948,"PM60C ",AA
15586277,A,83961,"PM60C ",AA
15586278,A,83963,"PM60C ",AA
15586279,A,83973,"PM60D ",AA
15586280,A,83975,"PM60D ",AA
15586281,A,83978,"PM60C ",AA
15586282,A,83985,"PM60C ",AA
15586283,A,83991,"PM60C ",AA
15586284,A,83994,"PM60C ",AA
15586285,A,84006,"PM60C ",AA
15586286,A,84008,"PM60C ",AA
15586287,A,82543,"PM60E ",AA
15586288,A,82544,"PM60E ",AA
15586289,A,82545,"PM60E ",AA
15586290,A,82546,"PM60F ",AA
15586291,A,82547,"PM60F ",AA
15586292,A,82548,"PM60E ",AA
15586293,A,82549,"PM60E ",AA
15586294,A,82550,"PM60E ",AA
15586295,A,82551,"PM60E ",AA
15586296,A,82552,"PM60E ",AA
15586297,A,82553,"PM60E ",AA
15586298,A,82554,"PM60E ",AA
15586299,A,82555,"PM60F ",AA
15586300,A,82556,"PM60E ",AA
15586301,A,82557,"PM60E ",AA
15586302,A,82558,"PM60E ",AA
15586303,A,82559,"PM60G ",AA
15586304,A,82560,"PM60E ",AA
15586305,A,82561,"PM60E ",AA
15586306,A,82562,"PM60E ",AA
15586307,A,82563,"PM60E ",AA
15586308,A,82564,"PM60E ",AA
15586309,A,82567,"PM60E ",AA
15586310,A,82568,"PM60E ",AA
15586311,A,82571,"PM60E ",AA
15586312,A,82572,"PM60E ",AA
15586313,A,82573,"PM60G ",AA
15586314,A,82574,"PM60G ",AA
15586315,A,82575,"PM60E ",AA
15586316,A,82577,"PM60E ",AA
15586317,A,82578,"PM60E ",AA
15586318,A,82632,"PM60E ",AA
15586319,A,82633,"PM60E ",AA
15586320,A,82634,"PM60E ",AA
15586321,A,82635,"PM60E ",AA
15586322,A,82636,"PM60E ",AA
15586323,A,82637,"PM60E ",AA
15586324,A,82638,"PM60E ",AA
15586325,A,82639,"PM60E ",AA
15586326,A,82640,"PM60E ",AA
15586327,A,82641,"PM60E ",AA
15586328,A,82642,"PM60E ",AA
15586329,A,82645,"PM60E ",AA
15586330,A,82647,"PM60E ",AA
15586331,A,82648,"PM60E ",AA
15586332,A,82649,"PM60E ",AA
15586333,A,82650,"PM60G ",AA
15586334,A,82651,"PM60E ",AA
15586335,A,82652,"PM60E ",AA
15586336,A,82654,"PM60F ",AA
15586337,A,82656,"PM60E ",AA
15586338,A,82657,"PM60E ",AA
15586339,A,82658,"PM60E ",AA
15586340,A,82659,"PM60E ",AA
15586341,A,82660,"PM60E ",AA
15586342,A,82662,"PM60G ",AA
15586343,A,82715,"PM60C ",AA
15586344,A,82724,"PM60C ",AA
15586345,A,82731,"PM60C ",AA
15586346,A,82734,"PM60C ",AA
15586347,A,82419,"PM60E ",AA
15586348,A,82423,"PM60E ",AA
15586349,A,82428,"PM60G ",AA
15586350,A,82429,"PM60E ",AA
15586351,A,82431,"PM60E ",AA
15586352,A,82436,"PM60E ",AA
15586353,A,82440,"PM60E ",AA
15586354,A,82443,"PM60F ",AA
15586355,A,82445,"PM60G ",AA
15586356,A,82449,"PM60E ",AA
15586357,A,82450,"PM60E ",AA
15586358,A,49396,"PM60D ",AA
15586359,A,49399,"PM60C ",AA
15586360,A,49410,"PM60D ",AA
15586361,A,49801,"PM60D ",AA
15586362,A,49814,"PM60C ",AA
15586363,A,49815,"PM60C ",AA
15586364,A,50180,"PM60C ",AA
15586365,A,50184,"PM60C ",AA
15586366,A,50195,"PM60C ",AA
15586367,A,50197,"PM60C ",AA
15586368,A,50198,"PM60C ",AA
15586369,A,50199,"PM60C ",AA
15586370,A,50201,"PM60C ",AA
15586371,A,50203,"PM60C ",AA
15586372,A,50204,"PM60C ",AA
15586373,A,50206,"PM60C ",AA
15586374,A,50207,"PM60C ",AA
15586375,A,50709,"PM60C ",AA
15586376,A,50713,"PM60C ",AA
15586377,A,50714,"PM60C ",AA
15586378,A,50717,"PM60C ",AA
15586379,A,50718,"PM60C ",AA
15586380,A,50727,"PM60C ",AA
15586381,A,51213,"PM60C ",AA
15586382,A,51214,"PM60C ",AA
15586383,A,51227,"PM60C ",AA
15586384,A,51229,"PM60C ",AA
15586385,A,51231,"PM60C ",AA
15586386,A,51232,"PM60C ",AA
15586387,A,78698,"PM60D ",AA
15586388,A,78699,"PM60D ",AA
15586389,A,46421,"48PMA ",AA
15586390,A,78704,"PM60C ",AA
15586391,A,82579,"PM60E ",AA
15586392,A,82580,"PM60E ",AA
15586393,A,82581,"PM60E ",AA
15586394,A,82582,"PM60F ",AA
15586395,A,82583,"PM60E ",AA
15586396,A,82584,"PM60E ",AA
15586397,A,82586,"PM60E ",AA
15586398,A,82587,"PM60E ",AA
15586399,A,82588,"PM60E ",AA
15586400,A,82589,"PM60E ",AA
15586401,A,82590,"PM60E ",AA
15586402,A,82593,"PM60E ",AA
15586403,A,82594,"PM60E ",AA
15586404,A,82596,"PM60E ",AA
15586405,A,82597,"PM60E ",AA
15586406,A,82598,"PM60E ",AA
15586407,A,82599,"PM60E ",AA
15586408,A,82600,"PM60E ",AA
15586409,A,82602,"PM60G ",AA
15586410,A,82603,"PM60E ",AA
15586411,A,82604,"PM60G ",AA
15586412,A,82605,"PM60G ",AA
15586413,A,82670,"PM60C ",AA
15586414,A,82679,"PM60C ",AA
15586415,A,82742,"PM60D ",AA
15586416,A,82743,"PM60D ",AA
15586417,A,82746,"PM60E ",AA
15586418,A,50912,"48PMA ",AA
15586419,A,82758,"PM60C ",AA
15586420,A,82764,"PM60C ",AA
15586421,A,49413,"PM60C ",AA
15586422,A,49417,"PM60C ",AA
15586423,A,49427,"PM60C ",AA
15586424,A,49825,"PM60C ",AA
15586425,A,50212,"PM60C ",AA
15586426,A,50230,"PM60C ",AA
15586427,A,50743,"PM60C ",AA
15586428,A,27870,"48PMA ",AA
15586429,A,50750,"PM60C ",AA
15586430,A,50751,"PM60C ",AA
15586431,A,50754,"PM60C ",AA
15586432,A,50755,"PM60C ",AA
15586433,A,50756,"PM60D ",AA
15586434,A,50764,"PM60C ",AA
15586435,A,51249,"PM60D ",AA
15586436,A,51253,"PM60C ",AA
15586437,A,51254,"PM60C ",AA
15586438,A,51255,"PM60C ",AA
15586439,A,51259,"PM60C ",AA
15586440,A,51261,"PM60C ",AA
15586441,A,51263,"PM60C ",AA
15586442,A,51267,"PM60C ",AA
15586443,A,51268,"PM60D ",AA
15586444,A,51270,"PM60C ",AA
15586445,A,51273,"PM60C ",AA
15586446,A,51277,"PM60C ",AA
15586447,A,51281,"PM60C ",AA
15586448,A,51284,"PM60C ",AA
15586449,A,82607,"PM60E ",AA
15586450,A,82609,"PM60E ",AA
15586451,A,82610,"PM60F ",AA
15586452,A,82611,"PM60E ",AA
15586453,A,82612,"PM60F ",AA
15586454,A,82613,"PM60F ",AA
15586455,A,82614,"PM60F ",AA
15586456,A,82616,"PM60F ",AA
15586457,A,82619,"PM60E ",AA
15586458,A,82623,"PM60F ",AA
15586459,A,82624,"PM60E ",AA
15586460,A,82626,"PM60E ",AA
15586461,A,82627,"PM60E ",AA
15586462,A,82628,"PM60E ",AA
15586463,A,82629,"PM60E ",AA
15586464,A,82631,"PM60E ",AA
15586465,A,82697,"PM60D ",AA
15586466,A,82698,"PM60C ",AA
15586467,A,82699,"PM60C ",AA
15586468,A,82705,"PM60F ",AA
15586469,A,82706,"PM60F ",AA
15586470,A,82708,"PM60G ",AA
15586471,A,82709,"PM60E ",AA
15586472,A,82710,"PM60F ",AA
15586473,A,82711,"PM60F ",AA
15586474,A,50449,"48PMG ",AA
15586475,A,82331,"PM60C ",AA
15586476,A,82342,"PM60C ",AA
15586477,A,82345,"PM60C ",AA
15586478,A,82451,"PM60E ",AA
15586479,A,82454,"PM60E ",AA
15586480,A,82457,"PM60E ",AA
15586481,A,82458,"PM60F ",AA
15586482,A,82460,"PM60E ",AA
15586483,A,82464,"PM60E ",AA
15586484,A,82466,"PM60E ",AA
15586485,A,82468,"PM60E ",AA
15586486,A,82469,"PM60E ",AA
15586487,A,82470,"PM60E ",AA
15586488,A,82472,"PM60E ",AA
15586489,A,82474,"PM60G ",AA
15586490,A,82476,"PM60E ",AA
15586491,A,82477,"PM60E ",AA
15586492,A,82481,"PM60E ",AA
15586493,A,82483,"PM60E ",AA
15586494,A,82484,"PM60E ",AA
15586495,A,83068,"PM60D ",AA
15586496,A,83075,"PM60C ",AA
15586497,A,83080,"PM60C ",AA
15586498,A,83091,"PM60C ",AA
15586499,A,83092,"PM60C ",AA
15586500,A,51528,"48PMI ",AA
15586501,A,83168,"PM60D ",AA
15586502,A,83169,"PM60G ",AA
15586503,A,83204,"PM60C ",AA
15586504,A,83207,"PM60C ",AA
15586505,A,83208,"PM60D ",AA
15586506,A,83211,"PM60C ",AA
15586507,A,83215,"PM60C ",AA
15586508,A,83216,"PM60C ",AA
15586509,A,83274,"PM60C ",AA
15586510,A,83277,"PM60C ",AA
15586511,A,83282,"PM60C ",AA
15586512,A,83289,"PM60C ",AA
15586513,A,49127,"PM60E ",AA
15586514,A,49128,"PM60E ",AA
15586515,A,49131,"PM60E ",AA
15586516,A,49132,"PM60E ",AA
15586517,A,49133,"PM60E ",AA
15586518,A,49134,"PM60E ",AA
15586519,A,49135,"PM60E ",AA
15586520,A,49136,"PM60E ",AA
15586521,A,49137,"PM60E ",AA
15586522,A,49138,"PM60E ",AA
15586523,A,49139,"PM60E ",AA
15586524,A,49436,"PM60D ",AA
15586525,A,49437,"PM60D ",AA
15586526,A,49439,"PM60F ",AA
15586527,A,49440,"PM60F ",AA
15586528,A,27206,"48PMC ",AA
15586529,A,49441,"PM60F ",AA
15586530,A,49442,"PM60E ",AA
15586531,A,49447,"PM60C ",AA
15586532,A,49448,"PM60C ",AA
15586533,A,49450,"PM60C ",AA
15586534,A,49452,"PM60C ",AA
15586535,A,27454,"48PMF ",AA
15586536,A,49861,"PM60C ",AA
15586537,A,49864,"PM60C ",AA
15586538,A,50231,"PM60C ",AA
15586539,A,50232,"PM60C ",AA
15586540,A,50233,"PM60C ",AA
15586541,A,50234,"PM60C ",AA
15586542,A,50255,"PM60C ",AA
15586543,A,50256,"PM60C ",AA
15586544,A,50257,"PM60C ",AA
15586545,A,50258,"PM60C ",AA
15586546,A,50261,"PM60D ",AA
15586547,A,50264,"PM60C ",AA
15586548,A,50265,"PM60C ",AA
15586549,A,50267,"PM60C ",AA
15586550,A,50770,"PM60C ",AA
15586551,A,50771,"PM60C ",AA
15586552,A,50774,"PM60C ",AA
15586553,A,50790,"PM60D ",AA
15586554,A,50800,"PM60C ",AA
15586555,A,51293,"PM60D ",AA
15586556,A,51301,"PM60C ",AA
15586557,A,51305,"PM60C ",AA
15586558,A,51306,"PM60C ",AA
15586559,A,82292,"PM60C ",AA
15586560,A,82363,"PM60E ",AA
15586561,A,82366,"PM60G ",AA
15586562,A,82486,"PM60E ",AA
15586563,A,82487,"PM60E ",AA
15586564,A,82488,"PM60E ",AA
15586565,A,82489,"PM60E ",AA
15586566,A,82490,"PM60E ",AA
15586567,A,82495,"PM60E ",AA
15586568,A,82497,"PM60E ",AA
15586569,A,82499,"PM60E ",AA
15586570,A,82500,"PM60E ",AA
15586571,A,82504,"PM60E ",AA
15586572,A,82505,"PM60E ",AA
15586573,A,82868,"PM60C ",AA
15586574,A,82869,"PM60C ",AA
15586575,A,82871,"PM60D ",AA
15586576,A,82875,"PM60C ",AA
15586577,A,82928,"PM60D ",AA
15586578,A,51096,"48PMI ",AA
15586579,A,51112,"48PMA ",AA
15586580,A,82939,"PM60C ",AA
15586581,A,82943,"PM60C ",AA
15586582,A,82946,"PM60C ",AA
15586583,A,82949,"PM60C ",AA
15586584,A,82959,"PM60C ",AA
15586585,A,83012,"PM60C ",AA
15586586,A,83022,"PM60C ",AA
15586587,A,83023,"PM60C ",AA
15586588,A,83029,"PM60C ",AA
15586589,A,51292,"48PMA ",AA
15586590,A,83112,"PM60C ",AA
15586591,A,83113,"PM60C ",AA
15586592,A,83117,"PM60D ",AA
15586593,A,83122,"PM60D ",AA
15586594,A,51541,"48PMK ",AA
15586595,A,83172,"PM60C ",AA
15586596,A,83173,"PM60C ",AA
15586597,A,83174,"PM60D ",AA
15586598,A,83225,"PM60C ",AA
15586599,A,83226,"PM60D ",AA
15586600,A,83232,"PM60D ",AA
15586601,A,51637,"48PMF ",AA
15586602,A,83296,"PM60C ",AA
15586603,A,83301,"PM60C ",AA
15586604,A,83302,"PM60C ",AA
15586605,A,83303,"PM60C ",AA
15586606,A,83304,"PM60C ",AA
15586607,A,83306,"PM60D ",AA
15586608,A,83312,"PM60D ",AA
15586609,A,83315,"PM60C ",AA
15586610,A,83318,"PM60C ",AA
15586611,A,83322,"PM60C ",AA
15586612,A,83326,"PM60E ",AA
15586613,A,83330,"PM60C ",AA
15586614,A,83331,"PM60D ",AA
15586615,A,83332,"PM60C ",AA
15586616,A,83339,"PM60C ",AA
15586617,A,83341,"PM60C ",AA
15586618,A,83348,"PM60E ",AA
15586619,A,83349,"PM60D ",AA
15586620,A,83353,"PM60D ",AA
15586621,A,83359,"PM60C ",AA
15586622,A,83365,"PM60C ",AA
15586623,A,83417,"PM60C ",AA
15586624,A,83418,"PM60C ",AA
15586625,A,83419,"PM60C ",AA
15586626,A,51778,"48PMA ",AA
15586627,A,83427,"PM60C ",AA
15586628,A,83437,"PM60C ",AA
15586629,A,83510,"PM60C ",AA
15586630,A,83513,"PM60C ",AA
15586631,A,83718,"PM60C ",AA
15586632,A,83729,"PM60C ",AA
15586633,A,83733,"PM60C ",AA
15586634,A,51907,"48PMA ",AA
15586635,A,83742,"PM60D ",AA
15586636,A,49141,"PM60E ",AA
15586637,A,49142,"PM60E ",AA
15586638,A,49143,"PM60E ",AA
15586639,A,49144,"PM60E ",AA
15586640,A,49145,"PM60E ",AA
15586641,A,49148,"PM60E ",AA
15586642,A,49149,"PM60E ",AA
15586643,A,49150,"PM60E ",AA
15586644,A,49153,"PM60E ",AA
15586645,A,49154,"PM60E ",AA
15586646,A,49155,"PM60E ",AA
15586647,A,49156,"PM60E ",AA
15586648,A,49157,"PM60E ",AA
15586649,A,49158,"PM60E ",AA
15586650,A,49161,"PM60E ",AA
15586651,A,49162,"PM60E ",AA
15586652,A,49165,"PM60E ",AA
15586653,A,49167,"PM60E ",AA
15586654,A,49170,"PM60E ",AA
15586655,A,49171,"PM60E ",AA
15586656,A,49172,"PM60E ",AA
15586657,A,49173,"PM60E ",AA
15586658,A,49174,"PM60E ",AA
15586659,A,49175,"PM60E ",AA
15586660,A,49176,"PM60E ",AA
15586661,A,49458,"PM60C ",AA
15586662,A,49461,"PM60C ",AA
15586663,A,49462,"PM60C ",AA
15586664,A,49467,"PM60D ",AA
15586665,A,49470,"PM60D ",AA
15586666,A,88636,"PM60F ",AA
15586667,A,88999,"PM60C ",AA
15586668,A,89004,"PM60E ",AA
15586669,A,89006,"PM60F ",AA
15586670,A,93370,"PM60C ",AA
15586671,A,93825,"PM60D ",AA
15586672,A,93826,"PM60C ",AA
15586673,A,93836,"PM60C ",AA
15586674,A,93839,"PM60C ",AA
15586675,A,93842,"PM60C ",AA
15586676,A,93844,"PM60C ",AA
15586677,A,93845,"PM60C ",AA
15586678,A,93846,"PM60C ",AA
15586679,A,93879,"PM60D ",AA
15586680,A,93900,"PM60C ",AA
15586681,A,93901,"PM60C ",AA
15586682,A,93914,"PM60C ",AA
15586683,A,93915,"PM60C ",AA
15586684,A,93916,"PM60C ",AA
15586685,A,93917,"PM60C ",AA
15586686,A,93918,"PM60C ",AA
15586687,A,93919,"PM60C ",AA
15586688,A,93920,"PM60C ",AA
15586689,A,93921,"PM60C ",AA
15586690,A,93922,"PM60C ",AA
15586691,A,93923,"PM60C ",AA
15586692,A,93936,"PM60C ",AA
15586693,A,93937,"PM60C ",AA
15586694,A,93938,"PM60C ",AA
15586695,A,31404,"PM60E ",AA
15586696,A,31407,"PM60E ",AA
15586697,A,31408,"PM60E ",AA
15586698,A,19627,"48PMC ",AA
15586699,A,31411,"PM60E ",AA
15586700,A,31412,"PM60E ",AA
15586701,A,31413,"PM60E ",AA
15586702,A,31414,"PM60E ",AA
15586703,A,31415,"PM60E ",AA
15586704,A,31416,"PM60F ",AA
15586705,A,31417,"PM60E ",AA
15586706,A,31420,"PM60E ",AA
15586707,A,31738,"PM60D ",AA
15586708,A,31747,"PM60D ",AA
15586709,A,31749,"PM60C ",AA
15586710,A,32164,"PM60E ",AA
15586711,A,32180,"PM60C ",AA
15586712,A,32182,"PM60C ",AA
15586713,A,32183,"PM60C ",AA
15586714,A,32185,"PM60D ",AA
15586715,A,32607,"PM60C ",AA
15586716,A,32608,"PM60C ",AA
15586717,A,32613,"PM60C ",AA
15586718,A,32618,"PM60C ",AA
15586719,A,32619,"PM60C ",AA
15586720,A,33167,"PM60C ",AA
15586721,A,33168,"PM60C ",AA
15586722,A,33186,"PM60C ",AA
15586723,A,33187,"PM60C ",AA
15586724,A,33194,"PM60C ",AA
15586725,A,33195,"PM60C ",AA
15586726,A,33760,"PM60C ",AA
15586727,A,33762,"PM60C ",AA
15586728,A,33771,"PM60C ",AA
15586729,A,33772,"PM60C ",AA
15586730,A,33778,"PM60C ",AA
15586731,A,33779,"PM60C ",AA
15586732,A,33780,"PM60C ",AA
15586733,A,33783,"PM60C ",AA
15586734,A,33784,"PM60C ",AA
15586735,A,33787,"PM60C ",AA
15586736,A,33788,"PM60C ",AA
15586737,A,34362,"PM60C ",AA
15586738,A,34369,"PM60D ",AA
15586739,A,34370,"PM60C ",AA
15586740,A,34373,"PM60C ",AA
15586741,A,34375,"PM60C ",AA
15586742,A,34380,"PM60C ",AA
15586743,A,34381,"PM60C ",AA
15586744,A,34382,"PM60C ",AA
15586745,A,34924,"PM60C ",AA
15586746,A,34925,"PM60C ",AA
15586747,A,34926,"PM60C ",AA
15586748,A,34930,"PM60C ",AA
15586749,A,89026,"PM60C ",AA
15586750,A,89029,"PM60C ",AA
15586751,A,89031,"PM60C ",AA
15586752,A,89034,"PM60C ",AA
15586753,A,89035,"PM60C ",AA
15586754,A,89038,"PM60C ",AA
15586755,A,89039,"PM60C ",AA
15586756,A,89041,"PM60C ",AA
15586757,A,89042,"PM60D ",AA
15586758,A,89050,"PM60C ",AA
15586759,A,93183,"PM60C ",AA
15586760,A,93188,"PM60C ",AA
15586761,A,61413,"48PMN ",AA
15586762,A,61435,"48PMD ",AA
15586763,A,93853,"PM60C ",AA
15586764,A,93854,"PM60C ",AA
15586765,A,93855,"PM60C ",AA
15586766,A,93856,"PM60C ",AA
15586767,A,93858,"PM60F ",AA
15586768,A,93861,"PM60C ",AA
15586769,A,93862,"PM60C ",AA
15586770,A,93863,"PM60C ",AA
15586771,A,93865,"PM60C ",AA
15586772,A,93867,"PM60C ",AA
15586773,A,93870,"PM60C ",AA
15586774,A,93872,"PM60C ",AA
15586775,A,93876,"PM60C ",AA
15586776,A,31422,"PM60E ",AA
15586777,A,31423,"PM60F ",AA
15586778,A,31424,"PM60E ",AA
15586779,A,31426,"PM60E ",AA
15586780,A,31427,"PM60E ",AA
15586781,A,31431,"PM60E ",AA
15586782,A,31432,"PM60F ",AA
15586783,A,31433,"PM60E ",AA
15586784,A,31434,"PM60E ",AA
15586785,A,31436,"PM60E ",AA
15586786,A,31438,"PM60E ",AA
15586787,A,31439,"PM60F ",AA
15586788,A,31440,"PM60E ",AA
15586789,A,31441,"PM60F ",AA
15586790,A,31442,"PM60E ",AA
15586791,A,31443,"PM60E ",AA
15586792,A,31444,"PM60E ",AA
15586793,A,31447,"PM60E ",AA
15586794,A,31448,"PM60F ",AA
15586795,A,31449,"PM60E ",AA
15586796,A,31450,"PM60G ",AA
15586797,A,31757,"PM60C ",AA
15586798,A,31764,"PM60C ",AA
15586799,A,31767,"PM60G ",AA
15586800,A,31769,"PM60D ",AA
15586801,A,32202,"PM60C ",AA
15586802,A,32203,"PM60C ",AA
15586803,A,32209,"PM60C ",AA
15586804,A,32210,"PM60E ",AA
15586805,A,32213,"PM60C ",AA
15586806,A,32627,"PM60C ",AA
15586807,A,32630,"PM60C ",AA
15586808,A,32632,"PM60C ",AA
15586809,A,32634,"PM60C ",AA
15586810,A,32637,"PM60C ",AA
15586811,A,32652,"PM60C ",AA
15586812,A,32654,"PM60C ",AA
15586813,A,32656,"PM60C ",AA
15586814,A,32658,"PM60C ",AA
15586815,A,33196,"PM60C ",AA
15586816,A,33197,"PM60C ",AA
15586817,A,33198,"PM60C ",AA
15586818,A,33199,"PM60C ",AA
15586819,A,21002,"48PMA ",AA
15586820,A,21005,"48PMA ",AA
15586821,A,33798,"PM60C ",AA
15586822,A,33803,"PM60C ",AA
15586823,A,33811,"PM60C ",AA
15586824,A,33814,"PM60C ",AA
15586825,A,33815,"PM60C ",AA
15586826,A,34386,"PM60D ",AA
15586827,A,34390,"PM60C ",AA
15586828,A,34395,"PM60C ",AA
15586829,A,34398,"PM60C ",AA
15586830,A,34400,"PM60D ",AA
15586831,A,34408,"PM60C ",AA
15586832,A,34412,"PM60C ",AA
15586833,A,21302,"48PMA ",AA
15586834,A,34415,"PM60D ",AA
15586835,A,34935,"PM60C ",AA
15586836,A,34936,"PM60C ",AA
15586837,A,34937,"PM60C ",AA
15586838,A,34938,"PM60C ",AA
15586839,A,34947,"PM60C ",AA
15586840,A,34948,"PM60C ",AA
15586841,A,34952,"PM60C ",AA
15586842,A,34953,"PM60C ",AA
15586843,A,34954,"PM60C ",AA
15586844,A,34955,"PM60C ",AA
15586845,A,34963,"PM60C ",AA
15586846,A,34964,"PM60C ",AA
15586847,A,34965,"PM60C ",AA
15586848,A,34966,"PM60C ",AA
15586849,A,34967,"PM60C ",AA
15586850,A,34968,"PM60C ",AA
15586851,A,34969,"PM60C ",AA
15586852,A,34970,"PM60C ",AA
15586853,A,34976,"PM60C ",AA
15586854,A,88668,"PM60C ",AA
15586855,A,88676,"PM60C ",AA
15586856,A,88679,"PM60C ",AA
15586857,A,89052,"PM60C ",AA
15586858,A,89053,"PM60D ",AA
15586859,A,89055,"PM60D ",AA
15586860,A,89059,"PM60C ",AA
15586861,A,89066,"PM60C ",AA
15586862,A,89067,"PM60C ",AA
15586863,A,89070,"PM60C ",AA
15586864,A,89081,"PM60C ",AA
15586865,A,89086,"PM60C ",AA
15586866,A,61449,"48PMA ",AA
15586867,A,93391,"PM60C ",AA
15586868,A,93392,"PM60C ",AA
15586869,A,93393,"PM60C ",AA
15586870,A,93394,"PM60C ",AA
15586871,A,93395,"PM60C ",AA
15586872,A,93396,"PM60C ",AA
15586873,A,93397,"PM60C ",AA
15586874,A,93398,"PM60C ",AA
15586875,A,93401,"PM60C ",AA
15586876,A,93405,"PM60C ",AA
15586877,A,31452,"PM60E ",AA
15586878,A,31453,"PM60E ",AA
15586879,A,31454,"PM60E ",AA
15586880,A,31455,"PM60E ",AA
15586881,A,31456,"PM60E ",AA
15586882,A,31457,"PM60E ",AA
15586883,A,31458,"PM60E ",AA
15586884,A,31459,"PM60F ",AA
15586885,A,31460,"PM60G ",AA
15586886,A,31462,"PM60E ",AA
15586887,A,31463,"PM60E ",AA
15586888,A,31465,"PM60E ",AA
15586889,A,31467,"PM60E ",AA
15586890,A,31469,"PM60E ",AA
15586891,A,31470,"PM60E ",AA
15586892,A,31472,"PM60E ",AA
15586893,A,31473,"PM60F ",AA
15586894,A,31474,"PM60E ",AA
15586895,A,31475,"PM60F ",AA
15586896,A,31476,"PM60E ",AA
15586897,A,31478,"PM60E ",AA
15586898,A,31479,"PM60G ",AA
15586899,A,31481,"PM60G ",AA
15586900,A,31482,"PM60E ",AA
15586901,A,31483,"PM60G ",AA
15586902,A,31783,"PM60D ",AA
15586903,A,31786,"PM60C ",AA
15586904,A,31790,"PM60C ",AA
15586905,A,31791,"PM60D ",AA
15586906,A,31793,"PM60C ",AA
15586907,A,31794,"PM60C ",AA
15586908,A,32219,"PM60C ",AA
15586909,A,32221,"PM60D ",AA
15586910,A,32225,"PM60C ",AA
15586911,A,32233,"PM60C ",AA
15586912,A,32234,"PM60C ",AA
15586913,A,32235,"PM60C ",AA
15586914,A,32248,"PM60C ",AA
15586915,A,32660,"PM60C ",AA
15586916,A,32664,"PM60D ",AA
15586917,A,32669,"PM60C ",AA
15586918,A,32670,"PM60C ",AA
15586919,A,32673,"PM60C ",AA
15586920,A,32674,"PM60C ",AA
15586921,A,32680,"PM60C ",AA
15586922,A,32681,"PM60C ",AA
15586923,A,32684,"PM60C ",AA
15586924,A,32688,"PM60C ",AA
15586925,A,32689,"PM60C ",AA
15586926,A,32690,"PM60C ",AA
15586927,A,32695,"PM60C ",AA
15586928,A,32698,"PM60C ",AA
15586929,A,33265,"PM60C ",AA
15586930,A,33273,"PM60C ",AA
15586931,A,33276,"PM60D ",AA
15586932,A,33823,"PM60C ",AA
15586933,A,33826,"PM60C ",AA
15586934,A,33828,"PM60C ",AA
15586935,A,33831,"PM60D ",AA
15586936,A,33832,"PM60D ",AA
15586937,A,33834,"PM60D ",AA
15586938,A,33836,"PM60C ",AA
15586939,A,33837,"PM60D ",AA
15586940,A,33844,"PM60C ",AA
15586941,A,33845,"PM60C ",AA
15586942,A,33852,"PM60C ",AA
15586943,A,33854,"PM60C ",AA
15586944,A,33856,"PM60C ",AA
15586945,A,34425,"PM60C ",AA
15586946,A,34427,"PM60C ",AA
15586947,A,34431,"PM60D ",AA
15586948,A,34435,"PM60C ",AA
15586949,A,34438,"PM60C ",AA
15586950,A,34442,"PM60C ",AA
15586951,A,34443,"PM60C ",AA
15586952,A,34446,"PM60C ",AA
15586953,A,34450,"PM60C ",AA
15586954,A,34980,"PM60C ",AA
15586955,A,34981,"PM60C ",AA
15586956,A,35010,"PM60C ",AA
15586957,A,35011,"PM60C ",AA
15586958,A,35012,"PM60D ",AA
15586959,A,35013,"PM60D ",AA
15586960,A,88690,"PM60C ",AA
15586961,A,88696,"PM60E ",AA
15586962,A,88697,"PM60C ",AA
15586963,A,89094,"PM60C ",AA
15586964,A,89098,"PM60C ",AA
15586965,A,89100,"PM60C ",AA
15586966,A,89103,"PM60C ",AA
15586967,A,89104,"PM60C ",AA
15586968,A,89114,"PM60C ",AA
15586969,A,89121,"PM60D ",AA
15586970,A,89129,"PM60C ",AA
15586971,A,93407,"PM60C ",AA
15586972,A,93408,"PM60C ",AA
15586973,A,93409,"PM60F ",AA
15586974,A,93410,"PM60C ",AA
15586975,A,93412,"PM60E ",AA
15586976,A,61471,"48PMA ",AA
15586977,A,93419,"PM60D ",AA
15586978,A,93426,"PM60D ",AA
15586979,A,61475,"48PMA ",AA
15586980,A,93432,"PM60C ",AA
15586981,A,61480,"48PMA ",AA
15586982,A,93434,"PM60C ",AA
15586983,A,93436,"PM60C ",AA
15586984,A,93437,"PM60C ",AA
15586985,A,31484,"PM60E ",AA
15586986,A,31485,"PM60G ",AA
15586987,A,31486,"PM60F ",AA
15586988,A,31487,"PM60F ",AA
15586989,A,31489,"PM60E ",AA
15586990,A,31492,"PM60G ",AA
15586991,A,31493,"PM60F ",AA
15586992,A,31495,"PM60E ",AA
15586993,A,31499,"PM60E ",AA
15586994,A,31500,"PM60E ",AA
15586995,A,31501,"PM60F ",AA
15586996,A,31502,"PM60E ",AA
15586997,A,31503,"PM60E ",AA
15586998,A,31504,"PM60E ",AA
15586999,A,31505,"PM60E ",AA
15587000,A,31800,"PM60C ",AA
15587001,A,31803,"PM60C ",AA
15587002,A,31808,"PM60D ",AA
15587003,A,31810,"PM60C ",AA
15587004,A,20149,"48PMF ",AA
15587005,A,32251,"PM60C ",AA
15587006,A,32260,"PM60C ",AA
15587007,A,32263,"PM60C ",AA
15587008,A,32699,"PM60C ",AA
15587009,A,32700,"PM60C ",AA
15587010,A,32704,"PM60C ",AA
15587011,A,20827,"48PMA ",AA
15587012,A,32706,"PM60C ",AA
15587013,A,32713,"PM60C ",AA
15587014,A,32716,"PM60C ",AA
15587015,A,32722,"PM60C ",AA
15587016,A,33308,"PM60C ",AA
15587017,A,33866,"PM60C ",AA
15587018,A,33867,"PM60C ",AA
15587019,A,33868,"PM60C ",AA
15587020,A,33870,"PM60C ",AA
15587021,A,33887,"PM60D ",AA
15587022,A,33888,"PM60C ",AA
15587023,A,33892,"PM60C ",AA
15587024,A,34453,"PM60C ",AA
15587025,A,34457,"PM60C ",AA
15587026,A,34460,"PM60C ",AA
15587027,A,34463,"PM60C ",AA
15587028,A,34464,"PM60C ",AA
15587029,A,34465,"PM60C ",AA
15587030,A,34466,"PM60C ",AA
15587031,A,34478,"PM60C ",AA
15587032,A,34483,"PM60C ",AA
15587033,A,34488,"PM60C ",AA
15587034,A,34492,"PM60C ",AA
15587035,A,34493,"PM60C ",AA
15587036,A,34494,"PM60C ",AA
15587037,A,35036,"PM60C ",AA
15587038,A,35037,"PM60C ",AA
15587039,A,35038,"PM60C ",AA
15587040,A,35039,"PM60C ",AA
15587041,A,35040,"PM60C ",AA
15587042,A,35041,"PM60C ",AA
15587043,A,35042,"PM60C ",AA
15587044,A,35043,"PM60C ",AA
15587045,A,35044,"PM60C ",AA
15587046,A,35045,"PM60C ",AA
15587047,A,35046,"PM60C ",AA
15587048,A,35047,"PM60C ",AA
15587049,A,35048,"PM60C ",AA
15587050,A,35049,"PM60C ",AA
15587051,A,35050,"PM60C ",AA
15587052,A,35051,"PM60C ",AA
15587053,A,35052,"PM60C ",AA
15587054,A,35059,"PM60C ",AA
15587055,A,35060,"PM60C ",AA
15587056,A,35077,"PM60C ",AA
15587057,A,35078,"PM60C ",AA
15587058,A,35079,"PM60C ",AA
15587059,A,35080,"PM60C ",AA
15587060,A,88698,"PM60C ",AA
15587061,A,88700,"PM60C ",AA
15587062,A,88705,"PM60C ",AA
15587063,A,88715,"PM60C ",AA
15587064,A,56536,"48PMI ",AA
15587065,A,89133,"PM60D ",AA
15587066,A,89145,"PM60D ",AA
15587067,A,93443,"PM60C ",AA
15587068,A,93456,"PM60C ",AA
15587069,A,93458,"PM60C ",AA
15587070,A,93459,"PM60C ",AA
15587071,A,93461,"PM60C ",AA
15587072,A,93465,"PM60C ",AA
15587073,A,93467,"PM60C ",AA
15587074,A,93468,"PM60C ",AA
15587075,A,93473,"PM60D ",AA
15587076,A,31506,"PM60E ",AA
15587077,A,31507,"PM60E ",AA
15587078,A,31508,"PM60F ",AA
15587079,A,31510,"PM60G ",AA
15587080,A,31512,"PM60E ",AA
15587081,A,31513,"PM60E ",AA
15587082,A,31514,"PM60E ",AA
15587083,A,31516,"PM60E ",AA
15587084,A,31517,"PM60E ",AA
15587085,A,31521,"PM60E ",AA
15587086,A,31817,"PM60D ",AA
15587087,A,31818,"PM60D ",AA
15587088,A,31820,"PM60F ",AA
15587089,A,31822,"PM60D ",AA
15587090,A,31823,"PM60C ",AA
15587091,A,31826,"PM60C ",AA
15587092,A,31836,"PM60D ",AA
15587093,A,31837,"PM60C ",AA
15587094,A,31840,"PM60D ",AA
15587095,A,32289,"PM60E ",AA
15587096,A,32293,"PM60C ",AA
15587097,A,32295,"PM60C ",AA
15587098,A,32296,"PM60C ",AA
15587099,A,32730,"PM60C ",AA
15587100,A,32732,"PM60D ",AA
15587101,A,32734,"PM60C ",AA
15587102,A,32741,"PM60C ",AA
15587103,A,32743,"PM60C ",AA
15587104,A,32747,"PM60C ",AA
15587105,A,32760,"PM60C ",AA
15587106,A,33323,"PM60C ",AA
15587107,A,21021,"48PMA ",AA
15587108,A,33328,"PM60D ",AA
15587109,A,33330,"PM60C ",AA
15587110,A,33331,"PM60C ",AA
15587111,A,33333,"PM60C ",AA
15587112,A,33334,"PM60C ",AA
15587113,A,33339,"PM60G ",AA
15587114,A,33342,"PM60D ",AA
15587115,A,33897,"PM60C ",AA
15587116,A,33899,"PM60C ",AA
15587117,A,33900,"PM60C ",AA
15587118,A,33910,"PM60C ",AA
15587119,A,33914,"PM60C ",AA
15587120,A,33918,"PM60C ",AA
15587121,A,34500,"PM60C ",AA
15587122,A,34506,"PM60C ",AA
15587123,A,34508,"PM60C ",AA
15587124,A,34509,"PM60C ",AA
15587125,A,34515,"PM60C ",AA
15587126,A,34516,"PM60C ",AA
15587127,A,34519,"PM60C ",AA
15587128,A,34520,"PM60C ",AA
15587129,A,34523,"PM60C ",AA
15587130,A,34525,"PM60C ",AA
15587131,A,34527,"PM60C ",AA
15587132,A,34530,"PM60D ",AA
15587133,A,34532,"PM60C ",AA
15587134,A,34533,"PM60C ",AA
15587135,A,35089,"PM60C ",AA
15587136,A,35090,"PM60C ",AA
15587137,A,35091,"PM60C ",AA
15587138,A,35092,"PM60C ",AA
15587139,A,35093,"PM60C ",AA
15587140,A,35094,"PM60C ",AA
15587141,A,35095,"PM60C ",AA
15587142,A,35096,"PM60C ",AA
15587143,A,35126,"PM60C ",AA
15587144,A,35127,"PM60C ",AA
15587145,A,35138,"PM60C ",AA
15587146,A,88744,"PM60C ",AA
15587147,A,88746,"PM60D ",AA
15587148,A,89164,"PM60C ",AA
15587149,A,89166,"PM60C ",AA
15587150,A,89168,"PM60C ",AA
15587151,A,89171,"PM60C ",AA
15587152,A,89174,"PM60G ",AA
15587153,A,89176,"PM60C ",AA
15587154,A,89178,"PM60C ",AA
15587155,A,89180,"PM60C ",AA
15587156,A,89182,"PM60C ",AA
15587157,A,89183,"PM60D ",AA
15587158,A,89189,"PM60C ",AA
15587159,A,93476,"PM60D ",AA
15587160,A,93478,"PM60G ",AA
15587161,A,93480,"PM60C ",AA
15587162,A,93483,"PM60C ",AA
15587163,A,93484,"PM60C ",AA
15587164,A,93485,"PM60C ",AA
15587165,A,93486,"PM60C ",AA
15587166,A,93487,"PM60C ",AA
15587167,A,93489,"PM60C ",AA
15587168,A,93492,"PM60C ",AA
15587169,A,93496,"PM60C ",AA
15587170,A,93497,"PM60C ",AA
15587171,A,93498,"PM60C ",AA
15587172,A,93499,"PM60C ",AA
15587173,A,93506,"PM60C ",AA
15587174,A,93510,"PM60C ",AA
15587175,A,93512,"PM60C ",AA
15587176,A,93513,"PM60C ",AA
15587177,A,31097,"PM60C ",AA
15587178,A,31098,"PM60C ",AA
15587179,A,31104,"PM60D ",AA
15587180,A,31522,"PM60E ",AA
15587181,A,31523,"PM60E ",AA
15587182,A,31524,"PM60E ",AA
15587183,A,31526,"PM60E ",AA
15587184,A,31527,"PM60E ",AA
15587185,A,31528,"PM60E ",AA
15587186,A,31535,"PM60E ",AA
15587187,A,31536,"PM60E ",AA
15587188,A,31537,"PM60E ",AA
15587189,A,31841,"PM60C ",AA
15587190,A,20191,"48PMG ",AA
15587191,A,31847,"PM60C ",AA
15587192,A,31853,"PM60C ",AA
15587193,A,32305,"PM60G ",AA
15587194,A,32328,"PM60C ",AA
15587195,A,32329,"PM60C ",AA
15587196,A,32343,"PM60D ",AA
15587197,A,32762,"PM60C ",AA
15587198,A,32786,"PM60C ",AA
15587199,A,32787,"PM60C ",AA
15587200,A,33345,"PM60D ",AA
15587201,A,33347,"PM60D ",AA
15587202,A,33350,"PM60C ",AA
15587203,A,33357,"PM60C ",AA
15587204,A,33360,"PM60C ",AA
15587205,A,33368,"PM60C ",AA
15587206,A,33374,"PM60C ",AA
15587207,A,33375,"PM60G ",AA
15587208,A,33930,"PM60C ",AA
15587209,A,33932,"PM60C ",AA
15587210,A,33946,"PM60C ",AA
15587211,A,33951,"PM60E ",AA
15587212,A,33963,"PM60C ",AA
15587213,A,34535,"PM60C ",AA
15587214,A,34538,"PM60C ",AA
15587215,A,34545,"PM60C ",AA
15587216,A,34553,"PM60C ",AA
15587217,A,34555,"PM60C ",AA
15587218,A,34556,"PM60C ",AA
15587219,A,34561,"PM60C ",AA
15587220,A,35139,"PM60C ",AA
15587221,A,35140,"PM60C ",AA
15587222,A,35141,"PM60C ",AA
15587223,A,35142,"PM60C ",AA
15587224,A,35143,"PM60C ",AA
15587225,A,35144,"PM60C ",AA
15587226,A,35145,"PM60C ",AA
15587227,A,35146,"PM60C ",AA
15587228,A,35149,"PM60C ",AA
15587229,A,35150,"PM60C ",AA
15587230,A,35164,"PM60C ",AA
15587231,A,35165,"PM60C ",AA
15587232,A,35166,"PM60C ",AA
15587233,A,35167,"PM60C ",AA
15587234,A,35174,"PM60C ",AA
15587235,A,35175,"PM60C ",AA
15587236,A,88756,"PM60C ",AA
15587237,A,88757,"PM60C ",AA
15587238,A,88758,"PM60C ",AA
15587239,A,88760,"PM60D ",AA
15587240,A,88761,"PM60D ",AA
15587241,A,88764,"PM60C ",AA
15587242,A,88765,"PM60C ",AA
15587243,A,89196,"PM60C ",AA
15587244,A,89199,"PM60C ",AA
15587245,A,56953,"48PMA ",AA
15587246,A,89205,"PM60D ",AA
15587247,A,89209,"PM60C ",AA
15587248,A,89214,"PM60C ",AA
15587249,A,89216,"PM60C ",AA
15587250,A,89217,"PM60C ",AA
15587251,A,89221,"PM60C ",AA
15587252,A,93214,"PM60F ",AA
15587253,A,93215,"PM60F ",AA
15587254,A,93216,"PM60E ",AA
15587255,A,61518,"48PMG ",AA
15587256,A,93516,"PM60C ",AA
15587257,A,93535,"PM60C ",AA
15587258,A,31122,"PM60C ",AA
15587259,A,31127,"PM60C ",AA
15587260,A,31136,"PM60C ",AA
15587261,A,31546,"PM60C ",AA
15587262,A,31548,"PM60D ",AA
15587263,A,31550,"PM60D ",AA
15587264,A,31557,"PM60D ",AA
15587265,A,31868,"PM60E ",AA
15587266,A,31869,"PM60E ",AA
15587267,A,31870,"PM60E ",AA
15587268,A,31871,"PM60D ",AA
15587269,A,31876,"PM60C ",AA
15587270,A,31884,"PM60C ",AA
15587271,A,32797,"PM60C ",AA
15587272,A,32798,"PM60C ",AA
15587273,A,32799,"PM60C ",AA
15587274,A,32800,"PM60C ",AA
15587275,A,32801,"PM60C ",AA
15587276,A,32802,"PM60C ",AA
15587277,A,32803,"PM60C ",AA
15587278,A,32804,"PM60C ",AA
15587279,A,32805,"PM60C ",AA
15587280,A,32806,"PM60C ",AA
15587281,A,33384,"PM60C ",AA
15587282,A,33391,"PM60C ",AA
15587283,A,33395,"PM60C ",AA
15587284,A,33396,"PM60C ",AA
15587285,A,33404,"PM60D ",AA
15587286,A,33406,"PM60C ",AA
15587287,A,33418,"PM60D ",AA
15587288,A,33971,"PM60C ",AA
15587289,A,33987,"PM60D ",AA
15587290,A,33988,"PM60F ",AA
15587291,A,21196,"48PMA ",AA
15587292,A,33989,"PM60C ",AA
15587293,A,33994,"PM60C ",AA
15587294,A,34571,"PM60C ",AA
15587295,A,34572,"PM60C ",AA
15587296,A,34596,"PM60C ",AA
15587297,A,34598,"PM60C ",AA
15587298,A,34604,"PM60C ",AA
15587299,A,34605,"PM60C ",AA
15587300,A,35186,"PM60C ",AA
15587301,A,35187,"PM60C ",AA
15587302,A,35188,"PM60C ",AA
15587303,A,35189,"PM60C ",AA
15587304,A,35190,"PM60C ",AA
15587305,A,35191,"PM60C ",AA
15587306,A,35192,"PM60C ",AA
15587307,A,35193,"PM60C ",AA
15587308,A,35194,"PM60C ",AA
15587309,A,35195,"PM60C ",AA
15587310,A,35196,"PM60C ",AA
15587311,A,35197,"PM60C ",AA
15587312,A,35198,"PM60C ",AA
15587313,A,35199,"PM60C ",AA
15587314,A,35200,"PM60C ",AA
15587315,A,35201,"PM60C ",AA
15587316,A,35211,"PM60C ",AA
15587317,A,35212,"PM60C ",AA
15587318,A,35213,"PM60C ",AA
15587319,A,35214,"PM60C ",AA
15587320,A,35215,"PM60C ",AA
15587321,A,88775,"PM60C ",AA
15587322,A,88788,"PM60C ",AA
15587323,A,88793,"PM60C ",AA
15587324,A,88797,"PM60E ",AA
15587325,A,89225,"PM60C ",AA
15587326,A,89226,"PM60D ",AA
15587327,A,89236,"PM60D ",AA
15587328,A,89237,"PM60C ",AA
15587329,A,89242,"PM60C ",AA
15587330,A,93229,"PM60C ",AA
15587331,A,93231,"PM60C ",AA
15587332,A,93235,"PM60E ",AA
15587333,A,93541,"PM60C ",AA
15587334,A,93543,"PM60C ",AA
15587335,A,93544,"PM60C ",AA
15587336,A,93546,"PM60C ",AA
15587337,A,93548,"PM60C ",AA
15587338,A,93549,"PM60C ",AA
15587339,A,93550,"PM60D ",AA
15587340,A,93553,"PM60C ",AA
15587341,A,93554,"PM60C ",AA
15587342,A,93555,"PM60C ",AA
15587343,A,93561,"PM60C ",AA
15587344,A,93564,"PM60C ",AA
15587345,A,93565,"PM60C ",AA
15587346,A,19492,"48PMA ",AA
15587347,A,19824,"48PMA ",AA
15587348,A,31561,"PM60C ",AA
15587349,A,31570,"PM60G ",AA
15587350,A,31886,"PM60C ",AA
15587351,A,31893,"PM60C ",AA
15587352,A,31894,"PM60C ",AA
15587353,A,20608,"48PMN ",AA
15587354,A,32351,"PM60C ",AA
15587355,A,32356,"PM60C ",AA
15587356,A,32869,"PM60C ",AA
15587357,A,33427,"PM60C ",AA
15587358,A,33436,"PM60C ",AA
15587359,A,33445,"PM60C ",AA
15587360,A,34002,"PM60C ",AA
15587361,A,34003,"PM60G ",AA
15587362,A,34012,"PM60C ",AA
15587363,A,34013,"PM60C ",AA
15587364,A,34016,"PM60C ",AA
15587365,A,34017,"PM60D ",AA
15587366,A,34020,"PM60D ",AA
15587367,A,34022,"PM60C ",AA
15587368,A,34023,"PM60C ",AA
15587369,A,34025,"PM60C ",AA
15587370,A,34611,"PM60C ",AA
15587371,A,34613,"PM60C ",AA
15587372,A,34615,"PM60C ",AA
15587373,A,34624,"PM60C ",AA
15587374,A,34628,"PM60C ",AA
15587375,A,34630,"PM60C ",AA
15587376,A,34631,"PM60C ",AA
15587377,A,34634,"PM60D ",AA
15587378,A,34635,"PM60C ",AA
15587379,A,34640,"PM60C ",AA
15587380,A,35232,"PM60C ",AA
15587381,A,35233,"PM60C ",AA
15587382,A,35245,"PM60C ",AA
15587383,A,35246,"PM60C ",AA
15587384,A,35253,"PM60C ",AA
15587385,A,35254,"PM60C ",AA
15587386,A,35255,"PM60C ",AA
15587387,A,35256,"PM60C ",AA
15587388,A,35257,"PM60C ",AA
15587389,A,35258,"PM60C ",AA
15587390,A,35274,"PM60C ",AA
15587391,A,35275,"PM60C ",AA
15587392,A,35277,"PM60C ",AA
15587393,A,89258,"PM60D ",AA
15587394,A,89262,"PM60C ",AA
15587395,A,89265,"PM60C ",AA
15587396,A,89266,"PM60C ",AA
15587397,A,89272,"PM60D ",AA
15587398,A,89274,"PM60C ",AA
15587399,A,93254,"PM60D ",AA
15587400,A,93257,"PM60C ",AA
15587401,A,93258,"PM60C ",AA
15587402,A,93259,"PM60C ",AA
15587403,A,93260,"PM60C ",AA
15587404,A,93261,"PM60C ",AA
15587405,A,93264,"PM60D ",AA
15587406,A,93568,"PM60C ",AA
15587407,A,93573,"PM60C ",AA
15587408,A,93574,"PM60C ",AA
15587409,A,93577,"PM60D ",AA
15587410,A,93579,"PM60C ",AA
15587411,A,93582,"PM60C ",AA
15587412,A,93584,"PM60C ",AA
15587413,A,93586,"PM60C ",AA
15587414,A,93588,"PM60C ",AA
15587415,A,93590,"PM60D ",AA
15587416,A,93591,"PM60C ",AA
15587417,A,93595,"PM60C ",AA
15587418,A,93600,"PM60F ",AA
15587419,A,93601,"PM60C ",AA
15587420,A,31156,"PM60E ",AA
15587421,A,31571,"PM60C ",AA
15587422,A,19838,"48PMF ",AA
15587423,A,31581,"PM60D ",AA
15587424,A,31588,"PM60D ",AA
15587425,A,31917,"PM60D ",AA
15587426,A,31923,"PM60C ",AA
15587427,A,31924,"PM60C ",AA
15587428,A,32360,"PM60C ",AA
15587429,A,32363,"PM60C ",AA
15587430,A,32364,"PM60C ",AA
15587431,A,32367,"PM60C ",AA
15587432,A,32368,"PM60C ",AA
15587433,A,32370,"PM60D ",AA
15587434,A,32373,"PM60C ",AA
15587435,A,32374,"PM60C ",AA
15587436,A,32375,"PM60C ",AA
15587437,A,32377,"PM60C ",AA
15587438,A,32384,"PM60C ",AA
15587439,A,32388,"PM60C ",AA
15587440,A,32391,"PM60C ",AA
15587441,A,32392,"PM60C ",AA
15587442,A,32875,"PM60C ",AA
15587443,A,32877,"PM60C ",AA
15587444,A,20880,"48PMA ",AA
15587445,A,32883,"PM60C ",AA
15587446,A,32888,"PM60C ",AA
15587447,A,32889,"PM60C ",AA
15587448,A,32895,"PM60C ",AA
15587449,A,32896,"PM60C ",AA
15587450,A,32897,"PM60C ",AA
15587451,A,33462,"PM60C ",AA
15587452,A,33465,"PM60C ",AA
15587453,A,33466,"PM60C ",AA
15587454,A,33473,"PM60C ",AA
15587455,A,33476,"PM60C ",AA
15587456,A,33479,"PM60D ",AA
15587457,A,21063,"48PMA ",AA
15587458,A,33487,"PM60C ",AA
15587459,A,33489,"PM60C ",AA
15587460,A,21065,"48PMA ",AA
15587461,A,33494,"PM60C ",AA
15587462,A,33499,"PM60C ",AA
15587463,A,34037,"PM60C ",AA
15587464,A,34050,"PM60C ",AA
15587465,A,34053,"PM60C ",AA
15587466,A,34057,"PM60G ",AA
15587467,A,34058,"PM60C ",AA
15587468,A,34059,"PM60C ",AA
15587469,A,34060,"PM60C ",AA
15587470,A,34061,"PM60C ",AA
15587471,A,34648,"PM60C ",AA
15587472,A,34653,"PM60C ",AA
15587473,A,34654,"PM60C ",AA
15587474,A,34656,"PM60C ",AA
15587475,A,34659,"PM60C ",AA
15587476,A,34663,"PM60C ",AA
15587477,A,34664,"PM60C ",AA
15587478,A,34666,"PM60C ",AA
15587479,A,34672,"PM60C ",AA
15587480,A,35282,"PM60C ",AA
15587481,A,35283,"PM60C ",AA
15587482,A,35290,"PM60C ",AA
15587483,A,35291,"PM60C ",AA
15587484,A,35301,"PM60C ",AA
15587485,A,35306,"PM60C ",AA
15587486,A,35307,"PM60C ",AA
15587487,A,35308,"PM60C ",AA
15587488,A,35309,"PM60C ",AA
15587489,A,35319,"PM60C ",AA
15587490,A,35320,"PM60C ",AA
15587491,A,88807,"PM60C ",AA
15587492,A,89280,"PM60C ",AA
15587493,A,89281,"PM60C ",AA
15587494,A,61105,"48PMF ",AA
15587495,A,93276,"PM60C ",AA
15587496,A,93279,"PM60C ",AA
15587497,A,93282,"PM60E ",AA
15587498,A,93283,"PM60C ",AA
15587499,A,93607,"PM60C ",AA
15587500,A,93611,"PM60D ",AA
15587501,A,93614,"PM60C ",AA
15587502,A,93617,"PM60C ",AA
15587503,A,93621,"PM60C ",AA
15587504,A,93622,"PM60C ",AA
15587505,A,93628,"PM60C ",AA
15587506,A,93629,"PM60C ",AA
15587507,A,31173,"PM60C ",AA
15587508,A,31174,"PM60C ",AA
15587509,A,31189,"PM60D ",AA
15587510,A,31592,"PM60D ",AA
15587511,A,31595,"PM60C ",AA
15587512,A,31597,"PM60C ",AA
15587513,A,31600,"PM60D ",AA
15587514,A,31604,"PM60D ",AA
15587515,A,31605,"PM60C ",AA
15587516,A,31929,"PM60D ",AA
15587517,A,31930,"PM60D ",AA
15587518,A,31937,"PM60C ",AA
15587519,A,31940,"PM60C ",AA
15587520,A,20308,"48PMA ",AA
15587521,A,31945,"PM60C ",AA
15587522,A,31947,"PM60C ",AA
15587523,A,31951,"PM60C ",AA
15587524,A,31957,"PM60C ",AA
15587525,A,32397,"PM60C ",AA
15587526,A,32398,"PM60C ",AA
15587527,A,32402,"PM60C ",AA
15587528,A,32404,"PM60C ",AA
15587529,A,32408,"PM60C ",AA
15587530,A,32410,"PM60C ",AA
15587531,A,32412,"PM60C ",AA
15587532,A,32417,"PM60C ",AA
15587533,A,32425,"PM60C ",AA
15587534,A,32906,"PM60C ",AA
15587535,A,32907,"PM60C ",AA
15587536,A,32917,"PM60C ",AA
15587537,A,32923,"PM60C ",AA
15587538,A,32927,"PM60C ",AA
15587539,A,32930,"PM60C ",AA
15587540,A,32938,"PM60C ",AA
15587541,A,32940,"PM60C ",AA
15587542,A,32941,"PM60C ",AA
15587543,A,33502,"PM60C ",AA
15587544,A,33505,"PM60C ",AA
15587545,A,33506,"PM60C ",AA
15587546,A,33511,"PM60C ",AA
15587547,A,33516,"PM60D ",AA
15587548,A,33523,"PM60C ",AA
15587549,A,33528,"PM60C ",AA
15587550,A,33531,"PM60C ",AA
15587551,A,34081,"PM60C ",AA
15587552,A,34084,"PM60C ",AA
15587553,A,34088,"PM60C ",AA
15587554,A,34090,"PM60C ",AA
15587555,A,34093,"PM60C ",AA
15587556,A,34097,"PM60C ",AA
15587557,A,34101,"PM60C ",AA
15587558,A,34102,"PM60E ",AA
15587559,A,34104,"PM60C ",AA
15587560,A,34106,"PM60C ",AA
15587561,A,34108,"PM60C ",AA
15587562,A,34112,"PM60F ",AA
15587563,A,34683,"PM60C ",AA
15587564,A,34692,"PM60C ",AA
15587565,A,34694,"PM60C ",AA
15587566,A,34696,"PM60C ",AA
15587567,A,34699,"PM60C ",AA
15587568,A,34700,"PM60C ",AA
15587569,A,34704,"PM60C ",AA
15587570,A,34706,"PM60C ",AA
15587571,A,34710,"PM60C ",AA
15587572,A,34717,"PM60C ",AA
15587573,A,34720,"PM60C ",AA
15587574,A,34721,"PM60C ",AA
15587575,A,35341,"PM60C ",AA
15587576,A,35342,"PM60C ",AA
15587577,A,35343,"PM60C ",AA
15587578,A,35344,"PM60C ",AA
15587579,A,35345,"PM60C ",AA
15587580,A,35350,"PM60C ",AA
15587581,A,35351,"PM60C ",AA
15587582,A,35352,"PM60C ",AA
15587583,A,35353,"PM60C ",AA
15587584,A,35354,"PM60C ",AA
15587585,A,35355,"PM60C ",AA
15587586,A,35358,"PM60C ",AA
15587587,A,35359,"PM60C ",AA
15587588,A,35360,"PM60C ",AA
15587589,A,35361,"PM60C ",AA
15587590,A,35362,"PM60C ",AA
15587591,A,35363,"PM60C ",AA
15587592,A,88808,"PM60C ",AA
15587593,A,88811,"PM60C ",AA
15587594,A,88812,"PM60C ",AA
15587595,A,88820,"PM60C ",AA
15587596,A,88821,"PM60C ",AA
15587597,A,88824,"PM60C ",AA
15587598,A,89306,"PM60C ",AA
15587599,A,89313,"PM60C ",AA
15587600,A,89319,"PM60C ",AA
15587601,A,89320,"PM60C ",AA