_CustomObjectKey,CODIGO_PEDIDO
2,0000099782 - Venda Ativa
3,0000099770 - Venda Ativa
4,0000099769 - Venda Ativa
5,0000099783 - Venda Ativa
6,0000099771 - Venda Ativa
7,0000099772 - Venda Ativa
8,0000099784 - Venda Ativa
9,0000099781 - Venda Ativa
10,0000099767 - Venda Ativa
11,0000099768 - Venda Ativa
12,0000099780 - Venda Ativa
13,0000099766 - Venda Ativa
14,0000099758 - Venda Ativa
15,0000099757 - Venda Ativa
16,0000099764 - Venda Ativa
17,0000099763 - Venda Ativa
18,0000099777 - Venda Ativa
19,0000099755 - Venda Ativa
20,0000099776 - Venda Ativa
21,0000099754 - Venda Ativa
22,0000099765 - Venda Ativa
23,0000099778 - Venda Ativa
24,0000099756 - Venda Ativa
25,0000099779 - Venda Ativa
26,0000099791 - Venda Ativa
27,0000099793 - Venda Ativa
28,0000099792 - Venda Ativa
29,0000099789 - Venda Ativa
30,0000099788 - Venda Ativa
31,0000099790 - Venda Ativa
32,0000099775 - Venda Ativa
33,0000099773 - Venda Ativa
34,0000099786 - Venda Ativa
35,0000099785 - Venda Ativa
36,0000099774 - Venda Ativa
37,0000099787 - Venda Ativa
38,0000099738 - Venda Ativa
39,0000099725 - Venda Ativa
40,0000099740 - Venda Ativa
41,0000099739 - Venda Ativa
42,0000099750 - Venda Ativa
43,0000099753 - Venda Ativa
44,0000099742 - Venda Ativa
45,0000099752 - Venda Ativa
46,0000099741 - Venda Ativa
47,0000099737 - Venda Ativa
48,0000099736 - Venda Ativa
49,0000099724 - Venda Ativa
50,0000099735 - Venda Ativa
51,0000099711 - Venda Ativa
52,0000099722 - Venda Ativa
53,0000099712 - Venda Ativa
54,0000099723 - Venda Ativa
55,0000099720 - Venda Ativa
56,0000099734 - Venda Ativa
57,0000099721 - Venda Ativa
58,0000099748 - Venda Ativa
59,0000099747 - Venda Ativa
60,0000099762 - Venda Ativa
61,0000099749 - Venda Ativa
62,0000099761 - Venda Ativa
63,0000099745 - Venda Ativa
64,0000099744 - Venda Ativa
65,0000099731 - Venda Ativa
66,0000099760 - Venda Ativa
67,0000099730 - Venda Ativa
68,0000099746 - Venda Ativa
69,0000099733 - Venda Ativa
70,0000099732 - Venda Ativa
71,0000099726 - Venda Ativa
72,0000099743 - Venda Ativa
73,0000099727 - Venda Ativa
74,0000099759 - Venda Ativa
75,0000099729 - Venda Ativa
76,0000099728 - Venda Ativa
77,0000099719 - Venda Ativa
78,0000099718 - Venda Ativa
79,0000099717 - Venda Ativa
80,0000099714 - Venda Ativa
81,0000099716 - Venda Ativa
82,0000099715 - Venda Ativa
83,0000099713 - Venda Ativa
84,0000100074 - Venda Ativa
85,0000100073 - Venda Ativa
86,0000099794 - Venda Ativa
87,0000099795 - Venda Ativa
88,0000098928 - Venda Ativa
89,0000098819 - Venda Ativa
90,0000098815 - Venda Ativa
91,0000098824 - Venda Ativa
92,0000098813 - Venda Ativa
93,0000098817 - Venda Ativa
94,0000098918 - Venda Ativa
95,0000098808 - Venda Ativa
96,0000098910 - Venda Ativa
97,0000098908 - Venda Ativa
98,0000099045 - Venda Ativa
99,0000098864 - Venda Ativa
100,0000098850 - Venda Ativa
101,0000098849 - Venda Ativa
102,0000098839 - Venda Ativa
103,0000098841 - Venda Ativa
104,0000098838 - Venda Ativa
105,0000098943 - Venda Ativa
106,0000098833 - Venda Ativa
107,0000098942 - Venda Ativa
108,0000098934 - Venda Ativa
109,0000099226 - Venda Ativa
110,0000099232 - Venda Ativa
111,0000099238 - Venda Ativa
112,0000099237 - Venda Ativa
113,0000099225 - Venda Ativa
114,0000099231 - Venda Ativa
115,0000099234 - Venda Ativa
116,0000099223 - Venda Ativa
117,0000099224 - Venda Ativa
118,0000099244 - Venda Ativa
119,0000099240 - Venda Ativa
120,0000099230 - Venda Ativa
121,0000099236 - Venda Ativa
122,0000099229 - Venda Ativa
123,0000099239 - Venda Ativa
124,0000099227 - Venda Ativa
125,0000099235 - Venda Ativa
126,0000099228 - Venda Ativa
127,0000099233 - Venda Ativa
128,0000099221 - Venda Ativa
129,0000099222 - Venda Ativa
130,0000099077 - Venda Ativa
131,0000099220 - Venda Ativa
132,0000099195 - Venda Ativa
133,0000099162 - Venda Ativa
134,0000099161 - Venda Ativa
135,0000099194 - Venda Ativa
136,0000099197 - Venda Ativa
137,0000099164 - Venda Ativa
138,0000099196 - Venda Ativa
139,0000099163 - Venda Ativa
140,0000099199 - Venda Ativa
141,0000099166 - Venda Ativa
142,0000099198 - Venda Ativa
143,0000099165 - Venda Ativa
144,0000099201 - Venda Ativa
145,0000099200 - Venda Ativa
146,0000099167 - Venda Ativa
147,0000099155 - Venda Ativa
148,0000099187 - Venda Ativa
149,0000099154 - Venda Ativa
150,0000099186 - Venda Ativa
151,0000099157 - Venda Ativa
152,0000099189 - Venda Ativa
153,0000099156 - Venda Ativa
154,0000099188 - Venda Ativa
155,0000099191 - Venda Ativa
156,0000099158 - Venda Ativa
157,0000099190 - Venda Ativa
158,0000099160 - Venda Ativa
159,0000099193 - Venda Ativa
160,0000099159 - Venda Ativa
161,0000099192 - Venda Ativa
162,0000099118 - Venda Ativa
163,0000099152 - Venda Ativa
164,0000099153 - Venda Ativa
165,0000099185 - Venda Ativa
166,0000099184 - Venda Ativa
167,0000099178 - Venda Ativa
168,0000099145 - Venda Ativa
169,0000099177 - Venda Ativa
170,0000099144 - Venda Ativa
171,0000099180 - Venda Ativa
172,0000099117 - Venda Ativa
173,0000099147 - Venda Ativa
174,0000099179 - Venda Ativa
175,0000099146 - Venda Ativa
176,0000099182 - Venda Ativa
177,0000099149 - Venda Ativa
178,0000099181 - Venda Ativa
179,0000099148 - Venda Ativa
180,0000099151 - Venda Ativa
181,0000099183 - Venda Ativa
182,0000099150 - Venda Ativa
183,0000099076 - Venda Ativa
184,0000099218 - Venda Ativa
185,0000099219 - Venda Ativa
186,0000099213 - Venda Ativa
187,0000099212 - Venda Ativa
188,0000099215 - Venda Ativa
189,0000099214 - Venda Ativa
190,0000099217 - Venda Ativa
191,0000099216 - Venda Ativa
192,0000099173 - Venda Ativa
193,0000099211 - Venda Ativa
194,0000099210 - Venda Ativa
195,0000099203 - Venda Ativa
196,0000099202 - Venda Ativa
197,0000099168 - Venda Ativa
198,0000098891 - Venda Ativa
199,0000099205 - Venda Ativa
200,0000099204 - Venda Ativa
201,0000099170 - Venda Ativa
202,0000099207 - Venda Ativa
203,0000099169 - Venda Ativa
204,0000099206 - Venda Ativa
205,0000099172 - Venda Ativa
206,0000099209 - Venda Ativa
207,0000099171 - Venda Ativa
208,0000099208 - Venda Ativa
209,0000099108 - Venda Ativa
210,0000099107 - Venda Ativa
211,0000099110 - Venda Ativa
212,0000099109 - Venda Ativa
213,0000099111 - Venda Ativa
214,0000099102 - Venda Ativa
215,0000099103 - Venda Ativa
216,0000099106 - Venda Ativa
217,0000099105 - Venda Ativa
218,0000099137 - Venda Ativa
219,0000099115 - Venda Ativa
220,0000099136 - Venda Ativa
221,0000099139 - Venda Ativa
222,0000099138 - Venda Ativa
223,0000099127 - Venda Ativa
224,0000099174 - Venda Ativa
225,0000099141 - Venda Ativa
226,0000099140 - Venda Ativa
227,0000099176 - Venda Ativa
228,0000099143 - Venda Ativa
229,0000099175 - Venda Ativa
230,0000099116 - Venda Ativa
231,0000099142 - Venda Ativa
232,0000099129 - Venda Ativa
233,0000099128 - Venda Ativa
234,0000099131 - Venda Ativa
235,0000099130 - Venda Ativa
236,0000099133 - Venda Ativa
237,0000099114 - Venda Ativa
238,0000099132 - Venda Ativa
239,0000099135 - Venda Ativa
240,0000099134 - Venda Ativa
241,0000098883 - Venda Ativa
242,0000099113 - Venda Ativa
243,0000099126 - Venda Ativa
244,0000099119 - Venda Ativa
245,0000099121 - Venda Ativa
246,0000099066 - Venda Ativa
247,0000099120 - Venda Ativa
248,0000099123 - Venda Ativa
249,0000099112 - Venda Ativa
250,0000099122 - Venda Ativa
251,0000099125 - Venda Ativa
252,0000099124 - Venda Ativa
253,0000099063 - Venda Ativa
254,0000098877 - Venda Ativa
255,0000098873 - Venda Ativa
256,0000099060 - Venda Ativa
257,0000098871 - Venda Ativa
258,0000099268 - Venda Ativa
259,0000099266 - Venda Ativa
260,0000099274 - Venda Ativa
261,0000099267 - Venda Ativa
262,0000099275 - Venda Ativa
263,0000099272 - Venda Ativa
264,0000099264 - Venda Ativa
265,0000099273 - Venda Ativa
266,0000099265 - Venda Ativa
267,0000099271 - Venda Ativa
268,0000099263 - Venda Ativa
269,0000099087 - Venda Ativa
270,0000099278 - Venda Ativa
271,0000099086 - Venda Ativa
272,0000099276 - Venda Ativa
273,0000099277 - Venda Ativa
274,0000099262 - Venda Ativa
275,0000099243 - Venda Ativa
276,0000099249 - Venda Ativa
277,0000099255 - Venda Ativa
278,0000099082 - Venda Ativa
279,0000099256 - Venda Ativa
280,0000099247 - Venda Ativa
281,0000099242 - Venda Ativa
282,0000099081 - Venda Ativa
283,0000099248 - Venda Ativa
284,0000099246 - Venda Ativa
285,0000099245 - Venda Ativa
286,0000099241 - Venda Ativa
287,0000099261 - Venda Ativa
288,0000099254 - Venda Ativa
289,0000099259 - Venda Ativa
290,0000099252 - Venda Ativa
291,0000099269 - Venda Ativa
292,0000099260 - Venda Ativa
293,0000099253 - Venda Ativa
294,0000099270 - Venda Ativa
295,0000099250 - Venda Ativa
296,0000099258 - Venda Ativa
297,0000099251 - Venda Ativa
298,0000099257 - Venda Ativa
299,0000099613 - Venda Ativa
300,0000099608 - Venda Ativa
301,0000099605 - Venda Ativa
302,0000099599 - Venda Ativa
303,0000099471 - Venda Ativa
304,0000099476 - Venda Ativa
305,0000099459 - Venda Ativa
306,0000099811 - Venda Ativa
307,0000099800 - Venda Ativa
308,0000099801 - Venda Ativa
309,0000099799 - Venda Ativa
310,0000099798 - Venda Ativa
311,0000099803 - Venda Ativa
312,0000099797 - Venda Ativa
313,0000099840 - Venda Ativa
314,0000099663 - Venda Ativa
315,0000099667 - Venda Ativa
316,0000099657 - Venda Ativa
317,0000099642 - Venda Ativa
318,0000099643 - Venda Ativa
319,0000099633 - Venda Ativa
320,0000099635 - Venda Ativa
321,0000099618 - Venda Ativa
322,0000099629 - Venda Ativa
323,0000099537 - Venda Ativa
324,0000099538 - Venda Ativa
325,0000099529 - Venda Ativa
326,0000099527 - Venda Ativa
327,0000099524 - Venda Ativa
328,0000099696 - Venda Ativa
329,0000099579 - Venda Ativa
330,0000099573 - Venda Ativa
331,0000099576 - Venda Ativa
332,0000099570 - Venda Ativa
333,0000099569 - Venda Ativa
334,0000099571 - Venda Ativa
335,0000099564 - Venda Ativa
336,0000099560 - Venda Ativa
337,0000099558 - Venda Ativa
338,0000099563 - Venda Ativa
339,0000099568 - Venda Ativa
340,0000099550 - Venda Ativa
341,0000099556 - Venda Ativa
342,0000099903 - Venda Ativa
343,0000099909 - Venda Ativa
344,0000099902 - Venda Ativa
345,0000099910 - Venda Ativa
346,0000099900 - Venda Ativa
347,0000099901 - Venda Ativa
348,0000099899 - Venda Ativa
349,0000100076 - Venda Ativa
350,0000100075 - Venda Ativa
351,0000100077 - Venda Ativa
352,0000099893 - Venda Ativa
353,0000099882 - Venda Ativa
354,0000099884 - Venda Ativa
355,0000099883 - Venda Ativa
356,0000099894 - Venda Ativa
357,0000099880 - Venda Ativa
358,0000099892 - Venda Ativa
359,0000099881 - Venda Ativa
360,0000099878 - Venda Ativa
361,0000099890 - Venda Ativa
362,0000099879 - Venda Ativa
363,0000099891 - Venda Ativa
364,0000099877 - Venda Ativa
365,0000099898 - Venda Ativa
366,0000099896 - Venda Ativa
367,0000099897 - Venda Ativa
368,0000099885 - Venda Ativa
369,0000099865 - Venda Ativa
370,0000099842 - Venda Ativa
371,0000099857 - Venda Ativa
372,0000099870 - Venda Ativa
373,0000099866 - Venda Ativa
374,0000099843 - Venda Ativa
375,0000099858 - Venda Ativa
376,0000099871 - Venda Ativa
377,0000099854 - Venda Ativa
378,0000099839 - Venda Ativa
379,0000099855 - Venda Ativa
380,0000099864 - Venda Ativa
381,0000099841 - Venda Ativa
382,0000099856 - Venda Ativa
383,0000099851 - Venda Ativa
384,0000099852 - Venda Ativa
385,0000099836 - Venda Ativa
386,0000099853 - Venda Ativa
387,0000099838 - Venda Ativa
388,0000099837 - Venda Ativa
389,0000099850 - Venda Ativa
390,0000099887 - Venda Ativa
391,0000099862 - Venda Ativa
392,0000099888 - Venda Ativa
393,0000099876 - Venda Ativa
394,0000099875 - Venda Ativa
395,0000099863 - Venda Ativa
396,0000099889 - Venda Ativa
397,0000099867 - Venda Ativa
398,0000099873 - Venda Ativa
399,0000099872 - Venda Ativa
400,0000099886 - Venda Ativa
401,0000099861 - Venda Ativa
402,0000099868 - Venda Ativa
403,0000099859 - Venda Ativa
404,0000099869 - Venda Ativa
405,0000099860 - Venda Ativa
406,0000099844 - Venda Ativa
407,0000099895 - Venda Ativa
408,0000099826 - Venda Ativa
409,0000099827 - Venda Ativa
410,0000099834 - Venda Ativa
411,0000099833 - Venda Ativa
412,0000099846 - Venda Ativa
413,0000099845 - Venda Ativa
414,0000099848 - Venda Ativa
415,0000099835 - Venda Ativa
416,0000099847 - Venda Ativa
417,0000099849 - Venda Ativa
418,0000099831 - Venda Ativa
419,0000099832 - Venda Ativa
420,0000099828 - Venda Ativa
421,0000099830 - Venda Ativa
422,0000099824 - Venda Ativa
423,0000099825 - Venda Ativa
424,0000099687 - Venda Ativa
425,0000099686 - Venda Ativa
426,0000099806 - Venda Ativa
427,0000099815 - Venda Ativa
428,0000099829 - Venda Ativa
429,0000099816 - Venda Ativa
430,0000099807 - Venda Ativa
431,0000099813 - Venda Ativa
432,0000099805 - Venda Ativa
433,0000099814 - Venda Ativa
434,0000099804 - Venda Ativa
435,0000099796 - Venda Ativa
436,0000099810 - Venda Ativa
437,0000099675 - Venda Ativa
438,0000099802 - Venda Ativa
439,0000099812 - Venda Ativa
440,0000099822 - Venda Ativa
441,0000099823 - Venda Ativa
442,0000099819 - Venda Ativa
443,0000099820 - Venda Ativa
444,0000099821 - Venda Ativa
445,0000099809 - Venda Ativa
446,0000099817 - Venda Ativa
447,0000099808 - Venda Ativa
448,0000099818 - Venda Ativa
449,0000099950 - Venda Ativa
450,0000099956 - Venda Ativa
451,0000099949 - Venda Ativa
452,0000099947 - Venda Ativa
453,0000099955 - Venda Ativa
454,0000099948 - Venda Ativa
455,0000099946 - Venda Ativa
456,0000099961 - Venda Ativa
457,0000099954 - Venda Ativa
458,0000099952 - Venda Ativa
459,0000099960 - Venda Ativa
460,0000099953 - Venda Ativa
461,0000099957 - Venda Ativa
462,0000099958 - Venda Ativa
463,0000099951 - Venda Ativa
464,0000099959 - Venda Ativa
465,0000099939 - Venda Ativa
466,0000099932 - Venda Ativa
467,0000099940 - Venda Ativa
468,0000099933 - Venda Ativa
469,0000099945 - Venda Ativa
470,0000099930 - Venda Ativa
471,0000099938 - Venda Ativa
472,0000099936 - Venda Ativa
473,0000099929 - Venda Ativa
474,0000099937 - Venda Ativa
475,0000099943 - Venda Ativa
476,0000099944 - Venda Ativa
477,0000099941 - Venda Ativa
478,0000099942 - Venda Ativa
479,0000099908 - Venda Ativa
480,0000099923 - Venda Ativa
481,0000099915 - Venda Ativa
482,0000099922 - Venda Ativa
483,0000099907 - Venda Ativa
484,0000099916 - Venda Ativa
485,0000099905 - Venda Ativa
486,0000099914 - Venda Ativa
487,0000099913 - Venda Ativa
488,0000099906 - Venda Ativa
489,0000099911 - Venda Ativa
490,0000099904 - Venda Ativa
491,0000099912 - Venda Ativa
492,0000099928 - Venda Ativa
493,0000099920 - Venda Ativa
494,0000099934 - Venda Ativa
495,0000099927 - Venda Ativa
496,0000099921 - Venda Ativa
497,0000099935 - Venda Ativa
498,0000099925 - Venda Ativa
499,0000099919 - Venda Ativa
500,0000099926 - Venda Ativa
501,0000099917 - Venda Ativa
502,0000099924 - Venda Ativa
503,0000099918 - Venda Ativa
504,0000100388 - Venda Ativa
505,0000100389 - Venda Ativa
506,0000100382 - Venda Ativa
507,0000100381 - Venda Ativa
508,0000100408 - Venda Ativa
509,0000100383 - Venda Ativa
510,0000100410 - Venda Ativa
511,0000100385 - Venda Ativa
512,0000100409 - Venda Ativa
513,0000100384 - Venda Ativa
514,0000100387 - Venda Ativa
515,0000100386 - Venda Ativa
516,0000100380 - Venda Ativa
517,0000100379 - Venda Ativa
518,0000100446 - Venda Ativa
519,0000100423 - Venda Ativa
520,0000100448 - Venda Ativa
521,0000100422 - Venda Ativa
522,0000100447 - Venda Ativa
523,0000100441 - Venda Ativa
524,0000100398 - Venda Ativa
525,0000100440 - Venda Ativa
526,0000100397 - Venda Ativa
527,0000100418 - Venda Ativa
528,0000100443 - Venda Ativa
529,0000100400 - Venda Ativa
530,0000100442 - Venda Ativa
531,0000100399 - Venda Ativa
532,0000100419 - Venda Ativa
533,0000100402 - Venda Ativa
534,0000100445 - Venda Ativa
535,0000100444 - Venda Ativa
536,0000100401 - Venda Ativa
537,0000100421 - Venda Ativa
538,0000100420 - Venda Ativa
539,0000100395 - Venda Ativa
540,0000100394 - Venda Ativa
541,0000100413 - Venda Ativa
542,0000100437 - Venda Ativa
543,0000100415 - Venda Ativa
544,0000100436 - Venda Ativa
545,0000100414 - Venda Ativa
546,0000100417 - Venda Ativa
547,0000100439 - Venda Ativa
548,0000100396 - Venda Ativa
549,0000100438 - Venda Ativa
550,0000100416 - Venda Ativa
551,0000100390 - Venda Ativa
552,0000100391 - Venda Ativa
553,0000100412 - Venda Ativa
554,0000100393 - Venda Ativa
555,0000100411 - Venda Ativa
556,0000100392 - Venda Ativa
557,0000100405 - Venda Ativa
558,0000100404 - Venda Ativa
559,0000100407 - Venda Ativa
560,0000100406 - Venda Ativa
561,0000100466 - Venda Ativa
562,0000100429 - Venda Ativa
563,0000100462 - Venda Ativa
564,0000100461 - Venda Ativa
565,0000100431 - Venda Ativa
566,0000100464 - Venda Ativa
567,0000100430 - Venda Ativa
568,0000100463 - Venda Ativa
569,0000100433 - Venda Ativa
570,0000100432 - Venda Ativa
571,0000100435 - Venda Ativa
572,0000100434 - Venda Ativa
573,0000100458 - Venda Ativa
574,0000100457 - Venda Ativa
575,0000100460 - Venda Ativa
576,0000100459 - Venda Ativa
577,0000100425 - Venda Ativa
578,0000100450 - Venda Ativa
579,0000100424 - Venda Ativa
580,0000100449 - Venda Ativa
581,0000100452 - Venda Ativa
582,0000100451 - Venda Ativa
583,0000100454 - Venda Ativa
584,0000100453 - Venda Ativa
585,0000100427 - Venda Ativa
586,0000100455 - Venda Ativa
587,0000100468 - Venda Ativa
588,0000100467 - Venda Ativa
589,0000100469 - Venda Ativa
590,0000099502 - Venda Ativa
591,0000099507 - Venda Ativa
592,0000099505 - Venda Ativa
593,0000099506 - Venda Ativa
594,0000099495 - Venda Ativa
595,0000099496 - Venda Ativa
596,0000099491 - Venda Ativa
597,0000099486 - Venda Ativa
598,0000099489 - Venda Ativa
599,0000097205 - Venda Ativa
600,0000100041 - Venda Ativa
601,0000097121 - Venda Ativa
602,0000099751 - Venda Ativa
603,0000100032 - Venda Ativa
604,0000096993 - Venda Ativa
605,0000096992 - Venda Ativa
606,0000096988 - Venda Ativa
607,0000096978 - Venda Ativa
608,0000096973 - Venda Ativa
609,0000097003 - Venda Ativa
610,0000097002 - Venda Ativa
611,0000096963 - Venda Ativa
612,0000096958 - Venda Ativa
613,0000096931 - Venda Ativa
614,0000096949 - Venda Ativa
615,0000096950 - Venda Ativa
616,0000096953 - Venda Ativa
617,0000096952 - Venda Ativa
618,0000096939 - Venda Ativa
619,0000096945 - Venda Ativa
620,0000096944 - Venda Ativa
621,0000096925 - Venda Ativa
622,0000096924 - Venda Ativa
623,0000097052 - Venda Ativa
624,0000097050 - Venda Ativa
625,0000097005 - Venda Ativa
626,0000100192 - Venda Ativa
627,0000100186 - Venda Ativa
628,0000100184 - Venda Ativa
629,0000100195 - Venda Ativa
630,0000100172 - Venda Ativa
631,0000100169 - Venda Ativa
632,0000100164 - Venda Ativa
633,0000100001 - Venda Ativa
634,0000100158 - Venda Ativa
635,0000100152 - Venda Ativa
636,0000100086 - Venda Ativa
637,0000100087 - Venda Ativa
638,0000100062 - Venda Ativa
639,0000100048 - Venda Ativa
640,0000100049 - Venda Ativa
641,0000097194 - Venda Ativa
642,0000097193 - Venda Ativa
643,0000097176 - Venda Ativa
644,0000097182 - Venda Ativa
645,0000097186 - Venda Ativa
646,0000097162 - Venda Ativa
647,0000097168 - Venda Ativa
648,0000099994 - Venda Ativa
649,0000097553 - Venda Ativa
650,0000099981 - Venda Ativa
651,0000097739 - Venda Ativa
652,0000100147 - Venda Ativa
653,0000099992 - Venda Ativa
654,0000100149 - Venda Ativa
655,0000100144 - Venda Ativa
656,0000097733 - Venda Ativa
657,0000097730 - Venda Ativa
658,0000097702 - Venda Ativa
659,0000100137 - Venda Ativa
660,0000100141 - Venda Ativa
661,0000100132 - Venda Ativa
662,0000100099 - Venda Ativa
663,0000100101 - Venda Ativa
664,0000100092 - Venda Ativa
665,0000100095 - Venda Ativa
666,0000100094 - Venda Ativa
667,0000100369 - Venda Ativa
668,0000100368 - Venda Ativa
669,0000100371 - Venda Ativa
670,0000100370 - Venda Ativa
671,0000100373 - Venda Ativa
672,0000100372 - Venda Ativa
673,0000100378 - Venda Ativa
674,0000100363 - Venda Ativa
675,0000100362 - Venda Ativa
676,0000100365 - Venda Ativa
677,0000100364 - Venda Ativa
678,0000100367 - Venda Ativa
679,0000100366 - Venda Ativa
680,0000100403 - Venda Ativa
681,0000100360 - Venda Ativa
682,0000100359 - Venda Ativa
683,0000100361 - Venda Ativa
684,0000100377 - Venda Ativa
685,0000100348 - Venda Ativa
686,0000100306 - Venda Ativa
687,0000100345 - Venda Ativa
688,0000100301 - Venda Ativa
689,0000100322 - Venda Ativa
690,0000100344 - Venda Ativa
691,0000100300 - Venda Ativa
692,0000100321 - Venda Ativa
693,0000100324 - Venda Ativa
694,0000100303 - Venda Ativa
695,0000100347 - Venda Ativa
696,0000100346 - Venda Ativa
697,0000100323 - Venda Ativa
698,0000100302 - Venda Ativa
699,0000100305 - Venda Ativa
700,0000100325 - Venda Ativa
701,0000100304 - Venda Ativa
702,0000100326 - Venda Ativa
703,0000100341 - Venda Ativa
704,0000100316 - Venda Ativa
705,0000100297 - Venda Ativa
706,0000100318 - Venda Ativa
707,0000100296 - Venda Ativa
708,0000100317 - Venda Ativa
709,0000100343 - Venda Ativa
710,0000100299 - Venda Ativa
711,0000100320 - Venda Ativa
712,0000100298 - Venda Ativa
713,0000100319 - Venda Ativa
714,0000100310 - Venda Ativa
715,0000100291 - Venda Ativa
716,0000100312 - Venda Ativa
717,0000100290 - Venda Ativa
718,0000100311 - Venda Ativa
719,0000100293 - Venda Ativa
720,0000100314 - Venda Ativa
721,0000100292 - Venda Ativa
722,0000100313 - Venda Ativa
723,0000100295 - Venda Ativa
724,0000100294 - Venda Ativa
725,0000100315 - Venda Ativa
726,0000100358 - Venda Ativa
727,0000100357 - Venda Ativa
728,0000100342 - Venda Ativa
729,0000100376 - Venda Ativa
730,0000100339 - Venda Ativa
731,0000100375 - Venda Ativa
732,0000100352 - Venda Ativa
733,0000100340 - Venda Ativa
734,0000100354 - Venda Ativa
735,0000100353 - Venda Ativa
736,0000100356 - Venda Ativa
737,0000100355 - Venda Ativa
738,0000100334 - Venda Ativa
739,0000100350 - Venda Ativa
740,0000100333 - Venda Ativa
741,0000100336 - Venda Ativa
742,0000100335 - Venda Ativa
743,0000100338 - Venda Ativa
744,0000100337 - Venda Ativa
745,0000100351 - Venda Ativa
746,0000100374 - Venda Ativa
747,0000100328 - Venda Ativa
748,0000100327 - Venda Ativa
749,0000100330 - Venda Ativa
750,0000100349 - Venda Ativa
751,0000100329 - Venda Ativa
752,0000100332 - Venda Ativa
753,0000100331 - Venda Ativa
754,0000100270 - Venda Ativa
755,0000100263 - Venda Ativa
756,0000100265 - Venda Ativa
757,0000100264 - Venda Ativa
758,0000100267 - Venda Ativa
759,0000100266 - Venda Ativa
760,0000100269 - Venda Ativa
761,0000100268 - Venda Ativa
762,0000100274 - Venda Ativa
763,0000100287 - Venda Ativa
764,0000100309 - Venda Ativa
765,0000100259 - Venda Ativa
766,0000100286 - Venda Ativa
767,0000100308 - Venda Ativa
768,0000100258 - Venda Ativa
769,0000100289 - Venda Ativa
770,0000100261 - Venda Ativa
771,0000100288 - Venda Ativa
772,0000100260 - Venda Ativa
773,0000100262 - Venda Ativa
774,0000100283 - Venda Ativa
775,0000100282 - Venda Ativa
776,0000100307 - Venda Ativa
777,0000100284 - Venda Ativa
778,0000100255 - Venda Ativa
779,0000100254 - Venda Ativa
780,0000100285 - Venda Ativa
781,0000100257 - Venda Ativa
782,0000100256 - Venda Ativa
783,0000100275 - Venda Ativa
784,0000100277 - Venda Ativa
785,0000100276 - Venda Ativa
786,0000100279 - Venda Ativa
787,0000100278 - Venda Ativa
788,0000100281 - Venda Ativa
789,0000100280 - Venda Ativa
790,0000100272 - Venda Ativa
791,0000100271 - Venda Ativa
792,0000100273 - Venda Ativa
793,0000100493 - Venda Ativa
794,0000100492 - Venda Ativa
795,0000100484 - Venda Ativa
796,0000100489 - Venda Ativa
797,0000100490 - Venda Ativa
798,0000100491 - Venda Ativa
799,0000100481 - Venda Ativa
800,0000100482 - Venda Ativa
801,0000100488 - Venda Ativa
802,0000100483 - Venda Ativa
803,0000100495 - Venda Ativa
804,0000100494 - Venda Ativa
805,0000100476 - Venda Ativa
806,0000100465 - Venda Ativa
807,0000100475 - Venda Ativa
808,0000100428 - Venda Ativa
809,0000100426 - Venda Ativa
810,0000100456 - Venda Ativa
811,0000100487 - Venda Ativa
812,0000100480 - Venda Ativa
813,0000100486 - Venda Ativa
814,0000100473 - Venda Ativa
815,0000100474 - Venda Ativa
816,0000100471 - Venda Ativa
817,0000100479 - Venda Ativa
818,0000100485 - Venda Ativa
819,0000100472 - Venda Ativa
820,0000100477 - Venda Ativa
821,0000100470 - Venda Ativa
822,0000100478 - Venda Ativa
823,0000100235 - Venda Ativa
824,0000100231 - Venda Ativa
825,0000100229 - Venda Ativa
826,0000100225 - Venda Ativa
827,0000100218 - Venda Ativa
828,0000100214 - Venda Ativa
829,0000100220 - Venda Ativa
830,0000098079 - Venda Ativa
831,0000100239 - Venda Ativa
832,0000101636 - Venda Ativa
833,0000101622 - Venda Ativa
834,0000101621 - Venda Ativa
835,0000101634 - Venda Ativa
836,0000101633 - Venda Ativa
837,0000101602 - Venda Ativa
838,0000101619 - Venda Ativa
839,0000101635 - Venda Ativa
840,0000095188 - Venda Ativa
841,0000101604 - Venda Ativa
842,0000101620 - Venda Ativa
843,0000101613 - Venda Ativa
844,0000101600 - Venda Ativa
845,0000101632 - Venda Ativa
846,0000101601 - Venda Ativa
847,0000095194 - Venda Ativa
848,0000101599 - Venda Ativa
849,0000101611 - Venda Ativa
850,0000101612 - Venda Ativa
851,0000101663 - Venda Ativa
852,0000101655 - Venda Ativa
853,0000101662 - Venda Ativa
854,0000101631 - Venda Ativa
855,0000101630 - Venda Ativa
856,0000101648 - Venda Ativa
857,0000101647 - Venda Ativa
858,0000101624 - Venda Ativa
859,0000101638 - Venda Ativa
860,0000101623 - Venda Ativa
861,0000101626 - Venda Ativa
862,0000101625 - Venda Ativa
863,0000101627 - Venda Ativa
864,0000095187 - Venda Ativa
865,0000095180 - Venda Ativa
866,0000095185 - Venda Ativa
867,0000101543 - Venda Ativa
868,0000095178 - Venda Ativa
869,0000095186 - Venda Ativa
870,0000101549 - Venda Ativa
871,0000095179 - Venda Ativa
872,0000101544 - Venda Ativa
873,0000101541 - Venda Ativa
874,0000095176 - Venda Ativa
875,0000095184 - Venda Ativa
876,0000101547 - Venda Ativa
877,0000095177 - Venda Ativa
878,0000101542 - Venda Ativa
879,0000095191 - Venda Ativa
880,0000101610 - Venda Ativa
881,0000101607 - Venda Ativa
882,0000095190 - Venda Ativa
883,0000101608 - Venda Ativa
884,0000101570 - Venda Ativa
885,0000101565 - Venda Ativa
886,0000101606 - Venda Ativa
887,0000095189 - Venda Ativa
888,0000101605 - Venda Ativa
889,0000101559 - Venda Ativa
890,0000101582 - Venda Ativa
891,0000095164 - Venda Ativa
892,0000095157 - Venda Ativa
893,0000101694 - Venda Ativa
894,0000101515 - Venda Ativa
895,0000095156 - Venda Ativa
896,0000101532 - Venda Ativa
897,0000095169 - Venda Ativa
898,0000101522 - Venda Ativa
899,0000095163 - Venda Ativa
900,0000101695 - Venda Ativa
901,0000101516 - Venda Ativa
902,0000095170 - Venda Ativa
903,0000101533 - Venda Ativa
904,0000101534 - Venda Ativa
905,0000101521 - Venda Ativa
906,0000095161 - Venda Ativa
907,0000101513 - Venda Ativa
908,0000101514 - Venda Ativa
909,0000095162 - Venda Ativa
910,0000095153 - Venda Ativa
911,0000101511 - Venda Ativa
912,0000101628 - Venda Ativa
913,0000101512 - Venda Ativa
914,0000095160 - Venda Ativa
915,0000101520 - Venda Ativa
916,0000101629 - Venda Ativa
917,0000095183 - Venda Ativa
918,0000095174 - Venda Ativa
919,0000101540 - Venda Ativa
920,0000101609 - Venda Ativa
921,0000095168 - Venda Ativa
922,0000095182 - Venda Ativa
923,0000101546 - Venda Ativa
924,0000095175 - Venda Ativa
925,0000095166 - Venda Ativa
926,0000101538 - Venda Ativa
927,0000101525 - Venda Ativa
928,0000095173 - Venda Ativa
929,0000101526 - Venda Ativa
930,0000095181 - Venda Ativa
931,0000101545 - Venda Ativa
932,0000095167 - Venda Ativa
933,0000101527 - Venda Ativa
934,0000101535 - Venda Ativa
935,0000095171 - Venda Ativa
936,0000101524 - Venda Ativa
937,0000101637 - Venda Ativa
938,0000095165 - Venda Ativa
939,0000101537 - Venda Ativa
940,0000095172 - Venda Ativa
941,0000101536 - Venda Ativa
942,0000101489 - Venda Ativa
943,0000095093 - Venda Ativa
944,0000101505 - Venda Ativa
945,0000101487 - Venda Ativa
946,0000095092 - Venda Ativa
947,0000101496 - Venda Ativa
948,0000101506 - Venda Ativa
949,0000101488 - Venda Ativa
950,0000101484 - Venda Ativa
951,0000101494 - Venda Ativa
952,0000101486 - Venda Ativa
953,0000101485 - Venda Ativa
954,0000095091 - Venda Ativa
955,0000101495 - Venda Ativa
956,0000095084 - Venda Ativa
957,0000095083 - Venda Ativa
958,0000101493 - Venda Ativa
959,0000101483 - Venda Ativa
960,0000095159 - Venda Ativa
961,0000095151 - Venda Ativa
962,0000101509 - Venda Ativa
963,0000095158 - Venda Ativa
964,0000101510 - Venda Ativa
965,0000095152 - Venda Ativa
966,0000101499 - Venda Ativa
967,0000101501 - Venda Ativa
968,0000095142 - Venda Ativa
969,0000101500 - Venda Ativa
970,0000095141 - Venda Ativa
971,0000101503 - Venda Ativa
972,0000095144 - Venda Ativa
973,0000101502 - Venda Ativa
974,0000095143 - Venda Ativa
975,0000101508 - Venda Ativa
976,0000095146 - Venda Ativa
977,0000101504 - Venda Ativa
978,0000095145 - Venda Ativa
979,0000101517 - Venda Ativa
980,0000095134 - Venda Ativa
981,0000101507 - Venda Ativa
982,0000101498 - Venda Ativa
983,0000101473 - Venda Ativa
984,0000101470 - Venda Ativa
985,0000101472 - Venda Ativa
986,0000095150 - Venda Ativa
987,0000095154 - Venda Ativa
988,0000101480 - Venda Ativa
989,0000101479 - Venda Ativa
990,0000101492 - Venda Ativa
991,0000101491 - Venda Ativa
992,0000101481 - Venda Ativa
993,0000101482 - Venda Ativa
994,0000101603 - Venda Ativa
995,0000101477 - Venda Ativa
996,0000101476 - Venda Ativa
997,0000101478 - Venda Ativa
998,0000101474 - Venda Ativa
999,0000101475 - Venda Ativa
1000,0000101519 - Venda Ativa
1001,0000101518 - Venda Ativa
1002,0000101490 - Venda Ativa
1003,0000101497 - Venda Ativa
1004,0000101692 - Venda Ativa
1005,0000101678 - Venda Ativa
1006,0000101679 - Venda Ativa
1007,0000101677 - Venda Ativa
1008,0000101671 - Venda Ativa
1009,0000101691 - Venda Ativa
1010,0000101690 - Venda Ativa
1011,0000101660 - Venda Ativa
1012,0000101670 - Venda Ativa
1013,0000101689 - Venda Ativa
1014,0000101687 - Venda Ativa
1015,0000101697 - Venda Ativa
1016,0000101688 - Venda Ativa
1017,0000101693 - Venda Ativa
1018,0000101696 - Venda Ativa
1019,0000095890 - Venda Ativa
1020,0000095888 - Venda Ativa
1021,0000095896 - Venda Ativa
1022,0000095889 - Venda Ativa
1023,0000095894 - Venda Ativa
1024,0000095887 - Venda Ativa
1025,0000095895 - Venda Ativa
1026,0000095883 - Venda Ativa
1027,0000095885 - Venda Ativa
1028,0000095893 - Venda Ativa
1029,0000095886 - Venda Ativa
1030,0000095892 - Venda Ativa
1031,0000095891 - Venda Ativa
1032,0000095874 - Venda Ativa
1033,0000095880 - Venda Ativa
1034,0000095873 - Venda Ativa
1035,0000095881 - Venda Ativa
1036,0000095878 - Venda Ativa
1037,0000095871 - Venda Ativa
1038,0000095879 - Venda Ativa
1039,0000095872 - Venda Ativa
1040,0000095877 - Venda Ativa
1041,0000095870 - Venda Ativa
1042,0000095884 - Venda Ativa
1043,0000095882 - Venda Ativa
1044,0000095856 - Venda Ativa
1045,0000095849 - Venda Ativa
1046,0000095862 - Venda Ativa
1047,0000095855 - Venda Ativa
1048,0000095863 - Venda Ativa
1049,0000095848 - Venda Ativa
1050,0000095853 - Venda Ativa
1051,0000095854 - Venda Ativa
1052,0000095852 - Venda Ativa
1053,0000095869 - Venda Ativa
1054,0000095867 - Venda Ativa
1055,0000095875 - Venda Ativa
1056,0000095860 - Venda Ativa
1057,0000095868 - Venda Ativa
1058,0000095876 - Venda Ativa
1059,0000095861 - Venda Ativa
1060,0000095858 - Venda Ativa
1061,0000095866 - Venda Ativa
1062,0000095859 - Venda Ativa
1063,0000095864 - Venda Ativa
1064,0000095857 - Venda Ativa
1065,0000095865 - Venda Ativa
1066,0000095851 - Venda Ativa
1067,0000095850 - Venda Ativa
1068,0000095847 - Venda Ativa
1069,0000095846 - Venda Ativa
1070,0000095836 - Venda Ativa
1071,0000095844 - Venda Ativa
1072,0000095831 - Venda Ativa
1073,0000095845 - Venda Ativa
1074,0000095833 - Venda Ativa
1075,0000095834 - Venda Ativa
1076,0000095827 - Venda Ativa
1077,0000095841 - Venda Ativa
1078,0000095828 - Venda Ativa
1079,0000095843 - Venda Ativa
1080,0000095842 - Venda Ativa
1081,0000095830 - Venda Ativa
1082,0000095840 - Venda Ativa
1083,0000095794 - Venda Ativa
1084,0000095819 - Venda Ativa
1085,0000095793 - Venda Ativa
1086,0000095807 - Venda Ativa
1087,0000095796 - Venda Ativa
1088,0000095795 - Venda Ativa
1089,0000095798 - Venda Ativa
1090,0000095789 - Venda Ativa
1091,0000095804 - Venda Ativa
1092,0000095790 - Venda Ativa
1093,0000095791 - Venda Ativa
1094,0000095785 - Venda Ativa
1095,0000095786 - Venda Ativa
1096,0000095803 - Venda Ativa
1097,0000095802 - Venda Ativa
1098,0000095787 - Venda Ativa
1099,0000095783 - Venda Ativa
1100,0000095801 - Venda Ativa
1101,0000095773 - Venda Ativa
1102,0000095816 - Venda Ativa
1103,0000095825 - Venda Ativa
1104,0000095817 - Venda Ativa
1105,0000095839 - Venda Ativa
1106,0000095826 - Venda Ativa
1107,0000095818 - Venda Ativa
1108,0000095824 - Venda Ativa
1109,0000095837 - Venda Ativa
1110,0000095813 - Venda Ativa
1111,0000095815 - Venda Ativa
1112,0000095814 - Venda Ativa
1113,0000095838 - Venda Ativa
1114,0000095821 - Venda Ativa
1115,0000095809 - Venda Ativa
1116,0000095822 - Venda Ativa
1117,0000095823 - Venda Ativa
1118,0000095808 - Venda Ativa
1119,0000095799 - Venda Ativa
1120,0000096109 - Venda Ativa
1121,0000096133 - Venda Ativa
1122,0000096080 - Venda Ativa
1123,0000096082 - Venda Ativa
1124,0000096092 - Venda Ativa
1125,0000096156 - Venda Ativa
1126,0000096125 - Venda Ativa
1127,0000096123 - Venda Ativa
1128,0000096118 - Venda Ativa
1129,0000096110 - Venda Ativa
1130,0000096073 - Venda Ativa
1131,0000096070 - Venda Ativa
1132,0000095690 - Venda Ativa
1133,0000095644 - Venda Ativa
1134,0000095649 - Venda Ativa
1135,0000095655 - Venda Ativa
1136,0000095764 - Venda Ativa
1137,0000095744 - Venda Ativa
1138,0000095774 - Venda Ativa
1139,0000095743 - Venda Ativa
1140,0000095765 - Venda Ativa
1141,0000095746 - Venda Ativa
1142,0000095745 - Venda Ativa
1143,0000095762 - Venda Ativa
1144,0000095739 - Venda Ativa
1145,0000095763 - Venda Ativa
1146,0000095741 - Venda Ativa
1147,0000095761 - Venda Ativa
1148,0000095737 - Venda Ativa
1149,0000095738 - Venda Ativa
1150,0000095716 - Venda Ativa
1151,0000095735 - Venda Ativa
1152,0000095734 - Venda Ativa
1153,0000095717 - Venda Ativa
1154,0000095771 - Venda Ativa
1155,0000095800 - Venda Ativa
1156,0000095782 - Venda Ativa
1157,0000095772 - Venda Ativa
1158,0000095768 - Venda Ativa
1159,0000095778 - Venda Ativa
1160,0000095770 - Venda Ativa
1161,0000095766 - Venda Ativa
1162,0000095776 - Venda Ativa
1163,0000095767 - Venda Ativa
1164,0000095775 - Venda Ativa
1165,0000095748 - Venda Ativa
1166,0000095747 - Venda Ativa
1167,0000095750 - Venda Ativa
1168,0000095749 - Venda Ativa
1169,0000095753 - Venda Ativa
1170,0000095751 - Venda Ativa
1171,0000095708 - Venda Ativa
1172,0000095718 - Venda Ativa
1173,0000095752 - Venda Ativa
1174,0000095701 - Venda Ativa
1175,0000095719 - Venda Ativa
1176,0000095707 - Venda Ativa
1177,0000095706 - Venda Ativa
1178,0000095705 - Venda Ativa
1179,0000095754 - Venda Ativa
1180,0000095756 - Venda Ativa
1181,0000095755 - Venda Ativa
1182,0000095758 - Venda Ativa
1183,0000095715 - Venda Ativa
1184,0000095757 - Venda Ativa
1185,0000095714 - Venda Ativa
1186,0000095730 - Venda Ativa
1187,0000095760 - Venda Ativa
1188,0000095733 - Venda Ativa
1189,0000095759 - Venda Ativa
1190,0000095732 - Venda Ativa
1191,0000095723 - Venda Ativa
1192,0000095722 - Venda Ativa
1193,0000095725 - Venda Ativa
1194,0000095712 - Venda Ativa
1195,0000095727 - Venda Ativa
1196,0000095729 - Venda Ativa
1197,0000095713 - Venda Ativa
1198,0000095728 - Venda Ativa
1199,0000095720 - Venda Ativa
1200,0000095711 - Venda Ativa
1201,0000095721 - Venda Ativa
1202,0000095702 - Venda Ativa
1203,0000095710 - Venda Ativa
1204,0000095703 - Venda Ativa
1205,0000095699 - Venda Ativa
1206,0000095698 - Venda Ativa
1207,0000095704 - Venda Ativa
1208,0000095688 - Venda Ativa
1209,0000095687 - Venda Ativa
1210,0000095689 - Venda Ativa
1211,0000095685 - Venda Ativa
1212,0000095686 - Venda Ativa
1213,0000095684 - Venda Ativa
1214,0000095694 - Venda Ativa
1215,0000095695 - Venda Ativa
1216,0000095697 - Venda Ativa
1217,0000095693 - Venda Ativa
1218,0000095692 - Venda Ativa
1219,0000095700 - Venda Ativa
1220,0000095691 - Venda Ativa
1221,0000095682 - Venda Ativa
1222,0000095683 - Venda Ativa
1223,0000102054 - Venda Ativa
1224,0000095668 - Venda Ativa
1225,0000095660 - Venda Ativa
1226,0000096177 - Venda Ativa
1227,0000096172 - Venda Ativa
1228,0000096179 - Venda Ativa
1229,0000096629 - Venda Ativa
1230,0000096637 - Venda Ativa
1231,0000096598 - Venda Ativa
1232,0000096576 - Venda Ativa
1233,0000096585 - Venda Ativa
1234,0000096572 - Venda Ativa
1235,0000096566 - Venda Ativa
1236,0000096568 - Venda Ativa
1237,0000096567 - Venda Ativa
1238,0000096537 - Venda Ativa
1239,0000096536 - Venda Ativa
1240,0000096509 - Venda Ativa
1241,0000096521 - Venda Ativa
1242,0000096516 - Venda Ativa
1243,0000096499 - Venda Ativa
1244,0000096532 - Venda Ativa
1245,0000096557 - Venda Ativa
1246,0000096544 - Venda Ativa
1247,0000096531 - Venda Ativa
1248,0000096543 - Venda Ativa
1249,0000096540 - Venda Ativa
1250,0000096538 - Venda Ativa
1251,0000096360 - Venda Ativa
1252,0000096359 - Venda Ativa
1253,0000096362 - Venda Ativa
1254,0000096361 - Venda Ativa
1255,0000096364 - Venda Ativa
1256,0000096363 - Venda Ativa
1257,0000096467 - Venda Ativa
1258,0000096461 - Venda Ativa
1259,0000096447 - Venda Ativa
1260,0000096484 - Venda Ativa
1261,0000096458 - Venda Ativa
1262,0000096459 - Venda Ativa
1263,0000096512 - Venda Ativa
1264,0000096514 - Venda Ativa
1265,0000096513 - Venda Ativa
1266,0000096491 - Venda Ativa
1267,0000096481 - Venda Ativa
1268,0000096477 - Venda Ativa
1269,0000096450 - Venda Ativa
1270,0000100577 - Venda Ativa
1271,0000100581 - Venda Ativa
1272,0000100578 - Venda Ativa
1273,0000100575 - Venda Ativa
1274,0000100574 - Venda Ativa
1275,0000100567 - Venda Ativa
1276,0000100560 - Venda Ativa
1277,0000100565 - Venda Ativa
1278,0000100566 - Venda Ativa
1279,0000100559 - Venda Ativa
1280,0000100553 - Venda Ativa
1281,0000100544 - Venda Ativa
1282,0000100546 - Venda Ativa
1283,0000100986 - Venda Ativa
1284,0000101114 - Venda Ativa
1285,0000101107 - Venda Ativa
1286,0000101106 - Venda Ativa
1287,0000101109 - Venda Ativa
1288,0000101104 - Venda Ativa
1289,0000100535 - Venda Ativa
1290,0000100526 - Venda Ativa
1291,0000100511 - Venda Ativa
1292,0000100506 - Venda Ativa
1293,0000101181 - Venda Ativa
1294,0000101190 - Venda Ativa
1295,0000101182 - Venda Ativa
1296,0000101180 - Venda Ativa
1297,0000101189 - Venda Ativa
1298,0000101178 - Venda Ativa
1299,0000101179 - Venda Ativa
1300,0000101186 - Venda Ativa
1301,0000101187 - Venda Ativa
1302,0000101188 - Venda Ativa
1303,0000101185 - Venda Ativa
1304,0000101183 - Venda Ativa
1305,0000101192 - Venda Ativa
1306,0000101184 - Venda Ativa
1307,0000101174 - Venda Ativa
1308,0000101173 - Venda Ativa
1309,0000101191 - Venda Ativa
1310,0000101162 - Venda Ativa
1311,0000101170 - Venda Ativa
1312,0000101163 - Venda Ativa
1313,0000101171 - Venda Ativa
1314,0000101160 - Venda Ativa
1315,0000101169 - Venda Ativa
1316,0000101161 - Venda Ativa
1317,0000101167 - Venda Ativa
1318,0000101159 - Venda Ativa
1319,0000101158 - Venda Ativa
1320,0000101151 - Venda Ativa
1321,0000101175 - Venda Ativa
1322,0000101177 - Venda Ativa
1323,0000101176 - Venda Ativa
1324,0000101172 - Venda Ativa
1325,0000101164 - Venda Ativa
1326,0000101144 - Venda Ativa
1327,0000101152 - Venda Ativa
1328,0000101142 - Venda Ativa
1329,0000101143 - Venda Ativa
1330,0000101141 - Venda Ativa
1331,0000101140 - Venda Ativa
1332,0000101156 - Venda Ativa
1333,0000101165 - Venda Ativa
1334,0000101149 - Venda Ativa
1335,0000101157 - Venda Ativa
1336,0000101166 - Venda Ativa
1337,0000101150 - Venda Ativa
1338,0000101147 - Venda Ativa
1339,0000101155 - Venda Ativa
1340,0000101148 - Venda Ativa
1341,0000101146 - Venda Ativa
1342,0000101154 - Venda Ativa
1343,0000101145 - Venda Ativa
1344,0000101153 - Venda Ativa
1345,0000101067 - Venda Ativa
1346,0000101068 - Venda Ativa
1347,0000101062 - Venda Ativa
1348,0000101064 - Venda Ativa
1349,0000101055 - Venda Ativa
1350,0000101049 - Venda Ativa
1351,0000101051 - Venda Ativa
1352,0000101047 - Venda Ativa
1353,0000101042 - Venda Ativa
1354,0000101118 - Venda Ativa
1355,0000101034 - Venda Ativa
1356,0000101036 - Venda Ativa
1357,0000101084 - Venda Ativa
1358,0000101089 - Venda Ativa
1359,0000101082 - Venda Ativa
1360,0000101120 - Venda Ativa
1361,0000101649 - Venda Ativa
1362,0000101617 - Venda Ativa
1363,0000101616 - Venda Ativa
1364,0000101651 - Venda Ativa
1365,0000101650 - Venda Ativa
1366,0000101618 - Venda Ativa
1367,0000101652 - Venda Ativa
1368,0000101615 - Venda Ativa
1369,0000101614 - Venda Ativa
1370,0000101720 - Venda Ativa
1371,0000101722 - Venda Ativa
1372,0000101721 - Venda Ativa
1373,0000101654 - Venda Ativa
1374,0000101664 - Venda Ativa
1375,0000101666 - Venda Ativa
1376,0000101665 - Venda Ativa
1377,0000101653 - Venda Ativa
1378,0000095199 - Venda Ativa
1379,0000101642 - Venda Ativa
1380,0000101641 - Venda Ativa
1381,0000101644 - Venda Ativa
1382,0000101643 - Venda Ativa
1383,0000101646 - Venda Ativa
1384,0000101645 - Venda Ativa
1385,0000101640 - Venda Ativa
1386,0000101639 - Venda Ativa
1387,0000095100 - Venda Ativa
1388,0000095113 - Venda Ativa
1389,0000095104 - Venda Ativa
1390,0000095138 - Venda Ativa
1391,0000101466 - Venda Ativa
1392,0000101468 - Venda Ativa
1393,0000101467 - Venda Ativa
1394,0000101469 - Venda Ativa
1395,0000101728 - Venda Ativa
1396,0000101729 - Venda Ativa
1397,0000101718 - Venda Ativa
1398,0000101717 - Venda Ativa
1399,0000101723 - Venda Ativa
1400,0000101719 - Venda Ativa
1401,0000101724 - Venda Ativa
1402,0000101727 - Venda Ativa
1403,0000101726 - Venda Ativa
1404,0000101716 - Venda Ativa
1405,0000101715 - Venda Ativa
1406,0000101714 - Venda Ativa
1407,0000101713 - Venda Ativa
1408,0000101712 - Venda Ativa
1409,0000101710 - Venda Ativa
1410,0000101711 - Venda Ativa
1411,0000101709 - Venda Ativa
1412,0000101703 - Venda Ativa
1413,0000101705 - Venda Ativa
1414,0000101704 - Venda Ativa
1415,0000101706 - Venda Ativa
1416,0000101708 - Venda Ativa
1417,0000101707 - Venda Ativa
1418,0000101676 - Venda Ativa
1419,0000101675 - Venda Ativa
1420,0000101657 - Venda Ativa
1421,0000101659 - Venda Ativa
1422,0000101658 - Venda Ativa
1423,0000101672 - Venda Ativa
1424,0000101674 - Venda Ativa
1425,0000101673 - Venda Ativa
1426,0000101668 - Venda Ativa
1427,0000101667 - Venda Ativa
1428,0000101669 - Venda Ativa
1429,0000101656 - Venda Ativa
1430,0000101700 - Venda Ativa
1431,0000101699 - Venda Ativa
1432,0000101702 - Venda Ativa
1433,0000101701 - Venda Ativa
1434,0000101698 - Venda Ativa
1435,0000101686 - Venda Ativa
1436,0000101681 - Venda Ativa
1437,0000101680 - Venda Ativa
1438,0000101683 - Venda Ativa
1439,0000101682 - Venda Ativa
1440,0000101685 - Venda Ativa
1441,0000101684 - Venda Ativa
1442,0000102018 - Venda Ativa
1443,0000102016 - Venda Ativa
1444,0000102015 - Venda Ativa
1445,0000102013 - Venda Ativa
1446,0000102014 - Venda Ativa
1447,0000102007 - Venda Ativa
1448,0000101997 - Venda Ativa
1449,0000102006 - Venda Ativa
1450,0000101989 - Venda Ativa
1451,0000101986 - Venda Ativa
1452,0000102050 - Venda Ativa
1453,0000101996 - Venda Ativa
1454,0000101988 - Venda Ativa
1455,0000102005 - Venda Ativa
1456,0000101987 - Venda Ativa
1457,0000102004 - Venda Ativa
1458,0000101983 - Venda Ativa
1459,0000101995 - Venda Ativa
1460,0000101994 - Venda Ativa
1461,0000101985 - Venda Ativa
1462,0000101984 - Venda Ativa
1463,0000102012 - Venda Ativa
1464,0000102002 - Venda Ativa
1465,0000102011 - Venda Ativa
1466,0000102003 - Venda Ativa
1467,0000102009 - Venda Ativa
1468,0000102000 - Venda Ativa
1469,0000102001 - Venda Ativa
1470,0000102010 - Venda Ativa
1471,0000101998 - Venda Ativa
1472,0000102008 - Venda Ativa
1473,0000101999 - Venda Ativa
1474,0000101965 - Venda Ativa
1475,0000101964 - Venda Ativa
1476,0000101973 - Venda Ativa
1477,0000101957 - Venda Ativa
1478,0000101972 - Venda Ativa
1479,0000101966 - Venda Ativa
1480,0000101962 - Venda Ativa
1481,0000101956 - Venda Ativa
1482,0000101963 - Venda Ativa
1483,0000101971 - Venda Ativa
1484,0000101953 - Venda Ativa
1485,0000101961 - Venda Ativa
1486,0000101954 - Venda Ativa
1487,0000101955 - Venda Ativa
1488,0000101992 - Venda Ativa
1489,0000101982 - Venda Ativa
1490,0000101993 - Venda Ativa
1491,0000101991 - Venda Ativa
1492,0000101969 - Venda Ativa
1493,0000102023 - Venda Ativa
1494,0000101981 - Venda Ativa
1495,0000101970 - Venda Ativa
1496,0000101979 - Venda Ativa
1497,0000101978 - Venda Ativa
1498,0000101990 - Venda Ativa
1499,0000101980 - Venda Ativa
1500,0000101975 - Venda Ativa
1501,0000101974 - Venda Ativa
1502,0000101976 - Venda Ativa
1503,0000101967 - Venda Ativa
1504,0000101937 - Venda Ativa
1505,0000101946 - Venda Ativa
1506,0000101931 - Venda Ativa
1507,0000101938 - Venda Ativa
1508,0000101935 - Venda Ativa
1509,0000101936 - Venda Ativa
1510,0000101934 - Venda Ativa
1511,0000101960 - Venda Ativa
1512,0000101951 - Venda Ativa
1513,0000101950 - Venda Ativa
1514,0000101941 - Venda Ativa
1515,0000101940 - Venda Ativa
1516,0000101959 - Venda Ativa
1517,0000101943 - Venda Ativa
1518,0000101952 - Venda Ativa
1519,0000101942 - Venda Ativa
1520,0000101945 - Venda Ativa
1521,0000101944 - Venda Ativa
1522,0000101948 - Venda Ativa
1523,0000101958 - Venda Ativa
1524,0000101949 - Venda Ativa
1525,0000101947 - Venda Ativa
1526,0000101939 - Venda Ativa
1527,0000101932 - Venda Ativa
1528,0000101933 - Venda Ativa
1529,0000102020 - Venda Ativa
1530,0000102021 - Venda Ativa
1531,0000102045 - Venda Ativa
1532,0000102046 - Venda Ativa
1533,0000102044 - Venda Ativa
1534,0000102037 - Venda Ativa
1535,0000102036 - Venda Ativa
1536,0000102043 - Venda Ativa
1537,0000102041 - Venda Ativa
1538,0000102034 - Venda Ativa
1539,0000102035 - Venda Ativa
1540,0000102042 - Venda Ativa
1541,0000102051 - Venda Ativa
1542,0000102048 - Venda Ativa
1543,0000102047 - Venda Ativa
1544,0000102049 - Venda Ativa
1545,0000102025 - Venda Ativa
1546,0000102026 - Venda Ativa
1547,0000102024 - Venda Ativa
1548,0000102022 - Venda Ativa
1549,0000102019 - Venda Ativa
1550,0000102030 - Venda Ativa
1551,0000102031 - Venda Ativa
1552,0000102040 - Venda Ativa
1553,0000102033 - Venda Ativa
1554,0000102032 - Venda Ativa
1555,0000102038 - Venda Ativa
1556,0000102039 - Venda Ativa
1557,0000102028 - Venda Ativa
1558,0000102029 - Venda Ativa
1559,0000102027 - Venda Ativa
1560,0000101306 - Venda Ativa
1561,0000101201 - Venda Ativa
1562,0000101305 - Venda Ativa
1563,0000101303 - Venda Ativa
1564,0000101304 - Venda Ativa
1565,0000083373 - Venda Ativa
1566,0000101577 - Venda Ativa
1567,0000101555 - Venda Ativa
1568,0000101576 - Venda Ativa
1569,0000101579 - Venda Ativa
1570,0000101557 - Venda Ativa
1571,0000101578 - Venda Ativa
1572,0000101556 - Venda Ativa
1573,0000101573 - Venda Ativa
1574,0000101574 - Venda Ativa
1575,0000101551 - Venda Ativa
1576,0000101550 - Venda Ativa
1577,0000101553 - Venda Ativa
1578,0000101575 - Venda Ativa
1579,0000101552 - Venda Ativa
1580,0000101554 - Venda Ativa
1581,0000101548 - Venda Ativa
1582,0000101572 - Venda Ativa
1583,0000101571 - Venda Ativa
1584,0000101597 - Venda Ativa
1585,0000101596 - Venda Ativa
1586,0000101598 - Venda Ativa
1587,0000101591 - Venda Ativa
1588,0000101566 - Venda Ativa
1589,0000101590 - Venda Ativa
1590,0000101593 - Venda Ativa
1591,0000101569 - Venda Ativa
1592,0000101592 - Venda Ativa
1593,0000101568 - Venda Ativa
1594,0000101595 - Venda Ativa
1595,0000101594 - Venda Ativa
1596,0000101563 - Venda Ativa
1597,0000101585 - Venda Ativa
1598,0000101562 - Venda Ativa
1599,0000101584 - Venda Ativa
1600,0000101564 - Venda Ativa
1601,0000101587 - Venda Ativa
1602,0000101586 - Venda Ativa
1603,0000101589 - Venda Ativa
1604,0000101588 - Venda Ativa
1605,0000101581 - Venda Ativa
1606,0000101580 - Venda Ativa
1607,0000101558 - Venda Ativa
1608,0000101561 - Venda Ativa
1609,0000101583 - Venda Ativa
1610,0000101560 - Venda Ativa
1611,0000101531 - Venda Ativa
1612,0000101530 - Venda Ativa
1613,0000101528 - Venda Ativa
1614,0000101529 - Venda Ativa
1615,0000101335 - Venda Ativa
1616,0000101333 - Venda Ativa
1617,0000101334 - Venda Ativa
1618,0000101332 - Venda Ativa
1619,0000101331 - Venda Ativa
1620,0000101325 - Venda Ativa
1621,0000101318 - Venda Ativa
1622,0000101326 - Venda Ativa
1623,0000101317 - Venda Ativa
1624,0000101324 - Venda Ativa
1625,0000101213 - Venda Ativa
1626,0000101322 - Venda Ativa
1627,0000101323 - Venda Ativa
1628,0000101316 - Venda Ativa
1629,0000101330 - Venda Ativa
1630,0000101337 - Venda Ativa
1631,0000101329 - Venda Ativa
1632,0000101336 - Venda Ativa
1633,0000101327 - Venda Ativa
1634,0000101328 - Venda Ativa
1635,0000101319 - Venda Ativa
1636,0000101207 - Venda Ativa
1637,0000101208 - Venda Ativa
1638,0000101320 - Venda Ativa
1639,0000101211 - Venda Ativa
1640,0000101321 - Venda Ativa
1641,0000101219 - Venda Ativa
1642,0000101217 - Venda Ativa
1643,0000101848 - Venda Ativa
1644,0000101849 - Venda Ativa
1645,0000101847 - Venda Ativa
1646,0000101846 - Venda Ativa
1647,0000101844 - Venda Ativa
1648,0000101845 - Venda Ativa
1649,0000101854 - Venda Ativa
1650,0000101855 - Venda Ativa
1651,0000101850 - Venda Ativa
1652,0000101851 - Venda Ativa
1653,0000101853 - Venda Ativa
1654,0000101852 - Venda Ativa
1655,0000101843 - Venda Ativa
1656,0000101842 - Venda Ativa
1657,0000101841 - Venda Ativa
1658,0000101840 - Venda Ativa
1659,0000101930 - Venda Ativa
1660,0000101928 - Venda Ativa
1661,0000101929 - Venda Ativa
1662,0000101906 - Venda Ativa
1663,0000101894 - Venda Ativa
1664,0000101893 - Venda Ativa
1665,0000101917 - Venda Ativa
1666,0000101890 - Venda Ativa
1667,0000101902 - Venda Ativa
1668,0000101891 - Venda Ativa
1669,0000101918 - Venda Ativa
1670,0000101904 - Venda Ativa
1671,0000101903 - Venda Ativa
1672,0000101892 - Venda Ativa
1673,0000101919 - Venda Ativa
1674,0000101900 - Venda Ativa
1675,0000101889 - Venda Ativa
1676,0000101901 - Venda Ativa
1677,0000101907 - Venda Ativa
1678,0000101899 - Venda Ativa
1679,0000101888 - Venda Ativa
1680,0000101908 - Venda Ativa
1681,0000101887 - Venda Ativa
1682,0000101927 - Venda Ativa
1683,0000101925 - Venda Ativa
1684,0000101915 - Venda Ativa
1685,0000101926 - Venda Ativa
1686,0000101916 - Venda Ativa
1687,0000101911 - Venda Ativa
1688,0000101910 - Venda Ativa
1689,0000101924 - Venda Ativa
1690,0000101912 - Venda Ativa
1691,0000101913 - Venda Ativa
1692,0000101914 - Venda Ativa
1693,0000101921 - Venda Ativa
1694,0000101909 - Venda Ativa
1695,0000101923 - Venda Ativa
1696,0000101867 - Venda Ativa
1697,0000101920 - Venda Ativa
1698,0000101880 - Venda Ativa
1699,0000101868 - Venda Ativa
1700,0000101877 - Venda Ativa
1701,0000101866 - Venda Ativa
1702,0000101879 - Venda Ativa
1703,0000101878 - Venda Ativa
1704,0000101864 - Venda Ativa
1705,0000101863 - Venda Ativa
1706,0000101865 - Venda Ativa
1707,0000101860 - Venda Ativa
1708,0000101862 - Venda Ativa
1709,0000101861 - Venda Ativa
1710,0000101897 - Venda Ativa
1711,0000101875 - Venda Ativa
1712,0000101896 - Venda Ativa
1713,0000101898 - Venda Ativa
1714,0000101876 - Venda Ativa
1715,0000101922 - Venda Ativa
1716,0000101885 - Venda Ativa
1717,0000101895 - Venda Ativa
1718,0000101874 - Venda Ativa
1719,0000101872 - Venda Ativa
1720,0000101883 - Venda Ativa
1721,0000101884 - Venda Ativa
1722,0000101873 - Venda Ativa
1723,0000101881 - Venda Ativa
1724,0000101870 - Venda Ativa
1725,0000101869 - Venda Ativa
1726,0000101882 - Venda Ativa
1727,0000101871 - Venda Ativa
1728,0000101858 - Venda Ativa
1729,0000101859 - Venda Ativa
1730,0000101857 - Venda Ativa
1731,0000101856 - Venda Ativa
1732,0000097144 - Venda Ativa
1733,0000089383 - Venda Ativa
1734,0000089337 - Venda Ativa
1735,0000096929 - Venda Ativa
1736,0000097040 - Venda Ativa
1737,0000097047 - Venda Ativa
1738,0000097023 - Venda Ativa
1739,0000089434 - Venda Ativa
1740,0000099874 - Venda Ativa
1741,0000097161 - Venda Ativa
1742,0000097718 - Venda Ativa
1743,0000097701 - Venda Ativa
1744,0000099931 - Venda Ativa
1745,0000097602 - Venda Ativa
1746,0000097597 - Venda Ativa
1747,0000098117 - Venda Ativa
1748,0000098421 - Venda Ativa
1749,0000098748 - Venda Ativa
1750,0000098371 - Venda Ativa
1751,0000098757 - Venda Ativa
1752,0000095202 - Venda Ativa
1753,0000095196 - Venda Ativa
1754,0000095201 - Venda Ativa
1755,0000095193 - Venda Ativa
1756,0000095200 - Venda Ativa
1757,0000095192 - Venda Ativa
1758,0000095198 - Venda Ativa
1759,0000095203 - Venda Ativa
1760,0000095197 - Venda Ativa
1761,0000095204 - Venda Ativa
1762,0000095314 - Venda Ativa
1763,0000095313 - Venda Ativa
1764,0000095315 - Venda Ativa
1765,0000095131 - Venda Ativa
1766,0000095130 - Venda Ativa
1767,0000095099 - Venda Ativa
1768,0000095102 - Venda Ativa
1769,0000095123 - Venda Ativa
1770,0000095122 - Venda Ativa
1771,0000095094 - Venda Ativa
1772,0000095125 - Venda Ativa
1773,0000095124 - Venda Ativa
1774,0000095096 - Venda Ativa
1775,0000095127 - Venda Ativa
1776,0000095095 - Venda Ativa
1777,0000095126 - Venda Ativa
1778,0000095129 - Venda Ativa
1779,0000095098 - Venda Ativa
1780,0000095128 - Venda Ativa
1781,0000095097 - Venda Ativa
1782,0000095089 - Venda Ativa
1783,0000095086 - Venda Ativa
1784,0000095085 - Venda Ativa
1785,0000095088 - Venda Ativa
1786,0000095087 - Venda Ativa
1787,0000095119 - Venda Ativa
1788,0000095118 - Venda Ativa
1789,0000095120 - Venda Ativa
1790,0000095112 - Venda Ativa
1791,0000095114 - Venda Ativa
1792,0000095115 - Venda Ativa
1793,0000095117 - Venda Ativa
1794,0000095116 - Venda Ativa
1795,0000095109 - Venda Ativa
1796,0000095140 - Venda Ativa
1797,0000095108 - Venda Ativa
1798,0000095139 - Venda Ativa
1799,0000095110 - Venda Ativa
1800,0000095111 - Venda Ativa
1801,0000095132 - Venda Ativa
1802,0000095133 - Venda Ativa
1803,0000095103 - Venda Ativa
1804,0000095106 - Venda Ativa
1805,0000095136 - Venda Ativa
1806,0000095135 - Venda Ativa
1807,0000095105 - Venda Ativa
1808,0000095107 - Venda Ativa
1809,0000095137 - Venda Ativa
1810,0000101464 - Venda Ativa
1811,0000095147 - Venda Ativa
1812,0000101471 - Venda Ativa
1813,0000095149 - Venda Ativa
1814,0000095148 - Venda Ativa
1815,0000101465 - Venda Ativa
1816,0000101463 - Venda Ativa
1817,0000101457 - Venda Ativa
1818,0000101737 - Venda Ativa
1819,0000101736 - Venda Ativa
1820,0000101733 - Venda Ativa
1821,0000101386 - Venda Ativa
1822,0000101384 - Venda Ativa
1823,0000101379 - Venda Ativa
1824,0000101441 - Venda Ativa
1825,0000101424 - Venda Ativa
1826,0000101427 - Venda Ativa
1827,0000101415 - Venda Ativa
1828,0000101407 - Venda Ativa
1829,0000101396 - Venda Ativa
1830,0000101395 - Venda Ativa
1831,0000102178 - Venda Ativa
1832,0000102177 - Venda Ativa
1833,0000102180 - Venda Ativa
1834,0000102179 - Venda Ativa
1835,0000102175 - Venda Ativa
1836,0000102174 - Venda Ativa
1837,0000102176 - Venda Ativa
1838,0000102171 - Venda Ativa
1839,0000102172 - Venda Ativa
1840,0000102173 - Venda Ativa
1841,0000102162 - Venda Ativa
1842,0000102145 - Venda Ativa
1843,0000102144 - Venda Ativa
1844,0000102126 - Venda Ativa
1845,0000102161 - Venda Ativa
1846,0000102143 - Venda Ativa
1847,0000102139 - Venda Ativa
1848,0000102160 - Venda Ativa
1849,0000102140 - Venda Ativa
1850,0000102155 - Venda Ativa
1851,0000102125 - Venda Ativa
1852,0000102157 - Venda Ativa
1853,0000102142 - Venda Ativa
1854,0000102156 - Venda Ativa
1855,0000102141 - Venda Ativa
1856,0000102118 - Venda Ativa
1857,0000102120 - Venda Ativa
1858,0000102119 - Venda Ativa
1859,0000102122 - Venda Ativa
1860,0000102138 - Venda Ativa
1861,0000102121 - Venda Ativa
1862,0000102124 - Venda Ativa
1863,0000102123 - Venda Ativa
1864,0000102169 - Venda Ativa
1865,0000102170 - Venda Ativa
1866,0000102167 - Venda Ativa
1867,0000102166 - Venda Ativa
1868,0000102159 - Venda Ativa
1869,0000102158 - Venda Ativa
1870,0000102168 - Venda Ativa
1871,0000102152 - Venda Ativa
1872,0000102151 - Venda Ativa
1873,0000102165 - Venda Ativa
1874,0000102153 - Venda Ativa
1875,0000102154 - Venda Ativa
1876,0000102147 - Venda Ativa
1877,0000102163 - Venda Ativa
1878,0000102146 - Venda Ativa
1879,0000102149 - Venda Ativa
1880,0000102148 - Venda Ativa
1881,0000102164 - Venda Ativa
1882,0000102085 - Venda Ativa
1883,0000102100 - Venda Ativa
1884,0000102076 - Venda Ativa
1885,0000102075 - Venda Ativa
1886,0000102099 - Venda Ativa
1887,0000102084 - Venda Ativa
1888,0000102150 - Venda Ativa
1889,0000102077 - Venda Ativa
1890,0000102082 - Venda Ativa
1891,0000102073 - Venda Ativa
1892,0000102083 - Venda Ativa
1893,0000102074 - Venda Ativa
1894,0000101833 - Venda Ativa
1895,0000102098 - Venda Ativa
1896,0000102071 - Venda Ativa
1897,0000102070 - Venda Ativa
1898,0000102081 - Venda Ativa
1899,0000102072 - Venda Ativa
1900,0000102116 - Venda Ativa
1901,0000102115 - Venda Ativa
1902,0000102137 - Venda Ativa
1903,0000102117 - Venda Ativa
1904,0000102110 - Venda Ativa
1905,0000102093 - Venda Ativa
1906,0000102134 - Venda Ativa
1907,0000102109 - Venda Ativa
1908,0000102092 - Venda Ativa
1909,0000102133 - Venda Ativa
1910,0000102136 - Venda Ativa
1911,0000102112 - Venda Ativa
1912,0000102095 - Venda Ativa
1913,0000102111 - Venda Ativa
1914,0000102094 - Venda Ativa
1915,0000102135 - Venda Ativa
1916,0000102114 - Venda Ativa
1917,0000102097 - Venda Ativa
1918,0000102113 - Venda Ativa
1919,0000102096 - Venda Ativa
1920,0000102106 - Venda Ativa
1921,0000102128 - Venda Ativa
1922,0000102127 - Venda Ativa
1923,0000102089 - Venda Ativa
1924,0000102130 - Venda Ativa
1925,0000102088 - Venda Ativa
1926,0000102129 - Venda Ativa
1927,0000102108 - Venda Ativa
1928,0000102091 - Venda Ativa
1929,0000102132 - Venda Ativa
1930,0000102107 - Venda Ativa
1931,0000102090 - Venda Ativa
1932,0000102131 - Venda Ativa
1933,0000102102 - Venda Ativa
1934,0000102101 - Venda Ativa
1935,0000101834 - Venda Ativa
1936,0000102086 - Venda Ativa
1937,0000102103 - Venda Ativa
1938,0000102105 - Venda Ativa
1939,0000102104 - Venda Ativa
1940,0000102087 - Venda Ativa
1941,0000102080 - Venda Ativa
1942,0000102079 - Venda Ativa
1943,0000102069 - Venda Ativa
1944,0000102078 - Venda Ativa
1945,0000101832 - Venda Ativa
1946,0000095812 - Venda Ativa
1947,0000102316 - Venda Ativa
1948,0000102302 - Venda Ativa
1949,0000102309 - Venda Ativa
1950,0000102303 - Venda Ativa
1951,0000102307 - Venda Ativa
1952,0000102300 - Venda Ativa
1953,0000102301 - Venda Ativa
1954,0000102308 - Venda Ativa
1955,0000102299 - Venda Ativa
1956,0000102290 - Venda Ativa
1957,0000102306 - Venda Ativa
1958,0000102298 - Venda Ativa
1959,0000102291 - Venda Ativa
1960,0000102314 - Venda Ativa
1961,0000102315 - Venda Ativa
1962,0000102312 - Venda Ativa
1963,0000102313 - Venda Ativa
1964,0000102311 - Venda Ativa
1965,0000102310 - Venda Ativa
1966,0000102304 - Venda Ativa
1967,0000102284 - Venda Ativa
1968,0000102282 - Venda Ativa
1969,0000102292 - Venda Ativa
1970,0000102283 - Venda Ativa
1971,0000102277 - Venda Ativa
1972,0000102296 - Venda Ativa
1973,0000102305 - Venda Ativa
1974,0000102289 - Venda Ativa
1975,0000102297 - Venda Ativa
1976,0000102287 - Venda Ativa
1977,0000102295 - Venda Ativa
1978,0000102294 - Venda Ativa
1979,0000102288 - Venda Ativa
1980,0000102286 - Venda Ativa
1981,0000102285 - Venda Ativa
1982,0000102293 - Venda Ativa
1983,0000102263 - Venda Ativa
1984,0000102271 - Venda Ativa
1985,0000102278 - Venda Ativa
1986,0000102264 - Venda Ativa
1987,0000102269 - Venda Ativa
1988,0000102270 - Venda Ativa
1989,0000102262 - Venda Ativa
1990,0000102267 - Venda Ativa
1991,0000102254 - Venda Ativa
1992,0000102261 - Venda Ativa
1993,0000102255 - Venda Ativa
1994,0000102268 - Venda Ativa
1995,0000102275 - Venda Ativa
1996,0000102276 - Venda Ativa
1997,0000102281 - Venda Ativa
1998,0000096122 - Venda Ativa
1999,0000102274 - Venda Ativa
2000,0000102280 - Venda Ativa
2001,0000102272 - Venda Ativa
2002,0000102265 - Venda Ativa
2003,0000102279 - Venda Ativa
2004,0000102273 - Venda Ativa
2005,0000102266 - Venda Ativa
2006,0000102237 - Venda Ativa
2007,0000102246 - Venda Ativa
2008,0000102256 - Venda Ativa
2009,0000102238 - Venda Ativa
2010,0000102244 - Venda Ativa
2011,0000102236 - Venda Ativa
2012,0000102245 - Venda Ativa
2013,0000102235 - Venda Ativa
2014,0000102225 - Venda Ativa
2015,0000102242 - Venda Ativa
2016,0000102222 - Venda Ativa
2017,0000102233 - Venda Ativa
2018,0000102223 - Venda Ativa
2019,0000102234 - Venda Ativa
2020,0000102224 - Venda Ativa
2021,0000102243 - Venda Ativa
2022,0000102260 - Venda Ativa
2023,0000102252 - Venda Ativa
2024,0000102253 - Venda Ativa
2025,0000102250 - Venda Ativa
2026,0000102259 - Venda Ativa
2027,0000102251 - Venda Ativa
2028,0000102240 - Venda Ativa
2029,0000102258 - Venda Ativa
2030,0000102247 - Venda Ativa
2031,0000102257 - Venda Ativa
2032,0000102239 - Venda Ativa
2033,0000102248 - Venda Ativa
2034,0000102249 - Venda Ativa
2035,0000102214 - Venda Ativa
2036,0000102202 - Venda Ativa
2037,0000102201 - Venda Ativa
2038,0000102204 - Venda Ativa
2039,0000102215 - Venda Ativa
2040,0000102203 - Venda Ativa
2041,0000102205 - Venda Ativa
2042,0000102213 - Venda Ativa
2043,0000102199 - Venda Ativa
2044,0000102200 - Venda Ativa
2045,0000102211 - Venda Ativa
2046,0000102210 - Venda Ativa
2047,0000102212 - Venda Ativa
2048,0000102198 - Venda Ativa
2049,0000102195 - Venda Ativa
2050,0000102194 - Venda Ativa
2051,0000102241 - Venda Ativa
2052,0000102208 - Venda Ativa
2053,0000102196 - Venda Ativa
2054,0000102197 - Venda Ativa
2055,0000102209 - Venda Ativa
2056,0000102231 - Venda Ativa
2057,0000102221 - Venda Ativa
2058,0000102232 - Venda Ativa
2059,0000102219 - Venda Ativa
2060,0000102230 - Venda Ativa
2061,0000102220 - Venda Ativa
2062,0000102207 - Venda Ativa
2063,0000102229 - Venda Ativa
2064,0000102218 - Venda Ativa
2065,0000102216 - Venda Ativa
2066,0000102227 - Venda Ativa
2067,0000102206 - Venda Ativa
2068,0000102226 - Venda Ativa
2069,0000102217 - Venda Ativa
2070,0000102228 - Venda Ativa
2071,0000102191 - Venda Ativa
2072,0000102190 - Venda Ativa
2073,0000102193 - Venda Ativa
2074,0000102192 - Venda Ativa
2075,0000102187 - Venda Ativa
2076,0000102189 - Venda Ativa
2077,0000102188 - Venda Ativa
2078,0000102186 - Venda Ativa
2079,0000102182 - Venda Ativa
2080,0000102181 - Venda Ativa
2081,0000102184 - Venda Ativa
2082,0000102183 - Venda Ativa
2083,0000102185 - Venda Ativa
2084,0000095646 - Venda Ativa
2085,0000095645 - Venda Ativa
2086,0000095657 - Venda Ativa
2087,0000095650 - Venda Ativa
2088,0000095656 - Venda Ativa
2089,0000095648 - Venda Ativa
2090,0000095647 - Venda Ativa
2091,0000101760 - Venda Ativa
2092,0000101758 - Venda Ativa
2093,0000101764 - Venda Ativa
2094,0000101761 - Venda Ativa
2095,0000101762 - Venda Ativa
2096,0000101744 - Venda Ativa
2097,0000101806 - Venda Ativa
2098,0000101803 - Venda Ativa
2099,0000101800 - Venda Ativa
2100,0000095679 - Venda Ativa
2101,0000101798 - Venda Ativa
2102,0000095677 - Venda Ativa
2103,0000095676 - Venda Ativa
2104,0000095678 - Venda Ativa
2105,0000095673 - Venda Ativa
2106,0000095675 - Venda Ativa
2107,0000095680 - Venda Ativa
2108,0000095681 - Venda Ativa
2109,0000101792 - Venda Ativa
2110,0000095670 - Venda Ativa
2111,0000095672 - Venda Ativa
2112,0000095669 - Venda Ativa
2113,0000101794 - Venda Ativa
2114,0000095667 - Venda Ativa
2115,0000095696 - Venda Ativa
2116,0000095662 - Venda Ativa
2117,0000095661 - Venda Ativa
2118,0000095654 - Venda Ativa
2119,0000095652 - Venda Ativa
2120,0000095653 - Venda Ativa
2121,0000095658 - Venda Ativa
2122,0000095651 - Venda Ativa
2123,0000095659 - Venda Ativa
2124,0000095666 - Venda Ativa
2125,0000095665 - Venda Ativa
2126,0000095663 - Venda Ativa
2127,0000095674 - Venda Ativa
2128,0000085463 - Venda Ativa
2129,0000099034 - Venda Ativa
2130,0000098972 - Venda Ativa
2131,0000096630 - Venda Ativa
2132,0000099104 - Venda Ativa
2133,0000096488 - Venda Ativa
2134,0000103834 - Venda Ativa
2135,0000088943 - Venda Ativa
2136,0000102448 - Venda Ativa
2137,0000102440 - Venda Ativa
2138,0000102447 - Venda Ativa
2139,0000102422 - Venda Ativa
2140,0000102433 - Venda Ativa
2141,0000102428 - Venda Ativa
2142,0000102430 - Venda Ativa
2143,0000102427 - Venda Ativa
2144,0000102416 - Venda Ativa
2145,0000102419 - Venda Ativa
2146,0000102424 - Venda Ativa
2147,0000102403 - Venda Ativa
2148,0000102407 - Venda Ativa
2149,0000102413 - Venda Ativa
2150,0000102394 - Venda Ativa
2151,0000102392 - Venda Ativa
2152,0000102880 - Venda Ativa
2153,0000102778 - Venda Ativa
2154,0000102777 - Venda Ativa
2155,0000102515 - Venda Ativa
2156,0000102462 - Venda Ativa
2157,0000102458 - Venda Ativa
2158,0000102457 - Venda Ativa
2159,0000102454 - Venda Ativa
2160,0000102463 - Venda Ativa
2161,0000102455 - Venda Ativa
2162,0000102875 - Venda Ativa
2163,0000102879 - Venda Ativa
2164,0000102869 - Venda Ativa
2165,0000102870 - Venda Ativa
2166,0000102867 - Venda Ativa
2167,0000102868 - Venda Ativa
2168,0000103130 - Venda Ativa
2169,0000103129 - Venda Ativa
2170,0000103131 - Venda Ativa
2171,0000103127 - Venda Ativa
2172,0000103128 - Venda Ativa
2173,0000102861 - Venda Ativa
2174,0000102858 - Venda Ativa
2175,0000103134 - Venda Ativa
2176,0000103126 - Venda Ativa
2177,0000103135 - Venda Ativa
2178,0000102862 - Venda Ativa
2179,0000103120 - Venda Ativa
2180,0000103104 - Venda Ativa
2181,0000103113 - Venda Ativa
2182,0000103105 - Venda Ativa
2183,0000103111 - Venda Ativa
2184,0000103119 - Venda Ativa
2185,0000103103 - Venda Ativa
2186,0000102854 - Venda Ativa
2187,0000103112 - Venda Ativa
2188,0000102847 - Venda Ativa
2189,0000103124 - Venda Ativa
2190,0000103102 - Venda Ativa
2191,0000102853 - Venda Ativa
2192,0000103100 - Venda Ativa
2193,0000103109 - Venda Ativa
2194,0000102846 - Venda Ativa
2195,0000103125 - Venda Ativa
2196,0000103132 - Venda Ativa
2197,0000103116 - Venda Ativa
2198,0000103123 - Venda Ativa
2199,0000102860 - Venda Ativa
2200,0000103117 - Venda Ativa
2201,0000102857 - Venda Ativa
2202,0000103122 - Venda Ativa
2203,0000103115 - Venda Ativa
2204,0000103121 - Venda Ativa
2205,0000102855 - Venda Ativa
2206,0000103114 - Venda Ativa
2207,0000103094 - Venda Ativa
2208,0000103086 - Venda Ativa
2209,0000102835 - Venda Ativa
2210,0000103084 - Venda Ativa
2211,0000103093 - Venda Ativa
2212,0000103085 - Venda Ativa
2213,0000102844 - Venda Ativa
2214,0000103083 - Venda Ativa
2215,0000103099 - Venda Ativa
2216,0000103092 - Venda Ativa
2217,0000103090 - Venda Ativa
2218,0000102851 - Venda Ativa
2219,0000103106 - Venda Ativa
2220,0000103098 - Venda Ativa
2221,0000103107 - Venda Ativa
2222,0000103091 - Venda Ativa
2223,0000103096 - Venda Ativa
2224,0000103089 - Venda Ativa
2225,0000103088 - Venda Ativa
2226,0000103097 - Venda Ativa
2227,0000103095 - Venda Ativa
2228,0000103087 - Venda Ativa
2229,0000103041 - Venda Ativa
2230,0000103053 - Venda Ativa
2231,0000103042 - Venda Ativa
2232,0000103051 - Venda Ativa
2233,0000103039 - Venda Ativa
2234,0000103040 - Venda Ativa
2235,0000103052 - Venda Ativa
2236,0000103035 - Venda Ativa
2237,0000103037 - Venda Ativa
2238,0000103036 - Venda Ativa
2239,0000103050 - Venda Ativa
2240,0000103038 - Venda Ativa
2241,0000103025 - Venda Ativa
2242,0000103049 - Venda Ativa
2243,0000103048 - Venda Ativa
2244,0000103055 - Venda Ativa
2245,0000103054 - Venda Ativa
2246,0000103008 - Venda Ativa
2247,0000103026 - Venda Ativa
2248,0000103019 - Venda Ativa
2249,0000103018 - Venda Ativa
2250,0000103027 - Venda Ativa
2251,0000103009 - Venda Ativa
2252,0000103016 - Venda Ativa
2253,0000103007 - Venda Ativa
2254,0000103017 - Venda Ativa
2255,0000103012 - Venda Ativa
2256,0000103005 - Venda Ativa
2257,0000103013 - Venda Ativa
2258,0000103015 - Venda Ativa
2259,0000103006 - Venda Ativa
2260,0000103014 - Venda Ativa
2261,0000102991 - Venda Ativa
2262,0000103004 - Venda Ativa
2263,0000103032 - Venda Ativa
2264,0000103044 - Venda Ativa
2265,0000103024 - Venda Ativa
2266,0000103046 - Venda Ativa
2267,0000103045 - Venda Ativa
2268,0000103034 - Venda Ativa
2269,0000103033 - Venda Ativa
2270,0000103047 - Venda Ativa
2271,0000103022 - Venda Ativa
2272,0000103031 - Venda Ativa
2273,0000103043 - Venda Ativa
2274,0000103023 - Venda Ativa
2275,0000103029 - Venda Ativa
2276,0000103028 - Venda Ativa
2277,0000103021 - Venda Ativa
2278,0000103030 - Venda Ativa
2279,0000103020 - Venda Ativa
2280,0000102983 - Venda Ativa
2281,0000102982 - Venda Ativa
2282,0000102993 - Venda Ativa
2283,0000102974 - Venda Ativa
2284,0000102992 - Venda Ativa
2285,0000102984 - Venda Ativa
2286,0000102994 - Venda Ativa
2287,0000102975 - Venda Ativa
2288,0000102972 - Venda Ativa
2289,0000102971 - Venda Ativa
2290,0000102979 - Venda Ativa
2291,0000102973 - Venda Ativa
2292,0000102980 - Venda Ativa
2293,0000102970 - Venda Ativa
2294,0000102978 - Venda Ativa
2295,0000102969 - Venda Ativa
2296,0000102958 - Venda Ativa
2297,0000103002 - Venda Ativa
2298,0000102990 - Venda Ativa
2299,0000103011 - Venda Ativa
2300,0000103003 - Venda Ativa
2301,0000102999 - Venda Ativa
2302,0000102998 - Venda Ativa
2303,0000102988 - Venda Ativa
2304,0000103000 - Venda Ativa
2305,0000102989 - Venda Ativa
2306,0000103010 - Venda Ativa
2307,0000103001 - Venda Ativa
2308,0000102995 - Venda Ativa
2309,0000102997 - Venda Ativa
2310,0000102986 - Venda Ativa
2311,0000102996 - Venda Ativa
2312,0000102987 - Venda Ativa
2313,0000102985 - Venda Ativa
2314,0000102976 - Venda Ativa
2315,0000102959 - Venda Ativa
2316,0000102968 - Venda Ativa
2317,0000102977 - Venda Ativa
2318,0000102963 - Venda Ativa
2319,0000102981 - Venda Ativa
2320,0000102967 - Venda Ativa
2321,0000102966 - Venda Ativa
2322,0000102962 - Venda Ativa
2323,0000102961 - Venda Ativa
2324,0000102960 - Venda Ativa
2325,0000102965 - Venda Ativa
2326,0000102964 - Venda Ativa
2327,0000102373 - Venda Ativa
2328,0000102381 - Venda Ativa
2329,0000102828 - Venda Ativa
2330,0000102383 - Venda Ativa
2331,0000102384 - Venda Ativa
2332,0000102822 - Venda Ativa
2333,0000102358 - Venda Ativa
2334,0000102363 - Venda Ativa
2335,0000102356 - Venda Ativa
2336,0000102362 - Venda Ativa
2337,0000102827 - Venda Ativa
2338,0000102821 - Venda Ativa
2339,0000102369 - Venda Ativa
2340,0000102825 - Venda Ativa
2341,0000102824 - Venda Ativa
2342,0000102820 - Venda Ativa
2343,0000102909 - Venda Ativa
2344,0000102818 - Venda Ativa
2345,0000102352 - Venda Ativa
2346,0000102360 - Venda Ativa
2347,0000102829 - Venda Ativa
2348,0000102817 - Venda Ativa
2349,0000102346 - Venda Ativa
2350,0000102810 - Venda Ativa
2351,0000102807 - Venda Ativa
2352,0000102896 - Venda Ativa
2353,0000102816 - Venda Ativa
2354,0000102819 - Venda Ativa
2355,0000102338 - Venda Ativa
2356,0000102795 - Venda Ativa
2357,0000102802 - Venda Ativa
2358,0000102803 - Venda Ativa
2359,0000102891 - Venda Ativa
2360,0000102794 - Venda Ativa
2361,0000102798 - Venda Ativa
2362,0000102806 - Venda Ativa
2363,0000102800 - Venda Ativa
2364,0000102804 - Venda Ativa
2365,0000102789 - Venda Ativa
2366,0000102790 - Venda Ativa
2367,0000102792 - Venda Ativa
2368,0000102797 - Venda Ativa
2369,0000102785 - Venda Ativa
2370,0000102780 - Venda Ativa
2371,0000102791 - Venda Ativa
2372,0000102786 - Venda Ativa
2373,0000103078 - Venda Ativa
2374,0000103077 - Venda Ativa
2375,0000103070 - Venda Ativa
2376,0000103069 - Venda Ativa
2377,0000103076 - Venda Ativa
2378,0000103082 - Venda Ativa
2379,0000103080 - Venda Ativa
2380,0000103074 - Venda Ativa
2381,0000102836 - Venda Ativa
2382,0000103075 - Venda Ativa
2383,0000102839 - Venda Ativa
2384,0000102834 - Venda Ativa
2385,0000103071 - Venda Ativa
2386,0000103079 - Venda Ativa
2387,0000103072 - Venda Ativa
2388,0000103073 - Venda Ativa
2389,0000103067 - Venda Ativa
2390,0000103068 - Venda Ativa
2391,0000102936 - Venda Ativa
2392,0000102929 - Venda Ativa
2393,0000102917 - Venda Ativa
2394,0000103063 - Venda Ativa
2395,0000103062 - Venda Ativa
2396,0000103061 - Venda Ativa
2397,0000103060 - Venda Ativa
2398,0000103066 - Venda Ativa
2399,0000103064 - Venda Ativa
2400,0000103065 - Venda Ativa
2401,0000103059 - Venda Ativa
2402,0000103058 - Venda Ativa
2403,0000103655 - Venda Ativa
2404,0000103673 - Venda Ativa
2405,0000103654 - Venda Ativa
2406,0000103672 - Venda Ativa
2407,0000103656 - Venda Ativa
2408,0000103701 - Venda Ativa
2409,0000103669 - Venda Ativa
2410,0000103694 - Venda Ativa
2411,0000103696 - Venda Ativa
2412,0000103652 - Venda Ativa
2413,0000103695 - Venda Ativa
2414,0000103698 - Venda Ativa
2415,0000103697 - Venda Ativa
2416,0000103653 - Venda Ativa
2417,0000103700 - Venda Ativa
2418,0000103671 - Venda Ativa
2419,0000103699 - Venda Ativa
2420,0000103670 - Venda Ativa
2421,0000103662 - Venda Ativa
2422,0000103661 - Venda Ativa
2423,0000103664 - Venda Ativa
2424,0000103663 - Venda Ativa
2425,0000103666 - Venda Ativa
2426,0000103665 - Venda Ativa
2427,0000103693 - Venda Ativa
2428,0000103668 - Venda Ativa
2429,0000103692 - Venda Ativa
2430,0000103667 - Venda Ativa
2431,0000103647 - Venda Ativa
2432,0000103649 - Venda Ativa
2433,0000103648 - Venda Ativa
2434,0000103650 - Venda Ativa
2435,0000103660 - Venda Ativa
2436,0000103659 - Venda Ativa
2437,0000103691 - Venda Ativa
2438,0000103718 - Venda Ativa
2439,0000103690 - Venda Ativa
2440,0000103683 - Venda Ativa
2441,0000103711 - Venda Ativa
2442,0000103682 - Venda Ativa
2443,0000103710 - Venda Ativa
2444,0000103685 - Venda Ativa
2445,0000103713 - Venda Ativa
2446,0000103684 - Venda Ativa
2447,0000103712 - Venda Ativa
2448,0000103687 - Venda Ativa
2449,0000103715 - Venda Ativa
2450,0000103686 - Venda Ativa
2451,0000103714 - Venda Ativa
2452,0000103717 - Venda Ativa
2453,0000103688 - Venda Ativa
2454,0000103716 - Venda Ativa
2455,0000103703 - Venda Ativa
2456,0000103675 - Venda Ativa
2457,0000103702 - Venda Ativa
2458,0000103674 - Venda Ativa
2459,0000103705 - Venda Ativa
2460,0000103677 - Venda Ativa
2461,0000103704 - Venda Ativa
2462,0000103676 - Venda Ativa
2463,0000103707 - Venda Ativa
2464,0000103679 - Venda Ativa
2465,0000103706 - Venda Ativa
2466,0000103678 - Venda Ativa
2467,0000103709 - Venda Ativa
2468,0000103681 - Venda Ativa
2469,0000103708 - Venda Ativa
2470,0000103680 - Venda Ativa
2471,0000103645 - Venda Ativa
2472,0000103644 - Venda Ativa
2473,0000103646 - Venda Ativa
2474,0000103641 - Venda Ativa
2475,0000103640 - Venda Ativa
2476,0000103643 - Venda Ativa
2477,0000103642 - Venda Ativa
2478,0000103657 - Venda Ativa
2479,0000103836 - Venda Ativa
2480,0000103835 - Venda Ativa
2481,0000104131 - Venda Ativa
2482,0000104132 - Venda Ativa
2483,0000104133 - Venda Ativa
2484,0000104136 - Venda Ativa
2485,0000104134 - Venda Ativa
2486,0000104135 - Venda Ativa
2487,0000104155 - Venda Ativa
2488,0000104156 - Venda Ativa
2489,0000104144 - Venda Ativa
2490,0000104150 - Venda Ativa
2491,0000104151 - Venda Ativa
2492,0000104158 - Venda Ativa
2493,0000104143 - Venda Ativa
2494,0000104160 - Venda Ativa
2495,0000104161 - Venda Ativa
2496,0000104154 - Venda Ativa
2497,0000104152 - Venda Ativa
2498,0000104153 - Venda Ativa
2499,0000104159 - Venda Ativa
2500,0000104145 - Venda Ativa
2501,0000104137 - Venda Ativa