_CustomObjectKey,ID
2,5006g00000hGeuuAAC
3,5006g00000hGoxwAAC
4,5006g00000hGtI3AAK
5,5006g00000hGyKTAA0
6,5006g00000hH2evAAC
7,5006g00000hHFtqAAG
8,5006g00000hHFuHAAW
9,5006g00000hcZ5wAAE
10,5006g00000hcZJ5AAM
11,5006g00000hcZNqAAM
12,5006g00000hcaSTAAY
13,5006g00000hcb8iAAA
14,5006g00000hcbMWAAY
15,5006g00000hcbzYAAQ
16,5006g00000hccH7AAI
17,5006g00000hcdiiAAA
18,5006g00000hcdjlAAA
19,5006g00000hce11AAA
20,5006g00000hceEjAAI
21,5006g00000hchOcAAI
22,5006g00000hciMmAAI
23,5006g00000hctquAAA
24,5006g00000hcuoBAAQ
25,5006g00000hcutQAAQ
26,5006g00000hcwytAAA
27,5006g00000hcxXHAAY
28,5006g00000hcxXIAAY
29,5006g00000hcxXKAAY
30,5006g00000hcxXeAAI
31,5006g00000hcxZPAAY
32,5006g00000hczFuAAI
33,5006g00000hd25tAAA
34,5006g00000hd2xqAAA
35,5006g00000hd2z3AAA
36,5006g00000hd5ZZAAY
37,5006g00000hdOVXAA2
38,5006g00000hdRBNAA2
39,5006g00000hdRD2AAM
40,5006g00000hdRDNAA2
41,5006g00000hdRDiAAM
42,5006g00000hdRFrAAM
43,5006g00000hdRHjAAM
44,5006g00000hdRIIAA2
45,5006g00000hdRIPAA2
46,5006g00000hdRKHAA2
47,5006g00000hdRKKAA2
48,5006g00000hdRKpAAM
49,5006g00000hdRKuAAM
50,5006g00000hdVIdAAM
51,5006g00000hdVctAAE
52,5006g00000hdWUzAAM
53,5006g00000hdXdBAAU
54,5006g00000hdfaGAAQ
55,5006g00000hdkgkAAA
56,5006g00000hdkq5AAA
57,5006g00000hdlT2AAI
58,5006g00000hdmjBAAQ
59,5006g00000hdmjBAAQ
60,5006g00000hdpaqAAA
61,5006g00000hdr0QAAQ
62,5006g00000hds3GAAQ
63,5006g00000hduOLAAY
64,5006g00000hduOLAAY
65,5006g00000hdupbAAA
66,5006g00000hdvBNAAY
67,5006g00000hdvmEAAQ
68,5006g00000heAdHAAU
69,5006g00000heBzUAAU
70,5006g00000heChuAAE
71,5006g00000heCufAAE
72,5006g00000heDVVAA2
73,5006g00000heDVVAA2
74,5006g00000heDrCAAU
75,5006g00000heErXAAU
76,5006g00000heFzsAAE
77,5006g00000heGbHAAU
78,5006g00000heIT0AAM
79,5006g00000heKx8AAE
80,5006g00000heM4KAAU
81,5006g00000heP7BAAU
82,5006g00000heX1gAAE
83,5006g00000hebziAAA
84,5006g00000hedDQAAY
85,5006g00000heoIEAAY
86,5006g00000heut1AAA
87,5006g00000hez48AAA
88,5006g00000hf0Y9AAI
89,5006g00000hf4xSAAQ
90,5006g00000hf6L7AAI
91,5006g00000hf6ViAAI
92,5006g00000hf9UkAAI
93,5006g00000hfM97AAE
94,5006g00000hfMKsAAM
95,5006g00000hfQl3AAE
96,5006g00000hfS2pAAE
97,5006g00000hfSgBAAU
98,5006g00000hfWIrAAM
99,5006g00000hfWaWAAU
100,5006g00000hfXD5AAM
101,5006g00000hfXD5AAM
102,5006g00000hfYWWAA2
103,5006g00000hfZQAAA2
104,5006g00000hfasKAAQ
105,5006g00000hfbtYAAQ
106,5006g00000hfd69AAA
107,5006g00000hfl3XAAQ
108,5006g00000hflZdAAI
109,5006g00000hfm3iAAA
110,5006g00000hfmX4AAI
111,5006g00000hfo0vAAA
112,5006g00000hfozXAAQ
113,5006g00000hfp04AAA
114,5006g00000hfp3wAAA
115,5006g00000hfp3xAAA
116,5006g00000hfp3yAAA
117,5006g00000hfrN7AAI
118,5006g00000hfrkaAAA
119,5006g00000hfsDhAAI
120,5006g00000hfylaAAA
121,5006g00000hfzm0AAA
122,5006g00000hg9FsAAI
123,5006g00000hgAGrAAM
124,5006g00000hgBpJAAU
125,5006g00000hgD4BAAU
126,5006g00000hgG3eAAE
127,5006g00000hgGvWAAU
128,5006g00000hgH49AAE
129,5006g00000hgHmLAAU
130,5006g00000hgIp2AAE
131,5006g00000hgaTyAAI
132,5006g00000iINBuAAO
133,5006g00000iIOHyAAO
134,5006g00000iIRZLAA4
135,5006g00000iIVg2AAG
136,5006g00000iIXNuAAO
137,5006g00000iIXOOAA4
138,5006g00000iIlrOAAS
139,5006g00000iIlrOAAS
140,5006g00000iJ7WXAA0
141,5006g00000iJ7ZbAAK
142,5006g00000iJAwsAAG
143,5006g00000iJHsAAAW
144,5006g00000iJHxeAAG
145,5006g00000iJKueAAG
146,5006g00000iJNVCAA4