_CustomObjectKey,ID_TITULO,ID_SERIE,ID_PLANO,DATA_SORTEIO
413901,158978,AA,"A48PM ",2021-02-03
413902,171580,AA,"A48PM ",2021-02-03
413903,154657,AA,"D60PM ",2021-02-03
413904,161206,AA,"B48PM ",2021-02-03
413905,156692,AA,"A60PM ",2021-02-03
413906,163709,AA,"A60PM ",2021-02-03
413907,172932,AA,"A60PM ",2021-02-03
413908,169830,AA,"A48PM ",2021-02-03
413909,171081,AA,"A48PM ",2021-02-03
413910,460796,AA,"PM483 ",2021-07-03
413911,166995,AA,"A48PM ",2021-02-03
413912,168321,AA,"A60PM ",2021-02-03
413913,179573,AA,"D60PM ",2021-02-03
413914,158652,AA,"A60PM ",2021-02-03
413915,176333,AA,"A60PM ",2021-02-03
413916,7571,AA,"A48PM ",2021-08-04
413917,3399,AA,"C48PM ",2021-08-04
413918,410130,AA,"PM488 ",2021-07-03
413919,4473,AA,"C48PM ",2021-08-04
413920,4755,AA,"C48PM ",2021-08-04
413921,15990,AA,"C48PM ",2021-08-04
413922,290868,AA,"A60PM ",2021-08-04
413923,604569,AA,"PM483 ",2021-07-03
413924,5705,AA,"A60PM ",2021-08-04
413925,20290,AA,"D60PM ",2021-08-04
413926,146902,AA,"PMC48 ",2021-08-04
413927,144453,AA,"PMB48 ",2021-08-04
413928,171361,AC,"PU36C ",2021-07-03
413929,158942,AA,"PM363 ",2021-07-03
413930,164952,AA,"PM363 ",2021-07-03
413931,14115,AA,"D48PM ",2021-08-04
413932,143733,AA,"PMA48 ",2021-08-04
413933,53009,AA,"A36PU ",2021-08-04
413934,22439,AA,"A48PM ",2021-08-04
413935,553094,AA,"PM485 ",2021-07-03
413936,587894,AA,"PM488 ",2021-07-03
413937,546366,AA,"PM489 ",2021-07-03
413938,137104,AA,"PMA48 ",2021-08-04
413939,255427,AA,"PM488 ",2021-10-02
413940,151979,AA,"PM363 ",2021-07-03
413941,276256,AA,"PM483 ",2021-10-02
413942,474325,AA,"PM488 ",2021-07-03
413943,16579,AA,"PM606 ",2021-07-03
413944,159464,AA,"A60PM ",2021-02-03
413945,290782,AA,"A60PM ",2021-08-04
413946,28347,AA,"A48PM ",2021-08-04
413947,616824,AA,"PM483 ",2021-07-03
413948,12210,AA,"C48PM ",2021-08-04
413949,159522,AA,"B48PM ",2021-02-03
413950,173928,AA,"C48PM ",2021-02-03
413951,616381,AA,"PM488 ",2021-07-03
413952,59669,AB,"PM604 ",2021-07-03
413953,18723,AA,"D48PM ",2021-08-04
413954,67152,AA,"A36PM ",2021-08-04
413955,593330,AA,"PM483 ",2021-07-03
413956,451874,AA,"PM488 ",2021-07-03
413957,8775,AA,"B36PM ",2021-08-04
413958,25415,AA,"E48PM ",2021-08-04
413959,33220,AA,"PMC60 ",2021-05-05
413960,289668,AA,"B48PM ",2021-05-05
413961,217557,AA,"PUA36 ",2021-05-05
413962,67285,AA,"PMF48 ",2021-05-05
413963,43597,AA,"PMC60 ",2021-04-07
413964,39048,AA,"PMC60 ",2021-04-07
413965,79740,AA,"PMN48 ",2021-04-07
413966,30134,AA,"PME60 ",2021-04-07
413967,214701,AA,"A48PM ",2021-09-01
413968,203090,AA,"C48PM ",2021-09-01
413969,89563,AA,"PMA48 ",2021-04-07
413970,46641,AA,"PMA48 ",2021-04-07
413971,216226,AA,"C48PM ",2021-09-01
413972,57287,AA,"PMC60 ",2021-04-07
413973,234890,AA,"A60PM ",2021-09-01
413974,29529,AA,"PM606 ",2021-12-04
413975,524338,AA,"PM485 ",2021-12-04
413976,239444,AA,"B60PM ",2021-09-01
413977,222396,AA,"D60PM ",2021-09-01
413978,10498,AA,"PMA36 ",2021-05-05
413979,524628,AA,"PM489 ",2021-12-04
413980,530082,AA,"PM48O ",2021-12-04
413981,360342,AA,"PM483 ",2021-08-07
413982,199439,AA,"A48PM ",2021-09-01
413983,231247,AA,"A60PM ",2021-09-01
413984,45857,AA,"PMA48 ",2021-05-05
413985,70606,AA,"PMA48 ",2021-05-05
413986,430655,AA,"PM48H ",2021-08-07
413987,2120,AA,"PMC60 ",2021-05-05
413988,67156,AA,"48PMA ",2021-05-05
413989,218857,AA,"PUA36 ",2021-05-05
413990,200643,AA,"B48PM ",2021-09-01
413991,33915,AA,"PMC60 ",2021-05-05
413992,41352,AA,"PMC60 ",2021-05-05
413993,77339,AA,"PMN48 ",2021-05-05
413994,432269,AA,"PM48G ",2021-08-07
413995,346709,AA,"PM489 ",2021-08-07
413996,367705,AA,"PM489 ",2021-08-07
413997,452988,AA,"PM48G ",2021-08-07
413998,293342,AA,"PM488 ",2022-01-15
413999,60058,AA,"PMC60 ",2021-04-07
414000,315114,AA,"A60PM ",2021-04-07
414001,8622,AA,"PMC36 ",2021-04-07
414002,61464,AA,"PME60 ",2021-04-07
414003,41167,AA,"PMH48 ",2021-04-07
414004,299186,AA,"B48PM ",2021-04-07
414005,10426,AA,"PMA36 ",2021-04-07
414006,46323,AA,"PMC60 ",2021-04-07
414007,306953,AA,"PM488 ",2021-08-07
414008,330367,AA,"PM488 ",2021-08-07
414009,61187,AA,"48PMA ",2021-05-05
414010,268425,AA,"A48PM ",2021-05-05
414011,63700,AA,"PMI48 ",2021-04-07
414012,36459,AA,"PMD48 ",2021-04-07
414013,46105,AA,"PMC60 ",2021-04-07
414014,48397,AA,"PMG60 ",2021-04-07
414015,24316,AA,"PM607 ",2021-12-04
414016,414211,AA,"PM488 ",2021-08-07
414017,441431,AA,"PM488 ",2021-08-07
414018,49637,AA,"PMA48 ",2021-05-05
414019,393039,AA,"PM601 ",2018-09-22
414020,643855,AA,"PM604 ",2018-09-22
414021,192708,ED,"PM48E ",2017-10-18
414022,38771,EE,"PM48E ",2017-10-18
414023,13278,AA,"36PM3 ",2017-12-16
414024,41650,AA,"PM364 ",2017-12-16
414025,587435,AB,"PU36C ",2017-12-16
414026,435017,AB,"PU36C ",2018-08-04
414027,126861,AF,"PU368 ",2018-08-04
414028,260460,AA,"PM604 ",2018-09-01
414029,800071,AA,"PM604 ",2018-09-01
414030,322748,AA,"PM48H ",2017-12-30
414031,85258,AA,"PM367 ",2017-12-30
414032,337020,AB,"PU36C ",2018-10-06
414033,550690,AA,"PM604 ",2018-06-23
414034,278753,AA,"PM488 ",2018-10-06
414035,59617,AA,"PM24D ",2018-10-06
414036,297577,AA,"PU36C ",2018-10-06
414037,286812,AA,"PM486 ",2018-10-06
414038,532390,AA,"PM604 ",2018-10-06
414039,3161745,AA,"PU12C ",2018-09-26
414040,185164,AA,"PM601 ",2017-08-26
414041,357253,AA,"PM601 ",2017-08-26
414042,37207,AA,"PM484 ",2017-08-26
414043,123210,AA,"PM363 ",2018-05-19
414044,447233,AA,"PM483 ",2018-05-19
414045,2999938,AA,"PU12C ",2018-07-13
414046,550966,AA,"PM48D ",2018-11-03
414047,58340,AA,"PM606 ",2018-11-03
414048,264836,AC,"PU367 ",2017-11-04
414049,26086,AA,"PM24D ",2017-11-04
414050,700756,AA,"PU36C ",2017-11-04
414051,240592,AA,"PM601 ",2018-10-13
414052,392637,AA,"PM601 ",2017-12-16
414053,509863,AA,"PM601 ",2017-12-16
414054,256626,AA,"PM604 ",2017-12-16
414055,468529,AA,"PM601 ",2018-04-14
414056,269927,AA,"PM604 ",2018-04-14
414057,215984,AA,"PM60V ",2018-04-14
414058,49095,EE,"PM48E ",2018-08-22
414059,378507,AA,"PM604 ",2018-09-01
414060,40016,AB,"PM604 ",2017-10-07
414061,86296,AA,"PM365 ",2017-12-30
414062,325026,AA,"PM483 ",2017-12-30
414063,40247,AB,"PU36H ",2017-12-30
414064,302140,AA,"PM483 ",2018-10-06
414065,79204,AA,"PM363 ",2018-10-06
414066,188898,AB,"PU36C ",2018-10-06
414067,274909,AA,"PM483 ",2018-10-06
414068,3201312,AA,"PU12C ",2018-10-16
414069,379790,AA,"PM601 ",2018-05-19
414070,198342,AA,"PM601 ",2018-05-19
414071,124149,AA,"PM604 ",2018-11-03
414072,533163,AA,"PM483 ",2018-11-03
414073,440325,AB,"PU36C ",2018-11-03
414074,2532866,AA,"PU12C ",2017-09-06
414075,2517101,AA,"PU12C ",2017-09-06
414076,744756,AA,"PU36C ",2017-11-04
414077,78457,AA,"PM601 ",2017-08-05
414078,467778,AA,"PM601 ",2017-08-05
414079,40465,AA,"PM484 ",2017-08-05
414080,81744,AA,"PM484 ",2017-07-08
414081,210725,AA,"PM48O ",2017-07-08
414082,103653,AA,"PM484 ",2018-04-14
414083,12544,AA,"PM601 ",2017-10-21
414084,143181,AA,"PM483 ",2017-10-07
414085,142065,AA,"PM488 ",2017-10-07
414086,393901,AA,"PM601 ",2017-10-07
414087,2906989,AA,"PU12C ",2018-05-16
414088,87967,AA,"PM604 ",2018-08-18
414089,301604,AA,"PM483 ",2018-10-06
414090,290258,AA,"PM488 ",2018-10-06
414091,719791,AA,"PM604 ",2018-10-13
414092,47603,AA,"PM364 ",2018-10-13
414093,205350,AA,"PM604 ",2018-08-25
414094,26603,AA,"36PM3 ",2018-08-25
414095,245046,AA,"PM604 ",2017-08-26
414096,550929,AA,"PM604 ",2017-10-21
414097,144765,AA,"PM363 ",2018-11-03
414098,18866,AB,"PM604 ",2018-08-04
414099,73787,AA,"PM484 ",2018-08-04
414100,497322,AA,"PM488 ",2018-08-04
414101,127650,AA,"PM484 ",2017-08-05
414102,370161,AA,"PM601 ",2017-07-08
414103,86580,AA,"PM604 ",2017-07-08
414104,456275,AA,"PM604 ",2017-07-08
414105,1965,AB,"PM604 ",2017-07-08
414106,320336,AA,"PM487 ",2017-12-16
414107,417620,AA,"PM483 ",2018-04-14
414108,40585,AA,"PM484 ",2018-04-14
414109,403683,AD,"PU369 ",2017-10-21
414110,39917,AA,"PM604 ",2017-10-21
414111,2581405,AA,"PU12C ",2017-10-06
414112,250900,AA,"PM604 ",2017-10-07
414113,97504,AA,"PU481 ",2017-10-07
414114,361311,AA,"PM60V ",2018-08-18
414115,72657,AA,"PM484 ",2018-08-18
414116,124030,AA,"PM604 ",2018-08-18
414117,276822,AA,"PM488 ",2018-10-06
414118,281001,AA,"PM488 ",2018-10-06
414119,281746,AA,"PM48H ",2018-10-06
414120,88187,AA,"PM484 ",2018-08-25
414121,507211,AA,"PM483 ",2018-08-25
414122,447356,AA,"PM483 ",2018-05-19
414123,481266,AA,"PM604 ",2018-05-19
414124,293716,AA,"PM488 ",2017-11-04
414125,2757217,AA,"PU12C ",2018-02-07
414126,45152,AA,"PM24D ",2018-08-04
414127,71152,AA,"PM24R ",2018-08-04
414128,517664,AB,"PU36C ",2018-08-04
414129,180661,AA,"PM604 ",2017-08-05
414130,332182,AA,"PM604 ",2017-08-05
414131,424403,AA,"PM604 ",2017-12-16
414132,419178,AA,"PM488 ",2018-04-14
414133,308754,AA,"PM601 ",2018-04-14
414134,63427,AB,"PM604 ",2018-04-14
414135,2606738,AA,"PU12C ",2017-10-20
414136,2600230,AA,"PU12C ",2017-10-20
414137,586759,AA,"PM604 ",2017-10-21
414138,32874,AA,"PM367 ",2017-10-07
414139,71407,AA,"PM365 ",2017-10-07
414140,111818,AA,"PM488 ",2017-10-07
414141,31139,AF,"PU368 ",2017-08-05
414142,54899,AA,"PM484 ",2017-08-05
414143,799256,AB,"PU368 ",2017-08-05
414144,142883,AA,"PM363 ",2018-09-29
414145,159013,AC,"PU368 ",2017-08-26
414146,75415,AC,"PU36H ",2018-05-19
414147,42160,AA,"PM364 ",2018-06-23
414148,217822,AA,"PM604 ",2018-06-23
414149,678756,AA,"PU36H ",2017-11-04
414150,798756,AA,"PU36H ",2017-11-04
414151,538706,AA,"PM483 ",2021-12-04
414152,563975,AA,"PM483 ",2021-12-04
414153,305512,AA,"A48PM ",2021-05-05
414154,43766,AA,"PMA48 ",2021-05-05
414155,576384,AA,"PM48G ",2021-12-04
414156,516461,AA,"PM486 ",2021-12-04
414157,619870,AA,"PM488 ",2021-12-04
414158,566963,AA,"PM48O ",2021-12-04
414159,312779,AA,"PM483 ",2021-08-07
414160,324506,AA,"PM483 ",2021-08-07
414161,338395,AA,"PM483 ",2021-08-07
414162,358389,AA,"PM483 ",2021-08-07
414163,54553,AA,"PMD60 ",2021-05-05
414164,67212,AA,"PMC60 ",2021-05-05
414165,26071,AA,"PM607 ",2021-12-04
414166,37856,AA,"36PM2 ",2021-12-04
414167,457624,AA,"PM483 ",2021-08-07
414168,84527,AA,"PMI48 ",2021-05-05
414169,14257,AA,"PMA36 ",2021-05-05
414170,61834,AA,"PMG48 ",2021-05-05
414171,37028,AA,"PMC60 ",2021-04-07
414172,47475,AA,"PMC48 ",2021-04-07
414173,76955,AA,"PMI48 ",2021-04-07
414174,219357,AA,"PUA36 ",2021-05-05
414175,42235,AA,"PMD60 ",2021-05-05
414176,64593,AA,"PMC60 ",2021-05-05
414177,59055,AA,"PMC60 ",2021-04-07
414178,34595,AA,"PMC60 ",2021-04-07
414179,493310,AA,"PM485 ",2021-02-06
414180,320280,AA,"PM483 ",2021-02-06
414181,513449,AA,"PM488 ",2021-02-06
414182,436338,AA,"PM488 ",2021-02-06
414183,513650,AA,"PM488 ",2021-02-06
414184,127578,AA,"PM367 ",2021-02-06
414185,135498,AA,"PM365 ",2021-02-06
414186,560008,AA,"PM483 ",2021-02-06
414187,541421,AA,"PM483 ",2021-02-06
414188,464360,AA,"PM488 ",2021-02-06
414189,363045,AA,"PM486 ",2021-02-06
414190,130544,AA,"PM363 ",2021-02-06
414191,524655,AA,"PM489 ",2021-02-06
414192,547773,AA,"PM48H ",2021-02-06
414193,542724,AA,"PM48O ",2021-02-06
414194,418758,AA,"PM483 ",2021-06-19
414195,414759,AA,"PM488 ",2021-06-19
414196,414883,AA,"PM486 ",2021-06-19
414197,561449,AA,"PM483 ",2021-02-06
414198,361274,AA,"PM488 ",2021-02-06
414199,535478,AA,"PM483 ",2021-02-06
414200,363539,AA,"PM483 ",2021-02-06
414201,523859,AA,"PM488 ",2021-02-06
414202,476034,AA,"PM48O ",2021-02-06
414203,14015,AB,"PM604 ",2021-02-06
414204,136311,AA,"PM363 ",2021-02-06
414205,512298,AA,"PM483 ",2021-02-06
414206,540645,AA,"PM488 ",2021-02-06
414207,365192,AA,"PM483 ",2021-02-06
414208,29016,AB,"PM604 ",2018-08-04
414209,661761,AA,"PM604 ",2017-08-05
414210,682182,AA,"PM604 ",2017-08-05
414211,734019,AA,"PM604 ",2017-08-05
414212,795728,AA,"PM604 ",2017-08-05
414213,46862,AA,"PM364 ",2017-12-16
414214,119544,AA,"PM484 ",2017-12-16
414215,586728,AB,"PU36C ",2017-12-16
414216,44017,AA,"PM481 ",2017-07-22
414217,264483,AA,"PM601 ",2017-07-22
414218,396520,AA,"PM601 ",2017-07-22
414219,59624,AB,"PM604 ",2017-10-21
414220,318748,AB,"PU368 ",2017-10-21
414221,2503072,AA,"PU12C ",2017-08-18
414222,475208,AB,"PU36C ",2017-10-07
414223,488844,AA,"PM604 ",2017-10-07
414224,58034,EE,"PM48E ",2017-07-19
414225,396610,AA,"PM601 ",2018-06-23
414226,71851,AA,"PM363 ",2017-10-07
414227,273351,AA,"PM601 ",2017-10-07
414228,385414,AA,"PM604 ",2018-08-25
414229,728959,AA,"PM604 ",2018-08-25
414230,2459732,AA,"PU12C ",2017-07-28
414231,240348,AA,"PM48J ",2017-08-26
414232,237964,AA,"PM48D ",2017-08-26
414233,736692,AA,"PU36C ",2018-08-04
414234,18152,AA,"PM24D ",2018-08-04
414235,9988,AA,"PM364 ",2017-08-05
414236,3946,AA,"PM24R ",2017-08-05
414237,25946,AA,"PM24R ",2017-08-05
414238,653985,AA,"PM604 ",2017-12-16
414239,654572,AA,"PM60V ",2017-07-22
414240,724376,AA,"PM60V ",2017-07-22
414241,494214,AB,"PU36C ",2017-10-21
414242,74893,AA,"PM36F ",2017-10-21
414243,36117,AA,"PM366 ",2017-10-07
414244,997210,AA,"PU36H ",2017-10-07
414245,33946,AA,"PM24D ",2017-08-05
414246,105184,AA,"PM484 ",2017-08-05
414247,393647,AA,"PM601 ",2017-07-08
414248,132008,AA,"PM488 ",2017-10-07
414249,3201128,AA,"PU12C ",2018-10-18
414250,2819891,AA,"PU12C ",2018-04-02
414251,3009692,AA,"PU12C ",2018-07-11
414252,3011731,AA,"PU12C ",2018-07-11
414253,61095,AA,"PM605 ",2018-11-03
414254,567681,AA,"PM604 ",2018-11-03
414255,316302,AA,"PM604 ",2018-08-04
414256,38916,AA,"PU36C ",2017-08-05
414257,390173,AA,"PM48O ",2018-03-10
414258,58500,AB,"PM60V ",2018-03-10
414259,83471,AA,"PM601 ",2018-04-28
414260,108410,AA,"PM604 ",2017-07-22
414261,178533,AA,"PM604 ",2017-07-22
414262,242143,AA,"PM604 ",2017-07-22
414263,13973,AB,"PM60V ",2017-10-07
414264,612229,AA,"PM604 ",2017-08-05
414265,97787,AA,"PM483 ",2017-08-05
414266,109606,AA,"PM487 ",2017-08-05
414267,780748,AA,"PM60V ",2017-07-08
414268,208553,AA,"PM604 ",2017-07-08
414269,273601,AA,"PM488 ",2017-10-07
414270,35696,AA,"PM363 ",2017-10-07
414271,448163,AA,"PM601 ",2017-09-02
414272,336148,AA,"PM603 ",2017-09-02
414273,3185006,AA,"PU12C ",2018-10-17
414274,3187231,AA,"PU12C ",2018-10-17
414275,143957,AA,"PM363 ",2018-11-03
414276,143210,AA,"PM60V ",2018-11-03
414277,586561,AA,"PM604 ",2018-08-04
414278,495708,AA,"PM489 ",2018-08-04
414279,126916,AA,"PU36C ",2017-08-05
414280,996916,AA,"PU36C ",2017-08-05
414281,517708,AA,"PM601 ",2018-04-28
414282,500539,AA,"PM60V ",2018-04-28
414283,275545,AA,"PM604 ",2017-07-22
414284,90306,AA,"PM48G ",2017-08-05
414285,8350,AA,"PM607 ",2017-08-05
414286,8166,AB,"PM60V ",2021-05-15
414287,495542,AA,"PM604 ",2017-07-08
414288,538937,AA,"PM604 ",2017-07-08
414289,627638,AA,"PM604 ",2017-07-08
414290,133099,AA,"PM483 ",2017-10-07
414291,122795,AA,"PM483 ",2017-10-07
414292,2514985,AA,"PU12C ",2017-09-01
414293,2796558,AA,"PU12C ",2018-03-09
414294,2847927,AA,"PU12C ",2018-04-11
414295,486340,AA,"PM601 ",2018-04-28
414296,427476,AA,"PM48O ",2018-04-28
414297,279677,AA,"PM601 ",2017-07-22
414298,306070,AA,"PM604 ",2017-07-22
414299,306969,AA,"PM48O ",2018-10-06
414300,2500317,AA,"PU12C ",2017-08-25
414301,127645,AA,"PU481 ",2017-09-02
414302,169475,AA,"PM604 ",2017-09-02
414303,192042,AA,"PM604 ",2017-09-02
414304,205159,AA,"PM604 ",2017-09-02
414305,780552,AA,"PM604 ",2018-10-20
414306,553013,AA,"PM48D ",2018-11-03
414307,610610,AA,"PM604 ",2018-08-04
414308,135855,AA,"PM365 ",2018-08-04
414309,9197,AA,"PM607 ",2017-08-05
414310,90458,AA,"PM48O ",2017-08-05
414311,116669,AA,"PM48O ",2017-08-05
414312,333814,AA,"PM604 ",2018-04-28
414313,59202,AA,"PM364 ",2017-07-22
414314,16269,AB,"PM604 ",2017-10-07
414315,272239,AA,"PM604 ",2018-08-18
414316,48319,AA,"PM364 ",2017-07-08
414317,53860,AA,"PU368 ",2017-07-08
414318,47052,AB,"PM604 ",2017-12-16
414319,793986,AA,"PM604 ",2018-04-28
414320,50083,AE,"PU368 ",2018-05-19
414321,135351,AA,"PM604 ",2018-09-08
414322,572099,AA,"PM604 ",2018-09-08
414323,3187884,AA,"PU12C ",2018-10-10
414324,390246,AA,"PM604 ",2017-09-02
414325,643776,AA,"PM604 ",2017-09-02
414326,3103549,AA,"PU12C ",2018-08-29
414327,82231,AA,"PM604 ",2018-05-12
414328,33462,AA,"PM484 ",2018-09-08
414329,41996,AB,"PM60V ",2018-09-08
414330,43995,AD,"PU369 ",2018-09-08
414331,896096,AB,"PU369 ",2017-11-04
414332,115900,AA,"PM48D ",2017-08-05
414333,119397,AA,"PM48D ",2017-08-05
414334,686338,AA,"PM604 ",2018-04-28
414335,52759,AB,"PM604 ",2018-04-28
414336,52492,AA,"PM364 ",2018-04-28
414337,48086,AA,"PM607 ",2018-04-28
414338,426485,AA,"PM48H ",2018-04-28
414339,55758,AA,"PM365 ",2017-07-22
414340,68624,AA,"PM604 ",2018-09-01
414341,553120,AB,"PU36H ",2018-09-01
414342,510209,AA,"PM48G ",2018-09-01
414343,114803,AA,"PM489 ",2017-10-07
414344,526290,AA,"PM604 ",2018-08-18
414345,206533,AA,"PM601 ",2018-09-15
414346,205394,AA,"PM48G ",2017-07-08
414347,283408,AB,"PU36C ",2018-10-06
414348,113058,AA,"PM484 ",2018-10-06
414349,302750,AA,"PM48D ",2018-10-06
414350,3080553,AA,"PU12C ",2018-08-22
414351,3207408,AA,"PU12C ",2018-10-23
414352,54455,AB,"PM604 ",2017-09-02
414353,14800,AB,"PM604 ",2021-02-27
414354,220078,AA,"PM604 ",2018-10-27
414355,29368,AA,"36PM2 ",2018-10-27
414356,483923,AA,"PM601 ",2018-10-27
414357,544467,AA,"PM483 ",2018-10-27
414358,546249,AA,"PM488 ",2018-11-03
414359,522247,AA,"PM48O ",2018-11-03
414360,391826,AA,"PM601 ",2018-11-03
414361,636707,AA,"PU36C ",2018-11-03
414362,431809,AA,"PM604 ",2018-11-03
414363,379910,AA,"PM604 ",2018-09-08
414364,613033,AA,"PM604 ",2018-03-10
414365,26048,AA,"PM364 ",2018-03-10
414366,90819,AA,"PM488 ",2017-08-05
414367,103891,AA,"PM488 ",2017-08-05
414368,430749,AA,"PM488 ",2018-04-28
414369,420490,AA,"PM48G ",2018-04-14
414370,536185,AA,"PM604 ",2018-04-14
414371,31450,AA,"PM366 ",2017-10-07
414372,806196,AA,"PM604 ",2017-10-07
414373,468499,AA,"PM601 ",2018-09-15
414374,312189,AA,"PM60V ",2018-09-15
414375,28239,EE,"PM48E ",2017-09-20
414376,594974,AC,"PU368 ",2018-10-06
414377,69032,AA,"PM363 ",2018-10-06
414378,258975,AA,"PM483 ",2018-10-06
414379,273643,AA,"PM483 ",2018-10-06
414380,63617,AA,"PM24R ",2018-10-06
414381,308519,AA,"PM488 ",2018-10-06
414382,413382,AA,"PM604 ",2018-10-13
414383,9911,AB,"PM604 ",2018-10-13
414384,229518,AA,"PM604 ",2018-10-20
414385,609336,AC,"PU368 ",2017-09-02
414386,39736,AA,"PM24R ",2017-09-02
414387,592106,AA,"PU36C ",2017-09-02
414388,728608,AA,"PM604 ",2021-02-27
414389,255481,AA,"PM601 ",2018-10-27
414390,542115,AA,"PM489 ",2018-11-03
414391,172461,AA,"PM60V ",2018-03-10
414392,575677,AA,"PM604 ",2018-03-10
414393,63556,AA,"PM604 ",2018-03-10
414394,515735,AA,"PM604 ",2018-03-10
414395,37771,AB,"PM60V ",2018-03-10
414396,850756,AA,"PU36C ",2017-11-04
414397,494162,AA,"PM488 ",2018-08-04
414398,467589,AA,"PM601 ",2018-08-04
414399,735567,AA,"PM604 ",2018-08-04
414400,226251,AA,"PM488 ",2017-08-05
414401,226879,AA,"PM488 ",2017-08-05
414402,227700,AA,"PM488 ",2017-08-05
414403,224654,AA,"PM486 ",2017-08-05
414404,221829,AA,"PM604 ",2018-05-12
414405,336077,AA,"PM601 ",2018-05-12
414406,2878016,AA,"PU12C ",2018-05-07
414407,3047430,AA,"PU12C ",2018-08-02
414408,611408,AB,"PU36H ",2018-09-01
414409,509562,AA,"PM488 ",2018-09-01
414410,365883,AA,"PM604 ",2018-09-15
414411,372823,AA,"PM604 ",2018-09-15
414412,772958,AA,"PM604 ",2018-09-15
414413,39610,AB,"PM604 ",2018-09-15
414414,2981427,AA,"PU12C ",2018-06-26
414415,624013,AC,"PU367 ",2018-06-23
414416,289645,AA,"PM604 ",2018-10-06
414417,72617,AA,"PM24D ",2018-10-06
414418,15817,AB,"PM604 ",2018-10-06
414419,64466,AA,"PM365 ",2018-10-06
414420,734106,AA,"PU36C ",2017-09-02
414421,402724,AB,"PU36C ",2017-09-02
414422,403814,AA,"PM604 ",2018-10-27
414423,235773,AA,"PM604 ",2018-11-03
414424,527551,AA,"PM488 ",2018-11-03
414425,228286,AD,"PU367 ",2018-11-03
414426,38440,AA,"PM481 ",2017-11-04
414427,126672,AA,"PM601 ",2017-11-04
414428,321219,AA,"PM601 ",2017-11-04
414429,423504,AA,"PM601 ",2017-11-04
414430,9732,AB,"PM604 ",2018-03-10
414431,730063,AB,"PU36C ",2018-03-10
414432,419691,AA,"PM604 ",2018-03-10
414433,57415,AB,"PM604 ",2018-09-22
414434,86557,AA,"PM484 ",2018-09-22
414435,307767,AE,"PU368 ",2018-09-22
414436,30540,AA,"PM365 ",2017-08-05
414437,33762,AA,"PMC60 ",2021-04-07
414438,218357,AA,"PUB36 ",2021-05-05
414439,8714,AA,"PMA36 ",2021-05-05
414440,126466,AA,"A48PM ",2021-09-01
414441,233960,AA,"A60PM ",2021-09-01
414442,87893,AA,"PMG48 ",2021-04-07
414443,70751,AA,"PMA48 ",2021-04-07
414444,84626,AA,"PMA48 ",2021-04-07
414445,70932,AA,"PMN48 ",2021-04-07
414446,199473,AA,"A48PM ",2021-09-01
414447,222445,AA,"D60PM ",2021-09-01
414448,221032,AA,"A60PM ",2021-09-01
414449,202190,AA,"B48PM ",2021-09-01
414450,216022,AA,"A60PM ",2021-09-01
414451,214448,AA,"A48PM ",2021-09-01
414452,180576,AC,"PU36C ",2021-08-07
414453,228725,AA,"A60PM ",2021-09-01
414454,94401,AA,"PM60G ",2021-05-05
414455,258591,AA,"PM48O ",2021-08-07
414456,214140,AA,"A48PM ",2021-09-01
414457,216227,AA,"A60PM ",2021-09-01
414458,234930,AA,"A60PM ",2021-09-01
414459,223688,AA,"A60PM ",2021-09-01
414460,248143,AA,"PM48O ",2021-08-07
414461,371109,AA,"PM483 ",2021-08-07
414462,4281,AB,"A60PM ",2021-09-01
414463,206980,AA,"A48PM ",2021-09-01
414464,234211,AA,"A60PM ",2021-09-01
414465,291786,AA,"F48PM ",2021-05-05
414466,95484,AA,"PM60E ",2021-05-05
414467,48009,AA,"PMA48 ",2021-05-05
414468,360193,AA,"PM48L ",2021-08-07
414469,419292,AA,"PM48I ",2021-08-07
414470,279663,AA,"E48PM ",2021-05-05
414471,60086,AA,"PMC60 ",2021-05-05
414472,45556,AA,"PMA48 ",2021-05-05
414473,394360,AA,"PM488 ",2021-08-07
414474,215976,AA,"B48PM ",2021-09-01
414475,218657,AA,"PUA36 ",2021-05-05
414476,460929,AA,"PM48D ",2021-08-07
414477,36072,AA,"PMC60 ",2021-05-05
414478,65488,AA,"48PMK ",2021-05-05
414479,57007,AA,"PMA48 ",2021-05-05
414480,70521,AA,"PMF48 ",2021-04-07
414481,66776,AA,"PMI48 ",2021-04-07
414482,332250,AA,"A60PM ",2021-04-07
414483,413122,AA,"PM489 ",2021-08-07
414484,462265,AA,"PM489 ",2021-08-07
414485,293064,AA,"PM488 ",2021-08-07
414486,200506,AA,"A48PM ",2021-05-05
414487,67756,AA,"PMC48 ",2021-05-05
414488,360608,AA,"PM488 ",2021-08-07
414489,65751,AA,"PMD60 ",2021-05-05
414490,66711,AA,"PMO48 ",2021-05-05
414491,315909,AA,"A60PM ",2021-05-05
414492,57136,AA,"PMC60 ",2021-04-07
414493,559163,AA,"PM483 ",2021-12-04
414494,508867,AA,"PM488 ",2021-12-04
414495,95197,AA,"PM60E ",2021-05-05
414496,279129,AA,"A48PM ",2021-04-07
414497,72541,AA,"PMA48 ",2021-04-07
414498,280724,AA,"B48PM ",2021-04-07
414499,57213,AB,"PM604 ",2021-02-20
414500,41355,AA,"36PM2 ",2021-12-04
414501,2773238,AA,"PU12C ",2018-03-07
414502,55482,EE,"PM48E ",2017-08-30
414503,438441,AC,"PU368 ",2017-12-16
414504,638692,AA,"PU36H ",2018-08-04
414505,742692,AA,"PU36H ",2018-08-04
414506,461006,AA,"PM604 ",2018-08-04
414507,462064,AA,"PM601 ",2018-09-01
414508,101079,AC,"PU36C ",2018-09-01
414509,527521,AB,"PU36C ",2018-09-01
414510,272772,AA,"PM72P ",2018-09-05
414511,3132864,AA,"PU12C ",2018-09-19
414512,42287,AA,"PM604 ",2018-10-06
414513,74725,AA,"PM363 ",2018-10-06
414514,378114,AA,"PM604 ",2018-09-15
414515,798060,AA,"PM604 ",2018-09-15
414516,61763,AA,"PM484 ",2018-09-15
414517,333001,AA,"PM604 ",2018-09-15
414518,270352,AA,"PM485 ",2018-10-06
414519,295468,AA,"PM48G ",2018-10-06
414520,460541,AA,"PM604 ",2017-09-02
414521,35281,AB,"PU368 ",2017-09-02
414522,33617,AA,"PM24R ",2018-10-06
414523,144601,AA,"PM363 ",2018-10-06
414524,32879,AA,"PM481 ",2017-08-26
414525,316715,AA,"PM601 ",2017-08-26
414526,512064,AA,"PM601 ",2017-08-26
414527,78566,AC,"PU36C ",2018-05-19
414528,122878,AA,"PM36F ",2018-05-19
414529,87756,AA,"PM604 ",2018-05-19
414530,191766,AE,"PU369 ",2018-11-03
414531,652707,AA,"PU36C ",2018-11-03
414532,524068,AA,"PM483 ",2018-11-03
414533,756707,AA,"PU36C ",2018-11-03
414534,343376,AA,"PM601 ",2018-11-10
414535,17086,AA,"PM24D ",2017-11-04
414536,39889,AB,"PM60K ",2018-10-13
414537,391905,AA,"PM601 ",2018-10-13
414538,374350,AA,"PM601 ",2017-12-16
414539,95787,AA,"PM604 ",2017-12-16
414540,465360,AA,"PM60V ",2018-04-14
414541,3054928,AA,"PU12C ",2018-08-03
414542,46250,AA,"PM24D ",2017-10-07
414543,122648,AA,"PM48D ",2017-10-07
414544,36569,AB,"PU36C ",2017-10-07
414545,85285,AA,"PM363 ",2017-12-30
414546,296248,AA,"PM488 ",2018-10-06
414547,294637,AA,"PM483 ",2018-10-06
414548,301197,AA,"PM604 ",2018-10-13
414549,246664,AA,"PM483 ",2018-10-06
414550,125233,AA,"PM484 ",2017-08-26
414551,589654,AA,"PM60V ",2017-08-26
414552,788699,AA,"PM60V ",2017-08-26
414553,442053,AA,"PM488 ",2018-05-19
414554,119861,AA,"PM484 ",2018-05-19
414555,688675,AA,"PM604 ",2018-05-19
414556,122796,AA,"PM363 ",2018-05-19
414557,428173,AA,"PM601 ",2018-05-19
414558,536320,AA,"PM483 ",2018-11-03
414559,272365,AA,"PM604 ",2018-11-03
414560,29258,AA,"36PM3 ",2018-11-03
414561,550360,AA,"PM48H ",2018-11-03
414562,551599,AA,"PM48H ",2018-11-03
414563,2420742,AA,"PU12C ",2017-07-07
414564,68574,AA,"PM601 ",2017-08-05
414565,20940,AA,"PM484 ",2017-08-05
414566,47080,AA,"PM484 ",2017-08-05
414567,47287,AA,"PM364 ",2017-07-08
414568,69783,AA,"PM481 ",2017-07-08
414569,418438,AA,"PM48O ",2018-04-14
414570,225646,AA,"PM601 ",2017-10-21
414571,467808,AA,"PM601 ",2017-10-21
414572,51413,AA,"PM603 ",2017-10-21
414573,39717,AA,"PM484 ",2017-10-21
414574,64462,AA,"PM484 ",2017-10-21
414575,71894,AA,"PM363 ",2017-10-07
414576,117210,AA,"PU36C ",2017-10-07
414577,6572,AF,"PU58V ",2018-05-30
414578,83541,AA,"PM484 ",2018-08-18
414579,436897,AA,"PM604 ",2018-08-18
414580,272451,AA,"PM485 ",2018-10-06
414581,30348,AA,"PM607 ",2018-10-06
414582,85393,AA,"PM484 ",2018-10-13
414583,28318,AB,"PM604 ",2018-10-13
414584,10683,AA,"36PM2 ",2017-10-21
414585,282618,AA,"PM483 ",2017-10-21
414586,319790,AA,"PM601 ",2018-11-03
414587,414980,AA,"PM601 ",2018-11-03
414588,205558,AA,"PM604 ",2018-11-03
414589,61880,AA,"PM607 ",2018-11-03
414590,507721,AB,"PU36C ",2017-11-04
414591,542522,AB,"PU36C ",2017-11-04
414592,554523,AB,"PU36C ",2017-11-04
414593,395850,AA,"PM601 ",2017-12-16
414594,420700,AA,"PM486 ",2018-04-14
414595,253217,AA,"PM604 ",2018-04-14
414596,603669,AA,"PM604 ",2017-10-07
414597,39250,AA,"PM24D ",2017-10-07
414598,516095,AA,"PM604 ",2018-08-18
414599,288602,AA,"PM48G ",2018-10-06
414600,78576,AA,"PM363 ",2018-10-06
414601,25726,AB,"PM60V ",2018-08-25
414602,210381,AA,"PM603 ",2018-08-25
414603,144696,AC,"PU36C ",2018-08-25
414604,702975,AA,"PM604 ",2017-08-26
414605,2660495,AA,"PU12C ",2017-11-21
414606,293639,AA,"PM488 ",2017-11-04
414607,657301,AA,"PM604 ",2017-12-16
414608,94007,AA,"PM484 ",2017-12-16
414609,581171,AB,"PU36C ",2017-12-16
414610,2518191,AA,"PU12C ",2017-08-30
414611,2520297,AA,"PU12C ",2017-08-30
414612,375667,AA,"PM604 ",2017-10-21
414613,140409,AA,"PM488 ",2017-10-07
414614,258356,AA,"PM483 ",2018-10-06
414615,194095,AB,"PU36C ",2018-10-06
414616,143074,AA,"PM363 ",2018-09-29
414617,507137,AA,"PM486 ",2018-08-25
414618,129426,AD,"PU367 ",2018-08-25
414619,507741,AA,"PM488 ",2018-08-25
414620,13008,AB,"PM604 ",2017-08-26
414621,21156,AA,"PM607 ",2017-08-26
414622,272005,AA,"PM604 ",2018-05-19
414623,312894,AA,"PM604 ",2018-06-23
414624,3129380,AA,"PU12C ",2018-09-06
414625,293491,AA,"PM483 ",2017-11-04
414626,76439,AA,"PM363 ",2017-11-04
414627,684756,AA,"PU36H ",2017-11-04
414628,664692,AA,"PU36C ",2018-08-04
414629,492915,AA,"PM488 ",2018-08-04
414630,624869,AA,"PM604 ",2017-08-05
414631,750935,AA,"PM604 ",2017-08-05
414632,29098,AB,"PM604 ",2017-08-05
414633,786599,AA,"PM604 ",2017-12-16
414634,83690,AA,"PM365 ",2017-12-16
414635,42494,AA,"PM364 ",2017-12-16
414636,27949,AA,"PM484 ",2017-07-22
414637,47866,AA,"PM484 ",2017-07-22
414638,2495556,AA,"PU12C ",2017-08-18
414639,10179,AA,"PM605 ",2017-10-07
414640,145210,AA,"PU36H ",2017-10-07
414641,105043,AA,"PM489 ",2017-08-05
414642,16916,AA,"PU36C ",2017-08-05
414643,10226,AA,"PM484 ",2017-08-05
414644,64291,EE,"PM48E ",2017-07-19
414645,468273,AA,"PM488 ",2018-06-23
414646,493319,AA,"PM601 ",2018-06-23
414647,406419,AB,"PU36C ",2017-10-07
414648,627272,AA,"PM604 ",2018-08-25
414649,13030,AB,"PM604 ",2018-08-25
414650,21474,AA,"PM484 ",2018-08-25
414651,3115653,AA,"PU12C ",2018-09-05
414652,2472097,AA,"PU12C ",2017-08-03
414653,2472330,AA,"PU12C ",2017-08-03
414654,239703,AA,"PM48G ",2017-08-26
414655,240484,AA,"PM48G ",2017-08-26
414656,240804,AA,"PM488 ",2017-08-26
414657,55524,AA,"PM481 ",2018-05-19
414658,443748,AA,"PM48G ",2018-05-19
414659,496066,AA,"PM483 ",2018-08-04
414660,287225,AA,"PM604 ",2018-08-04
414661,44551,AB,"PM604 ",2017-08-05
414662,858855,AA,"PU368 ",2017-08-05
414663,581779,AB,"PU36C ",2017-12-16
414664,583672,AB,"PU36C ",2017-12-16
414665,7819,QK,"PM24P ",2018-02-14
414666,102884,AC,"PP60M ",2018-02-14
414667,388962,AA,"PM60V ",2017-07-22
414668,450847,AA,"PM60V ",2017-07-22
414669,650229,AA,"PM60V ",2017-07-22
414670,14358,AD,"PU368 ",2017-10-21
414671,74637,AA,"PM36E ",2017-10-21
414672,494904,AB,"PU36C ",2017-10-21
414673,282379,AA,"PM488 ",2017-10-21
414674,281779,AA,"PM483 ",2017-10-21
414675,39119,AB,"PU36H ",2017-10-07
414676,131946,AA,"PM488 ",2017-10-07
414677,223533,AA,"PM483 ",2017-08-05
414678,227069,AA,"PM488 ",2017-08-05
414679,5331,AA,"36PM2 ",2017-10-07
414680,121973,AA,"PM483 ",2017-10-07
414681,279092,AA,"PM488 ",2018-10-06
414682,237644,AA,"PM483 ",2017-08-26
414683,200504,ED,"PM48E ",2017-08-30
414684,5521,QK,"PM24P ",2017-08-30
414685,64353,AA,"PM481 ",2017-09-02
414686,512355,AA,"PM601 ",2018-11-03
414687,30327,AA,"PM484 ",2018-08-04
414688,432509,AB,"PU36C ",2018-08-04
414689,58248,AA,"PM364 ",2018-08-04
414690,8916,AA,"PU36C ",2017-08-05
414691,389238,AA,"PM488 ",2018-03-10
414692,238772,AA,"PM604 ",2017-07-22
414693,214097,AA,"PM604 ",2017-10-07
414694,357881,AA,"PM601 ",2017-10-07
414695,172181,AA,"PM603 ",2017-08-05
414696,739087,AA,"PM60V ",2017-07-08
414697,4250,AA,"PM24T ",2017-10-07
414698,35820,AA,"PM363 ",2017-10-07
414699,444771,AA,"PM601 ",2017-09-02
414700,5170,AA,"PM484 ",2017-09-02
414701,125864,AA,"PM484 ",2017-09-02
414702,403027,AA,"PM601 ",2018-04-28
414703,459078,AA,"PM601 ",2018-04-28
414704,2478925,AA,"PU12C ",2017-08-16
414705,123582,AA,"PM488 ",2017-10-07
414706,131164,AA,"PM488 ",2017-10-07
414707,118175,AA,"PM48D ",2017-08-05
414708,378433,AB,"PU368 ",2017-08-05
414709,2881711,AA,"PU12C ",2018-05-04
414710,574699,AA,"PM604 ",2017-07-08
414711,686477,AA,"PM604 ",2017-07-08
414712,9602,AA,"PM607 ",2017-10-07
414713,234958,AE,"PU369 ",2017-10-07
414714,2518853,AA,"PU12C ",2017-09-01
414715,2783005,AA,"PU12C ",2018-03-21
414716,341281,AA,"PM601 ",2017-07-22
414717,26891,AA,"PM606 ",2018-10-06
414718,378488,AA,"PM601 ",2018-10-20
414719,3229823,AA,"PU12C ",2018-11-05
414720,3251620,AA,"PU12C ",2018-11-08
414721,147986,AA,"PM363 ",2018-11-03
414722,521175,AA,"PM604 ",2018-11-03
414723,782692,AA,"PU36C ",2018-08-04
414724,94806,AA,"PM48G ",2017-08-05
414725,900316,AB,"PU369 ",2018-04-28
414726,53689,AA,"PM604 ",2018-04-28
414727,512823,AA,"PM604 ",2018-04-28
414728,834236,AA,"PU36C ",2018-09-01
414729,882236,AA,"PU36C ",2018-09-01
414730,25863,AB,"PU36C ",2017-10-07
414731,695686,AA,"PM604 ",2017-10-07
414732,322490,AA,"PM601 ",2018-08-18
414733,708376,AA,"PM604 ",2017-07-08
414734,787633,AA,"PM604 ",2017-07-08
414735,734733,AA,"PM604 ",2017-12-16
414736,338547,AA,"PM604 ",2017-09-02
414737,393538,AA,"PM604 ",2017-09-02
414738,539899,AA,"PM604 ",2017-09-02
414739,3085745,AA,"PU12C ",2018-08-29
414740,543997,AA,"PM488 ",2018-10-27
414741,546137,AA,"PM485 ",2018-10-27
414742,284986,AA,"PM604 ",2018-05-12
414743,550790,AA,"PM48A ",2018-11-03
414744,335926,AA,"PM601 ",2018-09-08
414745,53916,AA,"PM484 ",2018-09-08
414746,15298,AA,"PM60V ",2018-09-08
414747,206448,AA,"PM604 ",2018-09-08
414748,289115,AA,"PM483 ",2017-11-04
414749,109263,AA,"PM48G ",2017-08-05
414750,122189,AA,"PM48G ",2017-08-05
414751,108784,AA,"PM489 ",2017-08-05
414752,586594,AA,"PM604 ",2018-04-28
414753,48373,AA,"PM607 ",2018-04-28
414754,55210,AA,"PM363 ",2017-07-22
414755,310527,AB,"PU36H ",2017-07-22
414756,896236,AA,"PU36H ",2018-09-01
414757,848236,AA,"PU36H ",2018-09-01
414758,124772,AA,"PM484 ",2018-09-01
414759,113939,AA,"PM488 ",2017-10-07
414760,504230,AA,"PM488 ",2018-08-18
414761,730623,AA,"PM604 ",2018-08-18
414762,324770,AA,"PM601 ",2018-09-15
414763,254206,AB,"PU36C ",2017-07-08
414764,209320,AA,"PM48H ",2017-07-08
414765,209984,AA,"PM48H ",2017-07-08
414766,206453,AA,"PM488 ",2017-07-08
414767,504859,AA,"PM604 ",2018-10-06
414768,123341,AA,"PM363 ",2018-05-19
414769,745021,AA,"PM604 ",2017-09-02
414770,56938,AA,"PM364 ",2017-09-02
414771,265812,AA,"PU368 ",2017-09-02
414772,577220,AA,"PM604 ",2018-10-27
414773,573839,AA,"PM604 ",2018-10-27
414774,141812,AA,"PM366 ",2018-11-03
414775,552356,AA,"PM48O ",2018-11-03
414776,517787,AA,"PM488 ",2018-11-03
414777,543090,AA,"PM604 ",2018-09-08
414778,597578,AA,"PM604 ",2018-09-08
414779,760023,AA,"PM604 ",2018-09-08
414780,58773,AA,"PM364 ",2018-03-10
414781,478977,AA,"PM603 ",2018-03-10
414782,166583,AA,"PM604 ",2018-03-10
414783,501858,AA,"PM60V ",2018-03-10
414784,82921,AA,"PM484 ",2017-11-04
414785,98690,AA,"PM488 ",2017-08-05
414786,110299,AA,"PM488 ",2017-08-05
414787,428286,AA,"PM48H ",2018-04-28
414788,429278,AA,"PM488 ",2018-04-28
414789,427395,AA,"PM483 ",2018-04-28
414790,428864,AA,"PM483 ",2018-04-28
414791,418580,AA,"PM488 ",2018-04-14
414792,325197,AA,"PM601 ",2018-09-01
414793,791920,AA,"PM604 ",2018-09-01
414794,60402,AB,"PM604 ",2018-09-01
414795,131098,AA,"PM48H ",2017-10-07
414796,76484,AA,"PM484 ",2018-09-15
414797,43479,EE,"PM48E ",2017-09-20
414798,278893,AA,"PM48O ",2018-10-06
414799,144393,AA,"PM363 ",2018-10-06
414800,3170428,AA,"PU12C ",2018-10-09
414801,376891,AA,"PM601 ",2018-10-13
414802,299383,AA,"PM604 ",2018-10-20
414803,61247,AA,"PM607 ",2018-10-27
414804,470590,AA,"PM604 ",2018-10-27
414805,59492,AA,"PM607 ",2018-11-03
414806,808691,AA,"PM604 ",2018-03-10
414807,643803,AA,"PM604 ",2018-03-10
414808,480732,AA,"PM601 ",2018-03-10
414809,392356,AA,"PM483 ",2018-03-10
414810,392087,AA,"PM488 ",2018-03-10
414811,17152,AA,"PM24D ",2018-08-04
414812,228172,AA,"PM488 ",2017-08-05
414813,94946,AA,"PM486 ",2017-08-05
414814,161516,AA,"PM60V ",2018-05-12
414815,250364,AA,"PM601 ",2018-05-12
414816,138770,AA,"PM601 ",2018-04-14
414817,693155,AA,"PM604 ",2018-04-14
414818,709060,AA,"PM604 ",2018-04-14
414819,2962646,AA,"PU12C ",2018-06-19
414820,662145,AB,"PU36H ",2018-09-01
414821,32288,AA,"PM363 ",2017-10-07
414822,133463,AA,"PU481 ",2017-10-07
414823,516619,AA,"PM604 ",2017-10-07
414824,272914,AA,"PM483 ",2017-10-07
414825,25736,AA,"PM605 ",2017-10-07
414826,750739,AA,"PM604 ",2018-06-23
414827,468577,AA,"PM488 ",2018-06-23
414828,271456,AB,"PU36C ",2018-10-06
414829,170600,AB,"PU36C ",2018-10-06
414830,75499,AA,"PM363 ",2018-10-06
414831,88704,AA,"PM484 ",2018-10-20
414832,760689,AA,"PM604 ",2018-10-20
414833,716106,AA,"PU36C ",2017-09-02
414834,400209,AB,"PU36C ",2017-09-02
414835,435885,AB,"PU36C ",2017-09-02
414836,144000,AA,"PM368 ",2018-11-03
414837,45270,AA,"PM481 ",2017-11-04
414838,67937,AA,"PM481 ",2017-11-04
414839,54703,AA,"PM601 ",2017-11-04
414840,319839,AA,"PM601 ",2017-11-04
414841,294878,AA,"PM603 ",2017-11-04
414842,283296,AA,"PM604 ",2018-03-10
414843,120235,AA,"PM485 ",2017-08-05
414844,98607,AA,"PM483 ",2017-08-05
414845,109333,AA,"PM483 ",2017-08-05
414846,580729,AA,"PM604 ",2018-05-12
414847,72038,AC,"PU36C ",2018-05-12
414848,741670,AA,"PM604 ",2018-05-12
414849,420160,AA,"PM601 ",2018-08-04
414850,51152,AA,"PM24D ",2018-08-04
414851,830236,AA,"PU36H ",2018-09-01
414852,13226,AA,"PM24R ",2018-09-01
414853,110615,AA,"PM488 ",2017-10-07
414854,367106,AA,"PM604 ",2017-10-07
414855,45931,AB,"PM604 ",2018-09-15
414856,58689,AA,"PM607 ",2021-02-06
414857,520352,AA,"PM48O ",2021-02-06
414858,521604,AA,"PM483 ",2021-02-06
414859,118262,AA,"PM484 ",2018-06-23
414860,238873,AA,"PM604 ",2018-06-23
414861,533241,AA,"PM488 ",2018-10-06
414862,293009,AA,"PM48O ",2018-10-06
414863,248391,AA,"PM488 ",2018-10-06
414864,294975,AA,"PM483 ",2018-10-06
414865,455634,AA,"PM601 ",2018-10-20
414866,21565,AA,"PM606 ",2017-09-02
414867,61171,AA,"PM607 ",2018-10-27
414868,3258512,AA,"PU12C ",2018-11-13
414869,549809,AA,"PM48H ",2018-11-03
414870,60363,AA,"PM607 ",2018-11-03
414871,28746,AA,"36PM2 ",2018-11-03
414872,548906,AA,"PM483 ",2018-11-03
414873,29633,AA,"36PM2 ",2018-11-03
414874,205592,AA,"PM604 ",2019-09-14
414875,212434,AA,"PM604 ",2019-09-14
414876,31048,AB,"PM604 ",2018-09-22
414877,228561,AA,"PM483 ",2017-08-05
414878,751877,AA,"PM604 ",2018-05-12
414879,441636,AA,"PM60V ",2018-05-12
414880,170870,AA,"PM604 ",2018-05-12
414881,105062,AA,"PM601 ",2018-04-21
414882,136419,AA,"PM601 ",2018-04-21
414883,239174,AA,"PM601 ",2018-04-21
414884,586824,AA,"PM60K ",2018-04-21
414885,41312,AA,"PM484 ",2018-04-21
414886,288397,AA,"PM601 ",2018-01-27
414887,50252,AA,"PM484 ",2018-01-27
414888,241022,AA,"PM603 ",2018-06-09
414889,35773,AA,"PM484 ",2018-07-28
414890,654571,AA,"PM604 ",2018-07-28
414891,738782,AA,"PM604 ",2020-07-11
414892,468125,AA,"PM604 ",2018-04-21
414893,476794,AA,"PM604 ",2018-04-21
414894,549914,AB,"PU36C ",2018-03-03
414895,607112,AB,"PU36C ",2018-03-03
414896,365202,AA,"PM483 ",2018-02-17
414897,24206,AA,"PM601 ",2018-02-17
414898,460666,AA,"PM48G ",2018-06-09
414899,9972,AA,"36PM2 ",2018-01-06
414900,64675,AA,"PM363 ",2018-01-06
414901,2939537,AA,"PU12C ",2018-06-08
414902,75168,AA,"PM36F ",2018-07-07
414903,17440,AB,"PM604 ",2020-07-11
414904,162284,AA,"PM604 ",2018-01-27
414905,239121,AA,"PM604 ",2018-01-27
414906,22186,AC,"PU36C ",2018-03-03
414907,386110,AA,"PM48J ",2018-03-03
414908,107457,AA,"PM36G ",2018-03-03
414909,382736,AA,"PM488 ",2018-03-03
414910,403064,AA,"PM601 ",2017-06-03
414911,68287,AA,"PM484 ",2017-06-03
414912,147113,AC,"PU369 ",2017-01-21
414913,230603,AA,"PM604 ",2017-01-21
414914,264411,AA,"PM604 ",2017-04-08
414915,583413,AA,"PM604 ",2017-04-08
414916,32343,AA,"PM481 ",2017-02-11
414917,28465,AA,"PM24R ",2017-05-06
414918,86697,AA,"PM488 ",2017-05-06
414919,171848,AA,"PM483 ",2017-05-06
414920,62582,AA,"PM488 ",2017-05-06
414921,96155,AA,"PU36C ",2017-05-06
414922,87025,AB,"PU36H ",2017-03-25
414923,755814,AA,"PM604 ",2017-06-03
414924,21660,AB,"PM604 ",2017-04-08
414925,522911,AA,"PM603 ",2017-02-11
414926,53797,AA,"PM484 ",2017-02-11
414927,84689,AA,"PM484 ",2017-02-11
414928,74101,AA,"PM60V ",2017-02-11
414929,147506,AA,"PM48O ",2017-04-08
414930,147852,AA,"PM48O ",2017-04-08
414931,64770,AB,"PU36C ",2017-05-06
414932,2280851,AA,"PU12C ",2017-05-31
414933,20431,AA,"PM24D ",2017-06-03
414934,30431,AA,"PM24D ",2017-06-03
414935,450771,AA,"PU36C ",2017-06-03
414936,147242,AA,"PM48O ",2017-04-08
414937,148936,AA,"PM48F ",2017-04-08
414938,37580,AA,"PM367 ",2017-04-08
414939,149096,AA,"PM488 ",2017-04-08
414940,21623,AB,"PM604 ",2017-03-18
414941,62439,AB,"PM604 ",2017-03-18
414942,144155,AA,"PU36H ",2017-05-06
414943,6377,AA,"PM607 ",2017-05-06
414944,20676,AA,"PM365 ",2017-05-06
414945,38155,AA,"PU36C ",2017-05-06
414946,77681,AB,"PU36C ",2017-05-06
414947,5334,AB,"PU36C ",2017-05-06
414948,166514,AA,"PM604 ",2017-05-27
414949,302228,AA,"PM604 ",2017-05-27
414950,538771,AA,"PU36C ",2017-06-03
414951,13507,AA,"PM607 ",2017-06-03
414952,184339,AA,"PM48F ",2017-06-03
414953,185245,AA,"PM48D ",2017-06-03
414954,189199,AA,"PM48A ",2017-06-03
414955,44307,AB,"PM604 ",2017-01-21
414956,57347,AB,"PM604 ",2017-01-21
414957,24460,AA,"PM364 ",2017-01-21
414958,29119,AA,"PM364 ",2017-01-21
414959,124133,AF,"PU368 ",2017-01-21
414960,820800,AA,"PU36C ",2017-01-21
414961,2256990,AA,"PU12C ",2017-05-10
414962,1848362,AA,"PU12C ",2017-01-19
414963,5105,AF,"PU368 ",2017-03-18
414964,58155,AA,"PU36H ",2017-05-06
414965,197817,AA,"PM604 ",2017-05-06
414966,601125,AA,"PM60V ",2017-05-06
414967,220492,AA,"PM604 ",2017-05-13
414968,545187,AA,"PM604 ",2017-05-13
414969,621281,AA,"PM604 ",2017-05-27
414970,923800,AA,"PU36C ",2017-01-21
414971,242169,AA,"PM604 ",2017-02-11
414972,135454,AA,"PM488 ",2017-03-18
414973,227125,AA,"PM485 ",2017-08-05
414974,20573,AA,"PM60V ",2018-05-12
414975,818929,AA,"PM604 ",2018-05-12
414976,495272,AA,"PM483 ",2018-08-04
414977,199666,AA,"PM604 ",2018-08-04
414978,124214,AA,"PM483 ",2017-10-07
414979,51014,AB,"PU36H ",2017-10-07
414980,522496,AA,"PM48H ",2018-10-20
414981,53684,AA,"PM604 ",2018-10-20
414982,376831,AA,"PM603 ",2018-10-20
414983,777082,AA,"PM604 ",2018-10-20
414984,242734,AA,"PM483 ",2017-09-02
414985,542597,AA,"PM486 ",2018-11-03
414986,103162,AA,"PM484 ",2017-11-04
414987,740570,AA,"PM60V ",2019-09-14
414988,84832,AE,"PU122 ",2017-11-04
414989,168494,AA,"PM604 ",2017-11-04
414990,113812,AA,"PM483 ",2017-08-05
414991,228041,AA,"PM483 ",2017-08-05
414992,22229,AA,"PM363 ",2017-08-05
414993,51015,AA,"PM481 ",2018-05-12
414994,302943,AD,"PU368 ",2018-08-04
414995,498934,AA,"PM603 ",2018-04-21
414996,348366,AA,"PM603 ",2018-01-27
414997,423781,AA,"PM60V ",2018-01-27
414998,425440,AA,"PM60V ",2018-01-27
414999,338780,AA,"PM601 ",2018-06-09
415000,365614,AA,"PM601 ",2018-06-09
415001,30461,AA,"PM484 ",2018-06-09
415002,41356,AA,"PM484 ",2018-06-09
415003,103547,AA,"PM484 ",2018-06-09
415004,43717,AA,"PM60V ",2018-06-09
415005,564827,AA,"PM60V ",2018-06-09
415006,526701,AA,"PM604 ",2018-04-21
415007,564666,AA,"PM604 ",2018-04-21
415008,945125,AA,"PU36C ",2018-03-03
415009,465314,AA,"PM604 ",2018-02-17
415010,2907748,AA,"PU12C ",2018-05-23
415011,127252,AA,"PM36F ",2018-06-09
415012,2948739,AA,"PU12C ",2018-06-08
415013,7176,AB,"PM604 ",2018-06-02
415014,286868,AA,"PM483 ",2018-07-07
415015,287414,AA,"PM488 ",2018-07-07
415016,476993,AA,"PM48O ",2018-07-07
415017,275978,AA,"PM483 ",2018-07-07
415018,681963,AA,"PM604 ",2020-07-11
415019,219424,AA,"PM604 ",2018-01-27
415020,265830,AA,"PM604 ",2018-01-27
415021,365141,AA,"PM604 ",2018-01-27
415022,427097,AA,"PM604 ",2018-01-27
415023,157431,ED,"PM48E ",2018-08-08
415024,157723,ED,"PM48E ",2018-08-08
415025,341442,AA,"PM601 ",2017-06-03
415026,524819,AA,"PM601 ",2017-06-03
415027,54425,AA,"PM484 ",2017-06-03
415028,97190,AA,"PM484 ",2017-06-03
415029,37529,AA,"PM604 ",2017-01-21
415030,675647,AA,"PM604 ",2017-04-08
415031,44978,AA,"PM481 ",2017-02-11
415032,64863,AA,"PM601 ",2017-02-11
415033,196945,AA,"PM601 ",2017-02-11
415034,484126,AA,"PM601 ",2017-05-06
415035,61120,AA,"PM488 ",2017-05-06
415036,19742,AA,"PM36E ",2017-05-06
415037,589512,AA,"PM604 ",2017-05-06
415038,253540,AA,"PM604 ",2017-05-06
415039,140600,AA,"PM488 ",2017-03-25
415040,140747,AA,"PM483 ",2017-03-25
415041,651921,AA,"PM604 ",2017-06-03
415042,685048,AA,"PM604 ",2017-06-03
415043,582503,AA,"PM604 ",2017-01-21
415044,716777,AA,"PM604 ",2017-04-08
415045,54115,AB,"PM604 ",2017-04-08
415046,82886,AA,"PM484 ",2017-02-11
415047,93677,AA,"PM484 ",2017-02-11
415048,65195,AA,"PM484 ",2017-04-08
415049,634028,AA,"PM60V ",2017-04-08
415050,14104,AA,"PM365 ",2017-05-06
415051,166929,AA,"PM48A ",2017-05-06
415052,42629,AA,"PM363 ",2017-05-06
415053,318196,AA,"PM601 ",2017-05-13
415054,116823,AA,"PM484 ",2017-05-27
415055,441657,AA,"PM60V ",2017-05-27
415056,90991,AF,"PU368 ",2017-06-03
415057,21431,AA,"PM24R ",2017-06-03
415058,26431,AA,"PM24D ",2017-06-03
415059,774842,AA,"PM604 ",2017-01-21
415060,779951,AA,"PM604 ",2017-01-21
415061,101866,AB,"PU36C ",2017-04-08
415062,17542,AA,"PM363 ",2017-05-06
415063,57053,AA,"PM481 ",2017-05-06
415064,812061,AA,"PM604 ",2017-05-06
415065,79415,AB,"PU368 ",2017-05-06
415066,517402,AA,"PM601 ",2017-05-13
415067,513834,AA,"PM603 ",2017-05-13
415068,719470,AA,"PM60V ",2017-05-13
415069,5415,AA,"PM604 ",2017-05-13
415070,562136,AA,"PM60V ",2017-05-27
415071,89252,AA,"PM604 ",2017-05-27
415072,176359,AB,"PU36C ",2017-06-03
415073,668496,AA,"PU368 ",2017-01-21
415074,78307,AA,"PM48D ",2017-05-06
415075,466530,AA,"PU367 ",2017-03-18
415076,114937,AB,"PU367 ",2017-03-18
415077,71350,AA,"PM488 ",2017-05-06
415078,633422,AA,"PM604 ",2017-05-06
415079,128155,AA,"PU36H ",2017-05-06
415080,501856,AA,"PM604 ",2017-05-06
415081,431511,AA,"PM604 ",2017-05-13
415082,582531,AA,"PM604 ",2017-05-27
415083,794,AB,"PM604 ",2017-06-03
415084,217805,AD,"PU368 ",2017-06-03
415085,867800,AA,"PU36C ",2017-01-21
415086,606095,AA,"PM604 ",2017-02-11
415087,137423,AA,"PM488 ",2017-03-18
415088,135088,AA,"PM485 ",2017-03-18
415089,43125,AA,"PM363 ",2017-05-06
415090,62995,AA,"PM483 ",2017-05-06
415091,636152,AA,"PM604 ",2017-05-13
415092,753860,AA,"PM604 ",2017-05-13
415093,763623,AA,"PM604 ",2017-05-13
415094,753563,AA,"PM604 ",2017-05-27
415095,799908,AA,"PM604 ",2017-05-27
415096,250761,AA,"PM601 ",2017-01-14
415097,820566,AA,"PM604 ",2017-01-21
415098,602,AA,"PM364 ",2017-01-21
415099,635921,AA,"PM604 ",2017-01-21
415100,84445,AA,"PM488 ",2017-01-21
415101,88301,AA,"PM483 ",2017-01-21
415102,875800,AA,"PU36H ",2017-01-21
415103,882800,AA,"PU36H ",2017-01-21
415104,58512,AA,"PM485 ",2017-05-06
415105,672023,AA,"PM604 ",2017-02-11
415106,28920,AB,"PM604 ",2017-05-13
415107,360621,AD,"PU368 ",2017-05-27
415108,167646,AB,"PU36C ",2017-05-27
415109,121456,AA,"PM484 ",2017-01-14
415110,31465,AA,"PM24R ",2017-05-06
415111,1945204,AA,"PU12C ",2017-02-07
415112,14390,AB,"PM604 ",2017-02-11
415113,158818,AB,"PU36C ",2017-05-13
415114,180956,AA,"PM486 ",2017-05-27
415115,46003,AA,"PM363 ",2017-05-27
415116,34931,AB,"PU369 ",2017-01-14
415117,70462,AA,"PM604 ",2017-01-14
415118,101553,AA,"PM604 ",2017-01-14
415119,463829,AA,"PM60V ",2017-01-21
415120,1956537,AA,"PU12C ",2017-02-10
415121,1960831,AA,"PU12C ",2017-02-10
415122,1994458,AA,"PU12C ",2017-02-20
415123,714557,AA,"PM604 ",2017-05-13
415124,416546,AA,"PM604 ",2017-01-14
415125,2340121,AA,"PU12C ",2017-06-07
415126,176419,AD,"PU122 ",2017-06-03
415127,161492,AE,"PU122 ",2017-06-03
415128,107584,AA,"PM483 ",2017-02-11
415129,25626,AA,"PM363 ",2017-02-11
415130,997846,AA,"PU36H ",2017-02-11
415131,724689,AA,"PM604 ",2017-03-18
415132,1851961,AA,"PU12C ",2017-01-10
415133,200556,AA,"PM604 ",2017-05-27
415134,712935,AA,"PM604 ",2017-01-14
415135,783887,AA,"PM604 ",2017-01-14
415136,33263,AA,"PM604 ",2017-06-03
415137,346115,AA,"PM604 ",2017-06-03
415138,471272,AA,"PM604 ",2017-06-03
415139,9024,AA,"PM484 ",2017-03-18
415140,75148,AA,"PM601 ",2017-03-18
415141,12902,AA,"36PUA ",2019-11-06
415142,273,AA,"48PMA ",2019-11-06
415143,533,AA,"48PMA ",2019-11-06
415144,413465,AA,"PM488 ",2019-05-04
415145,622841,AA,"PM604 ",2020-11-07
415146,226933,AA,"PM486 ",2020-11-07
415147,55798,AA,"PM484 ",2019-05-18
415148,617526,AA,"PM485 ",2019-03-02
415149,68673,AA,"PM607 ",2019-03-02
415150,137950,AA,"PM48D ",2020-04-18
415151,3176,AA,"PMG48 ",2021-01-06
415152,146671,AA,"PM48G ",2019-07-06
415153,176250,AA,"PM48G ",2019-07-06
415154,187500,AA,"PM48G ",2019-07-06
415155,250915,AA,"PM48G ",2019-07-06
415156,230117,AA,"PM483 ",2019-07-20
415157,616483,AA,"PM60K ",2019-04-27
415158,52094,AA,"PM60C ",2019-05-01
415159,689168,AA,"PM60V ",2019-11-23
415160,201495,AA,"PM604 ",2019-11-23
415161,493923,AA,"PM604 ",2019-11-23
415162,403495,AA,"PM48G ",2020-11-07
415163,115154,AA,"PM363 ",2020-11-07
415164,128427,AA,"PM363 ",2020-11-07
415165,138113,AA,"PM48G ",2020-03-07
415166,165304,AA,"PM365 ",2019-03-02
415167,120901,AA,"PM48D ",2020-08-01
415168,11543,AC,"PU36C ",2020-08-01
415169,159947,AA,"PM483 ",2020-08-01
415170,375052,AA,"PM48G ",2020-11-07
415171,425553,AA,"PM483 ",2020-11-07
415172,435434,AA,"PU12P ",2019-03-20
415173,26597,AA,"PM604 ",2019-04-20
415174,272569,AA,"PM604 ",2019-04-20
415175,380790,AA,"PM604 ",2019-04-20
415176,144395,AA,"A60PM ",2020-10-07
415177,146178,AA,"A60PM ",2020-10-07
415178,768230,AA,"PM604 ",2020-05-16
415179,146531,AA,"PM48A ",2019-07-06
415180,231673,AA,"PM48A ",2019-07-06
415181,124827,AA,"PM488 ",2019-07-06
415182,421787,AA,"PM488 ",2020-06-06
415183,50178,AA,"PM606 ",2020-06-06
415184,66243,AA,"PM60C ",2019-05-01
415185,53508,AA,"PM60C ",2019-05-01
415186,682285,AA,"PM604 ",2019-11-23
415187,234173,AA,"PM483 ",2020-11-07
415188,470191,AA,"PM483 ",2020-11-07
415189,245113,AA,"PM488 ",2020-11-07
415190,483971,AA,"PU12P ",2019-05-15
415191,85759,AA,"PM24D ",2021-01-02
415192,13945,AC,"PU36C ",2021-01-02
415193,165325,AA,"PM363 ",2019-03-02
415194,1981,AA,"48PMA ",2019-11-06
415195,544154,AA,"PM604 ",2019-05-04
415196,8122,AD,"PU36C ",2020-08-01
415197,48160,AA,"PM363 ",2020-08-01
415198,137251,AA,"PM48I ",2020-08-01
415199,498984,AA,"PM604 ",2020-08-01
415200,230114,AA,"PM48G ",2020-11-07
415201,167728,AC,"PU36H ",2020-11-07
415202,394889,AA,"PM489 ",2020-11-07
415203,266432,AA,"PM48J ",2020-11-07
415204,49524,AA,"PM606 ",2020-11-07
415205,275129,AA,"PM488 ",2020-11-07
415206,599164,AA,"PM604 ",2019-05-18
415207,726763,AA,"PM604 ",2019-05-18
415208,215609,AA,"PM48G ",2019-05-18
415209,579780,AA,"PM604 ",2019-04-20
415210,27884,AA,"PM606 ",2019-04-20
415211,279792,AA,"PM488 ",2019-04-20
415212,284794,AA,"PM488 ",2019-04-20
415213,73860,AA,"PM365 ",2019-04-20
415214,155483,AA,"A48PM ",2020-10-07
415215,147557,AA,"B60PM ",2020-10-07
415216,147694,AA,"D60PM ",2020-10-07
415217,20982,AA,"PME60 ",2021-01-06
415218,202002,AA,"PM488 ",2019-07-06
415219,208465,AA,"PM488 ",2019-07-06
415220,54279,AA,"PM60C ",2019-05-01
415221,49892,AA,"PM60D ",2019-05-01
415222,50234,AA,"A60PM ",2020-08-05
415223,482,AA,"C36PM ",2020-08-05
415224,127350,AA,"PM604 ",2019-08-24
415225,268784,AA,"PM48H ",2020-11-07
415226,517318,AA,"PM489 ",2020-08-15
415227,280331,AA,"PM483 ",2019-11-02
415228,557302,AB,"PU36H ",2019-03-02
415229,104433,AA,"PM367 ",2019-05-04
415230,376253,AA,"PM489 ",2019-05-04
415231,386624,AA,"PM489 ",2019-05-04
415232,143555,AA,"PM48D ",2020-08-01
415233,178389,AA,"PM488 ",2020-08-01
415234,728592,AA,"PM604 ",2020-04-18
415235,415214,AA,"PM48A ",2020-11-07
415236,282305,AA,"PM483 ",2019-04-20
415237,283452,AA,"PM483 ",2019-04-20
415238,724385,AA,"PM60V ",2019-10-12
415239,150866,AA,"C48PM ",2020-10-07
415240,228322,AA,"PM488 ",2020-12-26
415241,8271,AA,"PMA48 ",2021-01-06
415242,10537,AA,"PMA48 ",2021-01-06
415243,223366,AA,"PM488 ",2019-07-06
415244,401522,AB,"PU36C ",2020-06-06
415245,111849,AA,"PM24D ",2020-06-06
415246,506572,AA,"PM488 ",2020-06-06
415247,447555,AA,"PM48I ",2020-06-06
415248,24893,AA,"36PM2 ",2020-06-06
415249,580673,AA,"PM604 ",2020-11-28
415250,20003,AB,"PM604 ",2020-11-28
415251,22529,AB,"PM604 ",2020-11-28
415252,47690,AB,"PM604 ",2020-11-28
415253,87952,AA,"PM363 ",2020-11-21
415254,88633,AA,"PM363 ",2020-11-21
415255,302672,AA,"PM488 ",2019-11-02
415256,365989,AA,"PM601 ",2018-12-08
415257,482084,AA,"PM601 ",2018-12-08
415258,410193,AA,"PM604 ",2019-12-21
415259,514939,AA,"PM604 ",2019-12-21
415260,113139,AA,"PM363 ",2019-05-04
415261,108167,AA,"PM365 ",2019-05-04
415262,356503,AA,"PM483 ",2019-05-04
415263,409829,AA,"PM483 ",2019-05-04
415264,41520,AA,"PM605 ",2019-05-04
415265,457992,AA,"PM48G ",2020-11-07
415266,368266,AA,"PM488 ",2020-11-07
415267,45211,AA,"PM606 ",2020-11-07
415268,229027,AA,"PM483 ",2020-11-07
415269,103978,AA,"PM488 ",2021-01-02
415270,99820,AA,"PM60C ",2021-01-06
415271,111652,AA,"PM485 ",2019-07-06
415272,142138,AA,"PM483 ",2019-07-06
415273,51431,AA,"PM60C ",2019-05-01
415274,80449,AA,"PM484 ",2019-10-19
415275,131758,AA,"PM604 ",2019-10-19
415276,375501,AA,"PU12P ",2020-08-21
415277,625456,AA,"PM604 ",2020-04-11
415278,309751,AA,"PM48G ",2019-11-02
415279,9793,AB,"PM604 ",2019-11-02
415280,363489,AA,"PM483 ",2019-05-04
415281,407332,AA,"PM488 ",2019-05-04
415282,45831,AC,"PU36C ",2020-08-01
415283,27694,AA,"PM606 ",2020-11-07
415284,616542,AA,"PM483 ",2019-02-23
415285,166321,AA,"PM367 ",2019-02-23
415286,803819,AA,"PM604 ",2019-11-02
415287,224281,AA,"PM48O ",2019-11-02
415288,287542,AA,"PM483 ",2019-11-02
415289,101226,AA,"PM60C ",2021-01-06
415290,102551,AA,"PM60D ",2021-01-06
415291,16752,AA,"PME60 ",2021-01-06
415292,29222,AA,"PMG48 ",2021-01-06
415293,156261,AA,"F48PM ",2020-12-02
415294,127068,AA,"A60PM ",2020-12-02
415295,52280,AA,"PM607 ",2020-06-06
415296,725843,AA,"PU12P ",2019-12-18
415297,111620,AA,"PM484 ",2020-03-14
415298,412176,AA,"PM604 ",2020-03-14
415299,564945,AA,"PM604 ",2020-03-14
415300,4470,AA,"B60PM ",2020-11-04
415301,4743,AA,"A60PM ",2020-11-04
415302,21065,AA,"PMA36 ",2020-11-04
415303,1431,AA,"A60PM ",2020-11-04
415304,141758,AA,"A48PM ",2020-12-02
415305,141994,AA,"A48PM ",2020-12-02
415306,144082,AA,"A48PM ",2020-12-02
415307,144296,AA,"A48PM ",2020-12-02
415308,149757,AA,"A48PM ",2020-12-02
415309,114282,AA,"PUA24 ",2020-12-05
415310,154827,AA,"PM363 ",2020-12-05
415311,571261,AA,"PM488 ",2020-12-05
415312,197050,AA,"PM488 ",2019-11-02
415313,446390,AA,"PU36C ",2019-11-02
415314,739790,AA,"PM604 ",2018-12-08
415315,572390,AA,"PM48A ",2018-12-08
415316,152872,AA,"PM367 ",2018-12-08
415317,313226,AA,"PM604 ",2018-12-22
415318,497373,AA,"PM604 ",2018-12-22
415319,749296,AA,"PM604 ",2018-12-22
415320,58202,AB,"PM604 ",2018-12-22
415321,518238,AA,"PM604 ",2019-05-04
415322,394976,AA,"PM488 ",2019-05-04
415323,406177,AA,"PM483 ",2019-05-04
415324,243,AA,"PM607 ",2020-08-01
415325,54964,AA,"PUE36 ",2020-08-01
415326,764978,AA,"PM604 ",2020-08-22
415327,1032,AH,"PU36W ",2020-11-07
415328,251964,AA,"PM48D ",2020-11-07
415329,136137,AA,"PM485 ",2021-01-02
415330,159596,AA,"PM604 ",2019-07-13
415331,278195,AA,"PM604 ",2019-07-13
415332,797179,AA,"PM604 ",2019-10-26
415333,666976,AA,"PU12P ",2019-11-18
415334,143985,AC,"PU36C ",2019-10-05
415335,220672,AA,"PM48H ",2019-10-05
415336,80205,AA,"PM488 ",2020-02-01
415337,97542,AA,"PM489 ",2019-08-17
415338,80938,AA,"PM483 ",2020-03-07
415339,24916,AA,"PM488 ",2020-03-07
415340,8478,AA,"PM607 ",2020-03-07
415341,623048,AA,"PU12P ",2019-08-01
415342,237176,AA,"PM604 ",2019-09-28
415343,238732,AA,"PM604 ",2019-09-28
415344,452536,AA,"PM604 ",2019-09-28
415345,725605,AA,"PM604 ",2019-01-19
415346,764980,AA,"PM604 ",2019-01-19
415347,2812,AB,"PM604 ",2019-01-19
415348,706124,AA,"PU12P ",2019-11-27
415349,645269,AA,"PM604 ",2019-12-28
415350,596382,AA,"PM604 ",2019-12-28
415351,792067,AA,"PM604 ",2019-12-28
415352,754834,AA,"PM604 ",2019-08-10
415353,784803,AA,"PM604 ",2019-08-10
415354,39428,AB,"PM604 ",2019-10-05
415355,61872,AA,"PM363 ",2019-10-05
415356,209910,AA,"PM483 ",2020-03-07
415357,199974,AA,"PM48O ",2020-03-07
415358,192673,AA,"PM483 ",2020-03-07
415359,36145,AA,"PM486 ",2020-03-07
415360,82809,AA,"PM488 ",2020-03-07
415361,246333,AB,"PU36C ",2020-03-07
415362,809803,AA,"PM604 ",2020-03-07
415363,114731,AA,"PM488 ",2020-03-07
415364,87311,AA,"PM488 ",2020-03-07
415365,48834,AA,"48PMG ",2020-01-01
415366,55220,AA,"48PMD ",2020-01-01
415367,47459,AA,"48PMG ",2020-01-01
415368,57537,AA,"48PMA ",2020-01-01
415369,31101,AB,"PM604 ",2019-12-28
415370,814016,AA,"PM604 ",2019-12-28
415371,513387,AA,"PM604 ",2018-11-17
415372,381599,AA,"PM601 ",2019-01-26
415373,517407,AA,"PM601 ",2019-01-26
415374,127118,AA,"PM484 ",2019-01-26
415375,484760,AA,"PM60V ",2019-01-26
415376,586315,AA,"PM60V ",2019-01-26
415377,79050,AA,"PM604 ",2019-01-26
415378,324009,AA,"PM604 ",2019-08-10
415379,40513,AA,"PM60V ",2019-08-10
415380,303542,AA,"PM604 ",2019-08-10
415381,678724,AA,"PM604 ",2019-08-10
415382,116908,AA,"PM486 ",2020-03-07
415383,302634,AA,"PM483 ",2019-10-05
415384,78561,AA,"PM60C ",2020-01-01
415385,69297,AA,"PM60C ",2020-01-01
415386,69726,AA,"PM60E ",2020-01-01
415387,679278,AA,"PM604 ",2019-01-26
415388,34008,AB,"PM604 ",2019-01-26
415389,3383125,AA,"PU12C ",2019-01-23
415390,231364,AB,"PU36H ",2020-03-07
415391,78557,AA,"PM24D ",2020-03-07
415392,195878,AA,"PM48A ",2020-03-07
415393,192951,AC,"PU36C ",2020-03-07
415394,246330,AA,"PM486 ",2020-02-01
415395,13819,AA,"PM607 ",2020-02-01
415396,75402,AA,"PM24D ",2019-10-05
415397,111402,AA,"PM24D ",2019-10-05
415398,8748,AA,"36PM2 ",2019-10-05
415399,11492,AA,"36PM2 ",2019-10-05
415400,42819,AA,"48PME ",2020-01-01
415401,81170,AA,"PM60G ",2020-01-01
415402,534099,AA,"PM604 ",2020-01-11
415403,259067,AB,"PU36C ",2019-10-05
415404,22847,AA,"PM48F ",2020-02-01
415405,596324,AA,"PM48H ",2019-01-26
415406,116983,AA,"PM483 ",2020-03-07
415407,22710,AA,"PM488 ",2020-03-07
415408,27387,AA,"PM484 ",2018-11-10
415409,344777,AA,"PM604 ",2018-11-10
415410,359192,AA,"PU36C ",2019-10-05
415411,3422806,AA,"PU12C ",2019-02-27
415412,3416266,AA,"PU12C ",2019-02-27
415413,80822,AA,"PM60D ",2020-01-01
415414,4374,AA,"36PMJ ",2020-01-01
415415,44467,AA,"48PMA ",2020-01-01
415416,37867,AA,"48PMA ",2020-01-01
415417,197639,AB,"PU36C ",2020-02-01
415418,580393,AA,"PU12P ",2019-07-10
415419,117875,AA,"PM483 ",2020-03-07
415420,47663,AA,"PMH48 ",2019-08-07
415421,544201,AA,"PM604 ",2018-11-10
415422,623653,AA,"PM604 ",2018-11-10
415423,756162,AA,"PM604 ",2018-11-10
415424,802841,AA,"PM604 ",2018-11-10
415425,16008,AA,"PM607 ",2019-10-05
415426,17380,AA,"PM607 ",2019-10-05
415427,28886,AA,"PM607 ",2019-10-05
415428,29200,AA,"PM607 ",2019-10-05
415429,102579,AA,"PM60C ",2019-06-05
415430,10773,AA,"PMN48 ",2019-06-05
415431,186430,AA,"PM488 ",2020-02-01
415432,108414,AA,"PM485 ",2020-02-01
415433,210803,AA,"PM488 ",2020-03-07
415434,124219,AA,"PM488 ",2020-03-07
415435,9118,AA,"PM607 ",2020-03-07
415436,555281,AA,"PM48H ",2018-11-10
415437,554075,AA,"PM483 ",2018-11-10
415438,7769,AA,"PM604 ",2018-11-10
415439,50214,AB,"PM604 ",2018-11-10
415440,259515,AA,"PM72P ",2019-04-17
415441,32402,AA,"PM607 ",2019-10-05
415442,840,AA,"PMH48 ",2019-06-05
415443,11159,AA,"PME60 ",2019-06-05
415444,1280,AA,"PMC60 ",2019-06-05
415445,37313,AA,"PMC60 ",2019-08-07
415446,36739,AA,"PMD60 ",2019-08-07
415447,6797,AA,"PMA36 ",2019-08-07
415448,103206,AA,"PM488 ",2020-02-01
415449,294597,AA,"PM483 ",2020-01-18
415450,199095,AA,"PM604 ",2019-06-08
415451,516549,AA,"PM601 ",2018-11-17
415452,336586,AA,"PM48O ",2019-10-05
415453,84893,AA,"PM36G ",2019-10-05
415454,55687,AA,"PM36F ",2019-10-05
415455,3787,AA,"PMC60 ",2019-06-05
415456,10360,AA,"PMC60 ",2019-06-05
415457,10858,AA,"PMC60 ",2019-06-05
415458,667296,AA,"PM604 ",2019-01-19
415459,31347,AA,"PMC60 ",2019-08-07
415460,3413087,AA,"PU12C ",2019-02-08
415461,18971,AA,"PM488 ",2020-02-01
415462,6999,AA,"PM607 ",2020-02-01
415463,718328,AA,"PM604 ",2020-01-25
415464,302175,AA,"PM604 ",2019-06-08
415465,760105,AA,"PM604 ",2019-06-08
415466,379057,AA,"PM604 ",2019-11-09
415467,85130,AA,"PM484 ",2018-11-17
415468,37552,AB,"PM604 ",2018-11-17
415469,241942,AA,"PM48H ",2019-10-05
415470,2872,AA,"PMA48 ",2019-06-05
415471,3912,AA,"PMA48 ",2019-06-05
415472,43952,AA,"PMA48 ",2019-08-07
415473,38380,AA,"PMC60 ",2019-08-07
415474,37066,AA,"PMF48 ",2019-08-07
415475,38694,AA,"PM363 ",2020-02-01
415476,61486,AA,"PM363 ",2020-02-01
415477,66180,AA,"PM363 ",2020-02-01
415478,56485,AA,"PM366 ",2020-02-01
415479,287518,AA,"PM488 ",2020-02-01
415480,337446,AA,"PM604 ",2020-01-25
415481,22422,AA,"PM48H ",2020-02-01
415482,242030,AA,"PM483 ",2020-02-01
415483,654190,AA,"PM60K ",2019-06-22
415484,110667,AA,"PM484 ",2019-06-22
415485,63482,AA,"PM604 ",2019-06-22
415486,557430,AA,"PM48H ",2019-06-01
415487,435955,AA,"PM60V ",2018-11-17
415488,209493,AA,"PM488 ",2019-10-05
415489,250815,AA,"PM488 ",2019-10-05
415490,580614,AA,"PM604 ",2019-07-13
415491,366130,AA,"PM601 ",2018-12-15
415492,203793,AA,"PM483 ",2020-02-01
415493,65300,AA,"PM363 ",2020-02-01
415494,211808,AA,"PM488 ",2020-02-01
415495,266497,AA,"PM488 ",2020-02-01
415496,48524,AA,"PM363 ",2020-02-01
415497,744180,AA,"PM60V ",2020-02-01
415498,11913,AA,"PM607 ",2020-02-01
415499,199272,AA,"PM483 ",2020-02-01
415500,25054,AA,"PM488 ",2020-02-01
415501,559628,AA,"PU12P ",2019-06-06
415502,691050,AA,"PM604 ",2019-06-22
415503,59527,AA,"PM483 ",2020-03-07
415504,189895,AA,"PM483 ",2020-03-07
415505,68333,AA,"PM483 ",2020-03-07
415506,1051,QN,"PM24P ",2018-11-21
415507,285744,AA,"PM488 ",2019-10-05
415508,320630,AA,"PM488 ",2019-10-05
415509,110063,AA,"PM604 ",2019-07-27
415510,1824687,AA,"PU12C ",2017-01-04
415511,86830,AA,"PM483 ",2017-05-06
415512,55062,AA,"PM481 ",2017-05-06
415513,570752,AA,"PM604 ",2017-05-13
415514,771802,AA,"PM604 ",2017-05-13
415515,2953,AA,"PM601 ",2017-01-14
415516,322470,AA,"PM601 ",2017-01-14
415517,439931,AA,"PM601 ",2017-01-14
415518,20890,AA,"PM363 ",2017-01-21
415519,748370,AA,"PM60V ",2017-01-21
415520,60548,AA,"PM488 ",2017-05-06
415521,43164,AA,"PM363 ",2017-05-06
415522,592860,AA,"PM604 ",2017-05-06
415523,17432,AA,"PM363 ",2017-05-06
415524,1886649,AA,"PU12C ",2017-01-24
415525,629113,AA,"PM604 ",2017-02-11
415526,636304,AA,"PM604 ",2017-02-11
415527,27546,AA,"PM364 ",2017-05-13
415528,49046,AB,"PM604 ",2017-05-27
415529,14866,AA,"PM364 ",2017-05-27
415530,80654,AA,"PM484 ",2017-01-14
415531,60505,AA,"PM60V ",2017-01-14
415532,137617,AA,"PM60V ",2017-01-14
415533,87323,AA,"PM483 ",2017-01-21
415534,815528,AA,"PM604 ",2017-05-06
415535,6055,AA,"PM607 ",2017-05-06
415536,19606,AA,"PM363 ",2017-05-06
415537,55956,AA,"PM483 ",2017-05-06
415538,149170,AB,"PU36C ",2017-05-06
415539,71125,AA,"PM481 ",2017-05-06
415540,1937608,AA,"PU12C ",2017-02-07
415541,775353,AA,"PM604 ",2017-02-11
415542,812423,AA,"PM604 ",2017-02-11
415543,42809,AB,"PM604 ",2017-02-11
415544,50252,AA,"PM364 ",2017-02-11
415545,175661,AA,"PM48O ",2017-05-13
415546,43851,AA,"PM365 ",2017-05-13
415547,29081,AA,"PM484 ",2017-05-13
415548,179327,AA,"PM483 ",2017-05-27
415549,180730,AA,"PM483 ",2017-05-27
415550,788855,AA,"PM60V ",2017-01-14
415551,17535,AA,"PM604 ",2017-01-14
415552,43039,AA,"PM604 ",2017-01-14
415553,1964267,AA,"PU12C ",2017-02-10
415554,106049,AA,"PM488 ",2017-02-11
415555,106749,AA,"PM488 ",2017-02-11
415556,431646,AA,"PM604 ",2017-01-14
415557,2337308,AA,"PU12C ",2017-06-07
415558,381423,AA,"PU369 ",2017-06-03
415559,616333,AA,"PM604 ",2017-03-18
415560,683687,AA,"PM604 ",2017-03-18
415561,708389,AA,"PM604 ",2017-03-18
415562,730926,AA,"PM604 ",2017-03-18
415563,549,AB,"PU36C ",2017-02-11
415564,504147,AA,"PM601 ",2017-04-08
415565,2185718,AA,"PU12C ",2017-04-18
415566,101629,AA,"PM484 ",2017-05-13
415567,161218,AA,"PM601 ",2017-05-27
415568,32713,AA,"PM484 ",2017-05-27
415569,431219,AA,"PM603 ",2017-05-27
415570,718013,AA,"PM604 ",2017-01-14
415571,274107,AA,"PM604 ",2017-06-03
415572,11102,AA,"36PUA ",2019-11-06
415573,98044,AA,"PM365 ",2019-05-04
415574,381145,AA,"PM483 ",2019-05-04
415575,358397,AA,"PM483 ",2019-05-04
415576,75073,AA,"PM24S ",2020-08-01
415577,68412,AA,"PM483 ",2020-08-01
415578,131938,AA,"PM483 ",2020-04-18
415579,138175,AA,"PM483 ",2020-04-18
415580,1230,AA,"PMF48 ",2021-01-06
415581,88696,AA,"PM60E ",2021-01-06
415582,16965,AA,"PMB48 ",2021-01-06
415583,152109,AA,"PM48G ",2019-07-06
415584,197059,AA,"PM48G ",2019-07-06
415585,234124,AA,"PM48G ",2019-07-06
415586,56441,AA,"PM363 ",2019-07-20
415587,58908,AA,"PM363 ",2019-07-20
415588,66905,AA,"PM60C ",2019-05-01
415589,511396,AA,"PM604 ",2019-11-23
415590,102988,AA,"PM363 ",2020-11-07
415591,615207,AA,"PM485 ",2019-03-02
415592,611099,AA,"PM483 ",2019-03-02
415593,558,AA,"PM60D ",2019-11-06
415594,215521,AA,"PM604 ",2019-05-04
415595,113211,AA,"PM367 ",2019-05-04
415596,106202,AA,"PM24D ",2019-05-04
415597,373151,AA,"PM483 ",2019-05-04
415598,103202,AA,"PM24R ",2019-05-04
415599,105333,AA,"PM363 ",2019-05-04
415600,107238,AA,"PM485 ",2020-08-01
415601,131264,AA,"PM488 ",2020-08-01
415602,457241,AA,"PM48G ",2020-11-07
415603,214448,AA,"PM604 ",2019-05-18
415604,485816,AA,"PM604 ",2019-05-18
415605,301311,AA,"PM604 ",2019-04-20
415606,146953,AA,"A60PM ",2020-10-07
415607,147310,AA,"A60PM ",2020-10-07
415608,148760,AA,"A60PM ",2020-10-07
415609,508975,AA,"PM604 ",2020-05-16
415610,8525,AA,"PMF60 ",2021-01-06
415611,166220,AA,"PM48A ",2019-07-06
415612,49685,AA,"PM367 ",2019-07-06
415613,118769,AA,"PM488 ",2019-07-06
415614,426426,AA,"PM489 ",2020-06-06
415615,69016,AA,"PM60C ",2019-05-01
415616,40996,AA,"48PMA ",2019-05-01
415617,71471,AA,"PM60C ",2019-05-01
415618,344,AB,"PM604 ",2019-11-23
415619,19388,AA,"A36PM ",2020-08-05
415620,88900,AA,"A48PM ",2020-08-05
415621,63626,AA,"A60PM ",2020-08-05
415622,89323,AA,"B48PM ",2020-08-05
415623,520077,AA,"PU12P ",2019-05-15
415624,508941,AA,"PM483 ",2020-08-15
415625,764411,AA,"PM604 ",2021-01-02
415626,93759,AA,"PM24D ",2021-01-02
415627,618515,AA,"PM483 ",2019-03-02
415628,7483,AA,"PM60C ",2019-11-06
415629,463152,AA,"PU36C ",2019-05-04
415630,242596,AB,"PU36C ",2019-05-04
415631,149997,AA,"PM48G ",2020-08-01
415632,818620,AA,"PM604 ",2019-05-18
415633,42709,AA,"36PM2 ",2019-05-18
415634,664896,AA,"PM604 ",2019-04-20
415635,150247,AA,"B48PM ",2020-10-07
415636,156642,AA,"B48PM ",2020-10-07
415637,65005,AA,"48PMA ",2021-01-06
415638,57298,AA,"48PMA ",2021-01-06
415639,157418,AA,"PM488 ",2019-07-06
415640,131769,AA,"PM366 ",2020-06-06
415641,105086,AA,"PM366 ",2020-06-06
415642,8756,AA,PU068D,2019-05-01
415643,52495,AA,"PM60C ",2019-05-01
415644,34023,AA,"48PMA ",2019-05-01
415645,92849,AA,"D48PM ",2020-08-05
415646,49379,AA,"A60PM ",2020-08-05
415647,85425,AA,"A48PM ",2020-08-05
415648,488311,AA,"PM604 ",2019-08-24
415649,814157,AA,"PM60V ",2019-08-24
415650,401129,AA,"PM488 ",2020-11-07
415651,426645,AA,"PM488 ",2020-11-07
415652,444160,AA,"PM489 ",2020-11-07
415653,285840,AA,"PM48A ",2020-11-07
415654,455811,AA,"PM48G ",2020-11-07
415655,351839,AA,"PM48H ",2020-11-07
415656,903254,AA,"PU36H ",2019-03-02
415657,461231,AA,"PM488 ",2019-12-21
415658,710225,AA,"PM604 ",2019-12-21
415659,463732,AA,"PM485 ",2019-12-21
415660,46887,AB,"PM604 ",2019-12-21
415661,109443,AA,"PM365 ",2019-05-04
415662,367002,AA,"PM483 ",2019-05-04
415663,479229,AD,"PU367 ",2019-05-04
415664,111016,AA,"PM363 ",2019-05-04
415665,116069,AA,"PM488 ",2020-08-01
415666,130233,AA,"PM365 ",2020-11-07
415667,72658,AA,"PM484 ",2019-10-12
415668,802259,AA,"PM60V ",2019-10-12
415669,245541,AA,"PM486 ",2019-07-06
415670,31735,AA,"PM365 ",2019-07-06
415671,385392,AA,"PM483 ",2020-06-06
415672,420724,AA,"PM489 ",2020-06-06
415673,511767,AA,"PM486 ",2020-06-06
415674,35713,AA,"48PMA ",2019-05-01
415675,73396,AA,"PM60D ",2019-05-01
415676,92104,AA,"A48PM ",2020-08-05
415677,67095,EE,"PM48E ",2020-11-11
415678,746628,AA,"PM604 ",2020-11-28
415679,756789,AA,"PM604 ",2020-11-28
415680,331470,AA,"PM488 ",2020-11-21
415681,35891,AA,"36PM4 ",2020-12-05
415682,19486,AA,"PM607 ",2019-11-02
415683,81228,AA,"PM484 ",2018-12-08
415684,465395,AA,"PM483 ",2019-12-21
415685,97028,AA,"PM363 ",2019-05-04
415686,371783,AA,"PM483 ",2019-05-04
415687,700312,AA,"PM604 ",2020-08-01
415688,7690,AA,"PM606 ",2020-08-01
415689,127967,AA,"PM488 ",2020-08-01
415690,182444,AA,"PM485 ",2020-08-01
415691,436532,AA,"PM487 ",2020-11-07
415692,241710,AA,"PM48D ",2020-11-07
415693,190700,AB,"PU36C ",2019-11-02
415694,98287,AA,"PM60C ",2021-01-06
415695,95662,AA,"PM60C ",2021-01-06
415696,12310,AA,"PMK48 ",2021-01-06
415697,22042,AA,"PMA48 ",2021-01-06
415698,5424,AA,"36PMK ",2021-01-06
415699,117648,AA,"PM363 ",2020-06-06
415700,55154,AA,"PM607 ",2020-06-06
415701,398387,AA,"PM489 ",2020-06-06
415702,58459,AA,"PM60C ",2019-05-01
415703,803196,AA,"PM604 ",2019-10-19
415704,19499,AA,"PM488 ",2019-10-19
415705,365069,AA,"PU36C ",2019-07-06
415706,143337,AA,"A60PM ",2020-10-07
415707,149950,AA,"A60PM ",2020-10-07
415708,146718,AA,"PMG48 ",2020-11-04
415709,776311,AA,"PM60V ",2020-04-11
415710,815170,AA,"PM604 ",2020-04-11
415711,62019,AA,"PM605 ",2020-12-05
415712,153343,AA,"PM36G ",2020-12-05
415713,147596,AA,"PM363 ",2020-12-05
415714,282326,AA,"PM488 ",2019-11-02
415715,710706,AA,"PM604 ",2018-12-08
415716,57549,AA,"PM604 ",2018-12-22
415717,391533,AA,"PM48I ",2019-05-04
415718,16449,AA,"36PM2 ",2019-05-04
415719,1427,AA,"PM607 ",2020-08-01
415720,104950,AA,"PM483 ",2020-08-01
415721,24369,AA,"36PM2 ",2020-11-07
415722,139075,AA,"PM488 ",2021-01-02
415723,140718,AA,"PM488 ",2021-01-02
415724,135812,AA,"PM604 ",2019-11-02
415725,191885,AA,"PM48G ",2019-11-02
415726,70525,AA,"PM363 ",2019-11-02
415727,1103,AA,"PMA36 ",2021-01-06
415728,4924,AA,"PMA36 ",2021-01-06
415729,5369,AA,"PMD60 ",2021-01-06
415730,129132,AA,"A60PM ",2020-12-02
415731,189554,AA,"PM483 ",2019-07-06
415732,248648,AA,"PM483 ",2019-07-06
415733,467197,AA,"PM48G ",2020-06-06
415734,119195,AA,"PM363 ",2020-06-06
415735,623801,AA,"PM604 ",2020-03-14
415736,133632,AA,"PMA48 ",2020-11-04
415737,148064,AA,"PMG48 ",2020-11-04
415738,146728,AA,"A48PM ",2020-12-02
415739,152895,AA,"PM366 ",2020-12-05
415740,563238,AA,"PM489 ",2020-12-05
415741,624400,AA,"PM604 ",2020-12-05
415742,200335,AC,"PU36C ",2020-12-05
415743,71515,AA,"PM363 ",2019-11-02
415744,86388,AA,"PU242 ",2019-11-02
415745,37628,AA,"PM607 ",2019-05-04
415746,386142,AA,"PM488 ",2019-05-04
415747,34883,AC,"PU36C ",2020-08-01
415748,72378,AA,"PM483 ",2020-08-01
415749,97073,AA,"PM24D ",2020-08-01
415750,512496,AA,"PM489 ",2020-08-15
415751,507657,AA,"PM48G ",2020-08-15
415752,74070,AA,"PM486 ",2021-01-02
415753,597600,AA,"PM60V ",2019-07-13
415754,173806,AA,"PM604 ",2019-07-13
415755,248007,AA,"PM604 ",2019-07-13
415756,142741,AA,"PM604 ",2019-01-19
415757,172483,AA,"PM604 ",2019-01-19
415758,716493,AA,"PM604 ",2019-10-26
415759,202871,AA,"PM60V ",2019-11-09
415760,254096,AA,"PM72P ",2019-11-13
415761,301031,AA,"PM48G ",2019-10-05
415762,275450,AA,"PM485 ",2019-10-05
415763,309946,AA,"PM604 ",2019-10-05
415764,232986,AA,"PM486 ",2020-02-01
415765,99430,AA,"PM489 ",2019-08-17
415766,101436,AA,"PM483 ",2019-08-17
415767,57356,AA,"PM36G ",2020-03-07
415768,447039,AA,"PM604 ",2019-01-19
415769,577419,AA,"PM604 ",2019-01-19
415770,788582,AA,"PM604 ",2019-01-19
415771,33445,AA,"36PM3 ",2019-01-19
415772,20492,AB,"PM604 ",2019-08-10
415773,41258,AB,"PM604 ",2019-08-10
415774,559178,AA,"PM604 ",2019-09-28
415775,325128,AA,"PM604 ",2019-11-16
415776,774348,AA,"PM604 ",2020-03-07
415777,55197,AA,"PM363 ",2020-03-07
415778,240756,AA,"PM483 ",2020-03-07
415779,174306,AA,"PM488 ",2020-03-07
415780,180332,AA,"PM486 ",2020-03-07
415781,798643,AA,"PM604 ",2019-09-28
415782,563100,AA,"PM60V ",2019-10-05
415783,160740,AA,"PM604 ",2019-10-05
415784,595193,AA,"PM483 ",2019-01-19
415785,158577,AA,"PM363 ",2019-01-19
415786,212226,AA,"PM604 ",2019-12-28
415787,454191,AA,"PM60V ",2019-12-28
415788,209668,AA,"PM604 ",2019-12-28
415789,776846,AA,"PM604 ",2019-12-28
415790,438872,AA,"PM601 ",2018-11-17
415791,306158,AA,"PM483 ",2019-10-05
415792,404172,AA,"PM60V ",2019-01-26
415793,41322,AA,"PM36G ",2020-03-07
415794,3801,AA,"PM483 ",2020-03-07
415795,299416,AA,"PM483 ",2019-10-05
415796,313646,AA,"PM483 ",2019-10-05
415797,325861,AA,"PM483 ",2019-10-05
415798,74863,AA,"PM60C ",2020-01-01
415799,76936,AA,"PM60C ",2020-01-01
415800,630659,AA,"PM604 ",2019-12-28
415801,41808,AA,"48PMI ",2020-01-01
415802,248820,AA,"PM488 ",2019-10-05
415803,276130,AA,"PM488 ",2019-10-05
415804,328195,AA,"PM604 ",2019-01-26
415805,691242,AA,"PM604 ",2019-01-26
415806,43655,AA,"PM364 ",2019-01-26
415807,176696,AA,"PM488 ",2020-03-07
415808,55598,AA,"PM484 ",2020-03-07
415809,88048,AC,"PU36H ",2020-02-01
415810,95402,AA,"PM24D ",2019-10-05
415811,59672,AA,"PM363 ",2019-10-05
415812,82645,AA,"PM60E ",2020-01-01
415813,68119,AA,"PM60C ",2020-01-01
415814,54527,AA,"48PMA ",2020-01-01
415815,84386,AA,"PM60C ",2020-01-01
415816,205234,AA,"PM488 ",2020-02-01
415817,67391,AA,"PM606 ",2019-01-26
415818,162658,AA,"PM48G ",2020-03-07
415819,86692,AA,"PM488 ",2020-03-07
415820,633871,AB,"PU36C ",2019-10-05
415821,3440326,AA,"PU12C ",2019-02-27
415822,68618,AA,"48PMN ",2019-06-05
415823,68534,AA,"48PMA ",2019-06-05
415824,87995,AA,"PM60C ",2020-01-01
415825,77464,AA,"PM60D ",2020-01-01
415826,87796,AA,"PM60C ",2020-01-01
415827,718755,AA,"PM604 ",2020-01-11
415828,13702,AA,"PM607 ",2020-02-01
415829,53907,AA,"PM365 ",2020-02-01
415830,208574,AA,"PM488 ",2020-02-01
415831,66819,AA,"PM363 ",2020-02-01
415832,3268516,AA,"PU12C ",2018-12-04
415833,642239,AA,"PM604 ",2019-06-15
415834,603462,AA,"PU12P ",2019-07-10
415835,42464,AB,"PM604 ",2020-03-07
415836,21128,AA,"PM483 ",2020-03-07
415837,762702,AA,"PM604 ",2018-11-10
415838,389,AB,"PM604 ",2018-11-10
415839,18679,AA,"PM606 ",2019-10-05
415840,18972,AA,"PM606 ",2019-10-05
415841,26637,AA,"PM606 ",2019-10-05
415842,102008,AA,"PM60C ",2019-06-05
415843,102871,AA,"PM60C ",2019-06-05
415844,14585,AA,"PMF48 ",2019-06-05
415845,114763,AA,"PM484 ",2020-01-18
415846,53628,AA,"PM365 ",2020-03-07
415847,215311,AA,"PM48H ",2020-03-07
415848,162737,AC,"PU36H ",2020-03-07
415849,219088,AA,"PM488 ",2020-03-07
415850,74557,AA,"PM24D ",2020-03-07
415851,266592,AA,"PM603 ",2018-11-10
415852,50556,AA,"PM604 ",2018-11-10
415853,531992,AA,"PU12P ",2019-05-22
415854,33394,AA,"PM607 ",2019-10-05
415855,22526,AA,"PM605 ",2019-10-05
415856,7038,AA,"PME60 ",2019-06-05
415857,13051,AA,"PMD60 ",2019-06-05
415858,14912,AA,"PMD60 ",2019-06-05
415859,3135,AA,"PMC60 ",2019-06-05
415860,275190,AA,"PM488 ",2020-02-01
415861,77393,AA,"PM36E ",2020-01-18
415862,175046,AA,"PM48D ",2020-03-07
415863,772629,AA,"PM604 ",2018-11-17
415864,213134,AA,"PM48H ",2019-10-05
415865,240328,AA,"PM48H ",2019-10-05
415866,3478,AA,"PMC60 ",2019-06-05
415867,5128,AA,"PMC60 ",2019-06-05
415868,4221,AA,"PMC48 ",2019-06-05
415869,707723,AA,"PM604 ",2019-01-19
415870,186197,AA,"PM604 ",2019-01-19
415871,431333,AA,"PM604 ",2019-01-19
415872,93348,AA,"PM489 ",2020-02-01
415873,341070,AA,"PM604 ",2020-01-25
415874,178825,AA,"PM604 ",2019-11-09
415875,283799,AA,"PM601 ",2018-11-17
415876,287490,AA,"PM48H ",2019-10-05
415877,327356,AA,"PM48F ",2019-10-05
415878,1095,AA,"PMA48 ",2019-06-05
415879,19706,AB,"PM604 ",2020-02-01
415880,239820,AA,"PM483 ",2020-02-01
415881,228951,AA,"PM604 ",2019-06-22
415882,614344,AA,"PM604 ",2019-06-22
415883,473072,AA,"PM604 ",2019-11-09
415884,658305,AA,"PM604 ",2019-11-09
415885,671131,AA,"PM604 ",2020-09-19
415886,558828,AA,"PM48H ",2019-06-01
415887,257905,AA,"PM488 ",2019-10-05
415888,16468,AA,"PMA48 ",2019-06-05
415889,76833,AA,"PM488 ",2020-02-01
415890,838104,AB,"PU368 ",2019-06-22
415891,139764,AA,"PM60V ",2019-11-16
415892,199818,AA,"PM48A ",2020-03-07
415893,724993,AA,"PM604 ",2018-11-17
415894,284177,AA,"PM488 ",2019-10-05
415895,68852,AA,"PM484 ",2019-07-27
415896,120548,AA,"PM604 ",2019-07-27
415897,553481,AA,"PM604 ",2018-12-15
415898,589334,AA,"PM604 ",2018-12-15
415899,280505,AA,"PM488 ",2020-02-01
415900,332183,AA,"PM604 ",2019-11-16
415901,105166,AA,"PM48H ",2019-08-17
415902,196405,AA,"PM488 ",2020-03-07
415903,3393694,AA,"PU12C ",2019-02-05
415904,3390994,AA,"PU12C ",2019-02-05
415905,341082,AA,"PM488 ",2019-10-05
415906,257408,AA,"PM486 ",2019-10-05
415907,431590,AA,"PM604 ",2019-07-27
415908,433313,AA,"PM604 ",2019-07-27
415909,667505,AA,"PM604 ",2019-07-27
415910,4561,AB,"PM604 ",2019-07-27
415911,31105,AB,"PM604 ",2019-07-27
415912,575424,AA,"PM48O ",2018-12-15
415913,354327,AA,"PM489 ",2018-12-15
415914,355227,AA,"PM488 ",2018-12-15
415915,574052,AA,"PM488 ",2018-12-15
415916,207413,AA,"PM48G ",2020-02-01
415917,209078,AA,"PM48G ",2019-11-16
415918,203775,AA,"PM48D ",2019-11-16
415919,202395,AA,"PM488 ",2019-11-16
415920,53603,AA,"PM365 ",2019-11-16
415921,52268,AA,"PM363 ",2019-11-16
415922,10644,AA,"PM607 ",2020-03-07
415923,20301,AA,"PM489 ",2020-03-07
415924,12978,AA,"PMC60 ",2019-06-05
415925,72092,AA,"PM365 ",2019-10-05
415926,231571,AA,"PM483 ",2019-10-05
415927,76818,AA,"PM363 ",2019-10-05
415928,83289,AA,"PM363 ",2019-10-05
415929,33279,AA,"PMC60 ",2019-08-07
415930,44593,AA,"PM48G ",2020-02-01
415931,77438,AA,"PM485 ",2020-03-07
415932,19080,AA,"PM607 ",2020-03-07
415933,3282270,AA,"PU12C ",2018-11-30
415934,2780,AA,"PMN48 ",2019-06-05
415935,553198,AA,"PM60V ",2019-06-15
415936,83919,AA,"PM604 ",2018-12-15
415937,396895,AA,"PM604 ",2018-12-15
415938,43787,AB,"PM60V ",2018-12-15
415939,88807,AA,"PM363 ",2019-10-05
415940,389192,AA,"PU36H ",2019-10-05
415941,240038,AB,"PU36H ",2019-10-05
415942,499422,AA,"PU12P ",2019-04-26
415943,36150,AA,"PME60 ",2019-08-07
415944,40226,AA,"PMN48 ",2019-08-07
415945,39156,AA,"36PM3 ",2019-03-30
415946,71748,AA,"PM36G ",2020-02-01
415947,40570,AA,"PM363 ",2020-02-01
415948,559956,AA,"PU12P ",2019-06-05
415949,539147,AA,"PU12P ",2019-06-05
415950,81614,AA,"PM484 ",2019-08-17
415951,73816,AA,"PM604 ",2019-08-17
415952,101348,AA,"PM604 ",2019-08-17
415953,146362,AA,"PM604 ",2019-08-17
415954,375090,AA,"PM604 ",2019-08-17
415955,341714,AA,"PM604 ",2019-06-15
415956,504919,AA,"PM604 ",2019-06-15
415957,517848,AA,"PM604 ",2019-10-26
415958,540422,AA,"PM604 ",2019-10-26
415959,37633,AA,"PMC60 ",2019-08-07
415960,27764,AA,"PMC60 ",2019-08-07
415961,7027,AA,"PMC36 ",2019-08-07
415962,717820,AA,"PM604 ",2019-08-17
415963,214557,AA,"PUB36 ",2021-05-05
415964,65978,AA,"48PMN ",2021-05-05
415965,357474,AA,"A60PM ",2021-05-05
415966,278844,AA,"A48PM ",2021-04-07
415967,529809,AA,"PM483 ",2021-12-04
415968,317380,AA,"PM483 ",2021-08-07
415969,336940,AA,"PM483 ",2021-08-07
415970,77718,AA,"PMN48 ",2021-05-05
415971,215057,AA,"PUA36 ",2021-05-05
415972,218257,AA,"PUA36 ",2021-05-05
415973,58363,AA,"PMD60 ",2021-05-05
415974,48727,AA,"PMF48 ",2021-04-07
415975,56002,AA,"PMC48 ",2021-04-07
415976,551946,AA,"PM483 ",2021-12-04
415977,536963,AA,"PM488 ",2021-12-04
415978,415186,AA,"PM483 ",2021-08-07
415979,438729,AA,"PM483 ",2021-08-07
415980,441245,AA,"PM483 ",2021-08-07
415981,58616,AA,"PMF48 ",2021-05-05
415982,92180,AA,"PMA48 ",2021-05-05
415983,58567,AA,"A36PM ",2021-04-07
415984,498937,AA,"PM483 ",2021-12-04
415985,40255,AA,"36PM2 ",2021-12-04
415986,108663,AA,"PM363 ",2021-08-07
415987,45770,AA,"PMF48 ",2021-05-05
415988,430196,AA,"PM483 ",2021-02-06
415989,495892,AA,"PM48G ",2021-02-06
415990,126466,AA,"PM36G ",2021-02-06
415991,500377,AA,"PM483 ",2021-02-06
415992,150851,AA,"PM363 ",2021-02-06
415993,447330,AA,"PM483 ",2021-02-06
415994,532175,AA,"PM488 ",2021-02-06
415995,22749,AA,"36PM3 ",2021-02-06
415996,528715,AA,"PM483 ",2021-02-06
415997,456726,AA,"PM488 ",2021-02-06
415998,375400,AA,"PM489 ",2021-02-06
415999,533054,AA,"PM486 ",2021-02-06
416000,396754,AA,"PM488 ",2021-06-19
416001,405966,AA,"PM48G ",2021-06-19
416002,586964,AA,"PM48H ",2021-12-25
416003,351560,AA,"PM483 ",2021-02-06
416004,28213,AA,"36PM2 ",2021-02-06
416005,540839,AA,"PM483 ",2021-02-06
416006,365973,AA,"PM489 ",2021-02-06
416007,440709,AA,"PM483 ",2021-02-06
416008,310645,AA,"PM483 ",2021-02-06
416009,528570,AA,"PM48H ",2021-02-06
416010,324925,AA,"PM483 ",2021-02-06
416011,122192,AA,"PM363 ",2021-02-06
416012,540218,AA,"PM488 ",2021-02-06
416013,467982,AA,"PM483 ",2021-02-06
416014,557934,AA,"PM489 ",2021-02-06
416015,543594,AA,"PM48G ",2021-02-06
416016,177389,AC,"PU36C ",2021-02-06
416017,710339,AA,"PM60V ",2021-02-06
416018,50586,AA,"PM607 ",2021-02-06
416019,376039,AA,"PM483 ",2021-02-06
416020,442444,AA,"PM483 ",2021-02-06
416021,338649,AA,"A48PM ",2021-11-03
416022,385468,AA,"PM488 ",2018-03-03
416023,2489192,AA,"PU12C ",2017-08-10
416024,149619,ED,"PM48E ",2017-12-20
416025,182012,AD,"PU368 ",2017-12-23
416026,523437,AA,"PM604 ",2018-06-09
416027,243719,AA,"PM488 ",2018-01-06
416028,32142,AA,"PM24R ",2017-02-04
416029,194746,AD,"PU369 ",2017-06-17
416030,88532,AF,"PU369 ",2017-06-17
416031,121908,AA,"PM48D ",2017-03-04
416032,21474,AB,"PM604 ",2017-01-07
416033,64723,AB,"PM604 ",2017-01-07
416034,3908,QL,"PM24P ",2017-05-24
416035,2349356,AA,"PU12C ",2017-06-13
416036,621811,AA,"PM604 ",2017-01-28
416037,708224,AA,"PM604 ",2017-01-28
416038,215487,AA,"PM603 ",2017-02-04
416039,24322,AA,"PM484 ",2017-02-04
416040,3826,AA,"PM484 ",2017-06-10
416041,52488,AA,"PM484 ",2017-06-10
416042,70373,AA,"PM484 ",2017-06-10
416043,813153,AA,"PM604 ",2017-02-18
416044,816646,AA,"PM604 ",2017-02-18
416045,68843,AA,"PM484 ",2017-03-04
416046,221773,AA,"PM604 ",2018-12-15
416047,256809,AA,"PM604 ",2018-12-15
416048,393404,AA,"PM604 ",2018-12-15
416049,803461,AA,"PM604 ",2018-12-15
416050,75271,AA,"PM483 ",2020-02-01
416051,25779,AA,"PM607 ",2020-02-01
416052,183432,AA,"PM48F ",2020-02-01
416053,729448,AA,"PM604 ",2020-02-01
416054,385906,AA,"PM604 ",2019-11-16
416055,270071,AB,"PU36C ",2020-03-07
416056,270652,AA,"PM487 ",2019-10-05
416057,214733,AA,"PM486 ",2019-10-05
416058,216598,AA,"PM486 ",2019-10-05
416059,232181,AA,"PM486 ",2019-10-05
416060,1526,AA,"36PM5 ",2018-04-21
416061,47804,AC,"PU36C ",2018-04-21
416062,41558,AA,"PM607 ",2018-03-03
416063,386646,AA,"PM48H ",2018-03-03
416064,381914,AA,"PM489 ",2018-03-03
416065,383249,AA,"PM488 ",2018-03-03
416066,248672,EC,"PM48E ",2017-12-20
416067,209470,ED,"PM48E ",2017-12-20
416068,362496,AA,"PM604 ",2017-12-23
416069,25346,AB,"PM604 ",2018-06-09
416070,2982370,AA,"PU12C ",2018-06-25
416071,34046,AA,"PM484 ",2018-06-16
416072,333559,AA,"PM488 ",2018-01-06
416073,631461,AA,"PM604 ",2017-02-18
416074,699128,AA,"PM604 ",2017-02-18
416075,742817,AA,"PM604 ",2017-02-18
416076,756312,AA,"PM604 ",2017-02-18
416077,189579,AA,"PM604 ",2017-02-04
416078,118965,AA,"PM484 ",2017-03-04
416079,820,AA,"PM364 ",2017-03-04
416080,57550,AA,"PM364 ",2017-01-07
416081,120656,AA,"PM485 ",2017-06-17
416082,119769,AA,"PM483 ",2017-06-17
416083,661646,AA,"PM604 ",2017-01-28
416084,685044,AA,"PM604 ",2017-01-28
416085,20903,AA,"PM484 ",2017-02-04
416086,38532,AA,"PM484 ",2017-02-04
416087,257892,AA,"PM604 ",2017-04-01
416088,96245,AA,"PM487 ",2017-02-04
416089,339863,AA,"PM601 ",2017-02-04
416090,550020,AA,"PM604 ",2017-06-24
416091,4221,AA,"PM484 ",2017-06-24
416092,89600,AA,"PM601 ",2017-06-24
416093,32547,AA,"PM364 ",2017-06-24
416094,442678,AA,"PM604 ",2017-04-01
416095,334650,AA,"PM601 ",2017-03-04
416096,55444,AA,"PM601 ",2017-05-20
416097,237121,AA,"PM604 ",2017-06-10
416098,333577,AA,"PM604 ",2017-06-10
416099,239042,AA,"PM601 ",2017-04-15
416100,51381,AB,"PM604 ",2017-01-07
416101,662444,AA,"PU36C ",2017-01-07
416102,27357,AA,"PM484 ",2017-01-07
416103,27434,AA,"PM361 ",2017-01-07
416104,2080576,AA,"PU12C ",2017-03-20
416105,10996,AA,"PM24T ",2017-01-07
416106,4164,AA,"36PM2 ",2017-01-07
416107,358426,AA,"PU36C ",2017-01-07
416108,500426,AA,"PU36C ",2017-01-07
416109,530426,AA,"PU36C ",2017-01-07
416110,199465,AA,"PM483 ",2017-06-24
416111,748267,AA,"PM604 ",2017-06-24
416112,45487,AA,"PM364 ",2017-01-28
416113,958907,AA,"PU36C ",2017-01-28
416114,89783,AA,"PM488 ",2017-01-28
416115,37344,AA,"PU481 ",2017-02-04
416116,153532,AA,"PM48G ",2017-04-15
416117,447116,AA,"PM601 ",2017-04-15
416118,588408,AA,"PM604 ",2017-04-15
416119,517581,AA,"PM60V ",2017-03-04
416120,698337,AA,"PM60V ",2017-03-04
416121,701408,AA,"PM60V ",2017-03-04
416122,631584,AA,"PM604 ",2017-05-20
416123,2292300,AA,"PU12C ",2017-05-18
416124,150422,AA,"PM363 ",2021-02-06
416125,538043,AA,"PM483 ",2021-02-06
416126,465368,AA,"PM488 ",2021-02-06
416127,26427,AA,"36PM2 ",2021-02-06
416128,23453,AA,"36PM6 ",2021-02-06
416129,147324,AA,"PM36G ",2021-02-06
416130,312763,AA,"PUA36 ",2021-12-01
416131,81241,AA,"A48PM ",2021-11-03
416132,45288,AA,"B36PM ",2021-11-03
416133,36163,AA,"D60PM ",2021-11-03
416134,82486,AA,"B48PM ",2021-11-03
416135,69957,AA,"B48PM ",2021-11-03
416136,74960,AA,"C48PM ",2021-11-03
416137,65295,AA,"D48PM ",2021-11-03
416138,80118,AA,"D48PM ",2021-11-03
416139,408173,AA,"E60PM ",2021-11-03
416140,311963,AA,"PUB36 ",2021-12-01
416141,546057,AA,"PM48O ",2021-12-18
416142,36734,AA,"A48PM ",2021-03-03
416143,30305,AA,"B48PM ",2021-03-03
416144,3028,AA,"A36PM ",2021-03-03
416145,8912,AA,"C36PM ",2021-03-03
416146,45575,AA,"A48PM ",2021-03-03
416147,52194,AB,"PM60V ",2021-05-01
416148,35167,AB,"PM604 ",2021-05-01
416149,104582,AA,"A48PM ",2022-01-05
416150,113076,AA,"C48PM ",2022-01-05
416151,30939,AA,"A60PM ",2021-03-03
416152,27912,AA,"D60PM ",2021-03-03
416153,15497,AA,"A48PM ",2021-03-03
416154,54613,AA,"A48PM ",2021-03-03
416155,61461,AA,"PMA48 ",2021-12-01
416156,80697,AA,"PMC60 ",2021-12-01
416157,27630,AA,"C48PM ",2021-03-03
416158,12226,AA,"D60PM ",2021-03-03
416159,209677,AA,"PM48D ",2021-05-01
416160,136843,AA,"PM489 ",2021-05-01
416161,209733,AA,"PM488 ",2021-05-01
416162,226754,AA,"PM488 ",2021-05-01
416163,238668,AA,"PM488 ",2021-05-01
416164,322876,AA,"A48PM ",2021-12-01
416165,85634,AA,"A60PM ",2022-01-05
416166,378360,AA,"B60PM ",2022-01-05
416167,36427,AA,"C60PM ",2021-03-03
416168,47291,AA,"PMA48 ",2021-12-01
416169,125430,AA,"PMI48 ",2021-12-01
416170,198663,AA,"PM486 ",2021-05-01
416171,24601,AA,"PMC60 ",2021-12-01
416172,312563,AA,"PUA36 ",2021-12-01
416173,73434,AA,"A60PM ",2022-01-05
416174,36241,AA,"E48PM ",2021-03-03
416175,466690,AA,"PM489 ",2021-08-21
416176,479260,AA,"PM486 ",2021-08-21
416177,236538,AA,"PM483 ",2021-05-01
416178,236589,AA,"PM483 ",2021-05-01
416179,42163,AA,"F48PM ",2021-11-03
416180,289249,AA,"B60PM ",2021-12-01
416181,89470,AA,"PMA48 ",2021-12-01
416182,668975,AA,"PM604 ",2017-06-10
416183,701496,AA,"PM604 ",2017-06-10
416184,106906,AA,"PM484 ",2017-04-15
416185,542260,AA,"PM60V ",2017-04-15
416186,15640,AB,"PU36H ",2017-02-18
416187,791467,AA,"PM604 ",2017-03-11
416188,803233,AA,"PM60V ",2017-03-11
416189,195132,AA,"PM601 ",2017-01-07
416190,45561,AA,"PM481 ",2017-05-20
416191,122590,AA,"PM601 ",2017-05-20
416192,238055,AA,"PM601 ",2017-05-20
416193,293809,AA,"PM601 ",2017-05-20
416194,36995,AA,"PM364 ",2017-07-01
416195,119413,AA,"PM484 ",2017-07-01
416196,307878,AA,"PM604 ",2017-02-04
416197,373724,AA,"PM604 ",2017-02-04
416198,154163,AA,"PM48D ",2017-04-15
416199,2233237,AA,"PU12C ",2017-05-02
416200,17099,AE,"PU58V ",2017-01-25
416201,463731,AA,"PM604 ",2017-06-24
416202,505192,AA,"PM604 ",2017-06-24
416203,589303,AA,"PM604 ",2017-06-24
416204,444387,AA,"PM601 ",2017-03-11
416205,397366,AA,"PM601 ",2017-03-11
416206,77714,AA,"PM488 ",2017-01-07
416207,460426,AA,"PU36H ",2017-01-07
416208,484426,AA,"PU36H ",2017-01-07
416209,112749,AA,"PU481 ",2017-07-01
416210,310933,AB,"PU36H ",2017-07-01
416211,855716,AB,"PU369 ",2017-04-01
416212,11210,AA,"PM484 ",2017-04-01
416213,849006,AB,"PU368 ",2017-04-01
416214,775474,AA,"PM604 ",2017-02-04
416215,12692,AB,"PM604 ",2017-02-04
416216,99657,AA,"PM604 ",2017-03-04
416217,267020,AA,"PM604 ",2017-03-04
416218,395449,AA,"PM604 ",2017-03-04
416219,2267615,AA,"PU12C ",2017-05-11
416220,48457,AA,"PM363 ",2017-06-10
416221,5017,AB,"PM604 ",2017-06-24
416222,515329,AA,"PM604 ",2017-03-11
416223,116993,AA,"PM484 ",2017-03-11
416224,237783,AA,"PM603 ",2017-04-01
416225,656444,AA,"PU36H ",2017-01-07
416226,454539,AA,"PU36C ",2017-07-01
416227,177069,AA,"PM604 ",2017-07-01
416228,697014,AA,"PM604 ",2017-01-28
416229,40450,AB,"PM604 ",2017-02-04
416230,56401,AB,"PM604 ",2017-02-04
416231,80938,AD,"PU368 ",2017-02-04
416232,641340,AA,"PM604 ",2017-03-04
416233,676574,AA,"PM604 ",2017-03-04
416234,84984,AA,"PM484 ",2017-06-10
416235,192116,AA,"PM488 ",2017-06-10
416236,456212,AA,"PM604 ",2017-04-15
416237,215657,AB,"PU36C ",2017-06-24
416238,198202,AA,"PM488 ",2017-06-24
416239,68137,AA,"PM604 ",2017-03-11
416240,92538,AA,"PMC60 ",2021-12-01
416241,71626,AA,"PME60 ",2021-12-01
416242,373184,AA,"PM604 ",2018-04-07
416243,160331,AA,"PM483 ",2018-04-07
416244,107156,AA,"PM489 ",2018-04-07
416245,33977,AA,"PM365 ",2018-04-07
416246,503156,AA,"PM601 ",2017-12-09
416247,81975,AB,"PU369 ",2017-07-15
416248,82471,AA,"PM604 ",2017-12-02
416249,264148,AA,"PM488 ",2017-09-30
416250,263475,AA,"PM483 ",2017-09-30
416251,266987,AA,"PM48G ",2017-09-30
416252,267897,AA,"PM48H ",2017-09-30
416253,32965,AA,"PM364 ",2018-03-24
416254,89609,AB,"PU36C ",2018-04-07
416255,40447,AA,"PM36F ",2018-04-07
416256,414623,AA,"PM483 ",2018-04-07
416257,337253,AA,"PM604 ",2018-01-13
416258,483309,AA,"PM604 ",2018-01-13
416259,16967,AA,"PM604 ",2017-12-09
416260,129832,AA,"PM601 ",2017-07-15
416261,2461,AA,"PM483 ",2017-07-15
416262,570709,AA,"PM604 ",2017-12-02
416263,714526,AA,"PM604 ",2017-12-02
416264,740219,AA,"PM604 ",2017-12-02
416265,781983,AA,"PM604 ",2017-12-02
416266,793673,AA,"PM604 ",2017-12-02
416267,798503,AA,"PM604 ",2017-12-02
416268,453621,AB,"PU36C ",2017-09-30
416269,436656,AA,"PM604 ",2018-02-24
416270,550318,AA,"PM604 ",2018-02-24
416271,605865,AA,"PM604 ",2018-02-24
416272,698231,AA,"PM604 ",2018-02-24
416273,94682,AA,"PM604 ",2018-03-24
416274,322904,AA,"PM60V ",2018-03-24
416275,126850,AA,"PM484 ",2018-04-07
416276,323649,AA,"PM601 ",2018-04-07
416277,487521,AA,"PM601 ",2018-04-07
416278,250474,AA,"PM601 ",2018-04-07
416279,98047,AA,"PM603 ",2018-04-07
416280,192096,AA,"PM60V ",2018-04-07
416281,551688,AA,"PM604 ",2017-12-09
416282,660890,AA,"PM604 ",2017-12-09
416283,276142,AA,"PM604 ",2017-10-14
416284,45383,AA,"PM364 ",2017-09-23
416285,37386,AB,"PM604 ",2017-11-25
416286,80556,AA,"PM36F ",2017-11-25
416287,237426,AA,"PM604 ",2017-11-25
416288,560725,AB,"PU36C ",2017-12-02
416289,13535,AC,"PU36C ",2018-02-24
416290,160025,AA,"PM48G ",2018-04-07
416291,35920,AA,"PM363 ",2018-04-07
416292,2664894,AA,"PU12C ",2017-11-23
416293,760015,AA,"PM604 ",2017-12-09
416294,32027,AA,"PM606 ",2017-12-09
416295,314203,AA,"PM488 ",2017-12-09
416296,2458513,AA,"PU12C ",2017-07-27
416297,444670,AA,"PM601 ",2017-09-23
416298,492675,AA,"PM601 ",2017-09-23
416299,781094,AA,"PM60V ",2017-10-14
416300,36193,AA,"PM484 ",2017-10-14
416301,446254,AA,"PM604 ",2017-10-14
416302,2617421,AA,"PU12C ",2017-10-25
416303,582974,AB,"PU36C ",2017-12-02
416304,308942,AA,"PM488 ",2017-12-02
416305,307618,AA,"PM483 ",2017-12-02
416306,2609017,AA,"PU12C ",2017-10-17
416307,373842,AA,"PM48H ",2018-02-24
416308,370896,AA,"PM48D ",2018-02-24
416309,2547261,AA,"PU12C ",2017-09-08
416310,153170,AA,"PM486 ",2018-04-07
416311,134349,AB,"PU36C ",2018-04-07
416312,236163,AA,"PU36H ",2018-04-07
416313,124814,AA,"PM48D ",2018-04-07
416314,258947,AA,"PM483 ",2017-09-23
416315,36173,AA,"PM603 ",2017-09-23
416316,676313,AA,"PM604 ",2017-09-23
416317,392886,AA,"PM604 ",2017-10-14
416318,10321,AB,"PM604 ",2017-12-02
416319,426350,AA,"PU36H ",2017-12-02
416320,75740,AA,"PM484 ",2017-10-28
416321,77660,AA,"PM484 ",2017-10-28
416322,713528,AA,"PM60V ",2017-10-28
416323,273522,AA,"PM72P ",2018-04-11
416324,2401156,AA,"PU12C ",2017-07-10
416325,49789,AA,"PM364 ",2018-01-13
416326,339930,AA,"PM48O ",2018-01-13
416327,388350,AA,"PU36C ",2017-12-02
416328,510184,AC,"PU368 ",2017-12-09
416329,182926,AC,"PU367 ",2017-12-09
416330,12915,AA,"36PM2 ",2017-12-09
416331,370491,AA,"PM483 ",2018-02-24
416332,370838,AA,"PM486 ",2018-02-24
416333,34663,AA,"PM24R ",2018-04-07
416334,52191,ED,"PM48E ",2017-11-25
416335,370031,AA,"PM601 ",2017-11-25
416336,274020,AA,"PM601 ",2017-09-23
416337,803501,AA,"PM604 ",2017-09-23
416338,261166,AA,"PM48G ",2017-09-23
416339,161489,AA,"PM604 ",2017-09-23
416340,435076,AB,"PU36C ",2017-09-23
416341,47703,AB,"PM604 ",2017-09-23
416342,510350,AA,"PU36C ",2017-12-02
416343,526350,AA,"PU36C ",2017-12-02
416344,532350,AA,"PU36C ",2017-12-02
416345,245610,AB,"PU36C ",2017-12-02
416346,273355,AB,"PU36C ",2017-12-02
416347,277353,AB,"PU36C ",2017-12-02
416348,322529,AB,"PU36C ",2017-12-02
416349,437238,AA,"PM601 ",2018-03-17
416350,618049,AA,"PM604 ",2017-10-28
416351,671031,AA,"PM604 ",2017-10-28
416352,807864,AA,"PM604 ",2017-10-28
416353,31958,AB,"PM604 ",2017-10-28
416354,98055,AA,"PM484 ",2017-11-25
416355,238725,AA,"PM604 ",2017-07-01
416356,37900,AA,"PM604 ",2017-07-01
416357,679242,AA,"PM604 ",2017-12-02
416358,283477,AA,"PM604 ",2017-12-02
416359,31323,AA,"PM607 ",2017-12-02
416360,12490,AA,"36PM2 ",2017-12-02
416361,23628,AB,"PM60V ",2018-03-17
416362,98878,AA,"PM604 ",2018-03-17
416363,494227,AA,"PM604 ",2018-03-17
416364,595524,AA,"PM604 ",2018-03-17
416365,512174,AB,"PU36C ",2017-10-28
416366,28113,AA,"PM607 ",2017-10-28
416367,286799,AA,"PM48O ",2017-10-28
416368,319692,AA,"PM604 ",2017-11-25
416369,395872,AA,"PM604 ",2017-11-25
416370,495441,AA,"PM604 ",2017-11-25
416371,323794,AA,"PM601 ",2017-12-02
416372,286275,AA,"PM603 ",2017-12-02
416373,707071,AB,"PU369 ",2017-07-01
416374,390439,AA,"PM604 ",2017-12-02
416375,48191,AB,"PM604 ",2018-03-17
416376,53567,AB,"PM604 ",2018-03-17
416377,163826,AA,"PM483 ",2018-04-07
416378,135797,AA,"PM483 ",2018-04-07
416379,557740,AA,"PM604 ",2017-11-25
416380,718265,AA,"PM604 ",2017-11-25
416381,800606,AA,"PM604 ",2017-11-25
416382,83838,AA,"PM484 ",2017-12-02
416383,142103,AF,"PU122 ",2017-12-02
416384,104354,AB,"PU369 ",2017-12-02
416385,291154,AE,"PU369 ",2017-12-02
416386,500539,AA,"PU36C ",2017-07-01
416387,282615,AB,"PU36C ",2017-12-02
416388,7108,QK,"PM24P ",2018-01-03
416389,70991,AA,"PM484 ",2018-01-13
416390,102916,AA,"PM484 ",2018-01-13
416391,398082,AA,"PM488 ",2018-03-17
416392,109708,AA,"PM363 ",2018-03-17
416393,198399,AA,"PM601 ",2018-03-24
416394,40136,AA,"PM604 ",2017-10-28
416395,2796597,AA,"PU12C ",2018-03-14
416396,123021,AA,"PM488 ",2018-04-07
416397,147921,AA,"PM483 ",2018-04-07
416398,201008,AA,"PM72P ",2017-10-25
416399,554353,AB,"PU36C ",2017-11-25
416400,2504875,AA,"PU12C ",2017-08-29