_CustomObjectKey,MCI
13871493,800788803
13871494,928805388
13871495,700736819
13871496,200425681
13871497,100418194
13871498,100080942
13871499,102812284
13871500,201159899
13871501,600641266
13871502,101151296
13871503,200016875
13871504,911284735
13871505,200003807
13871506,200076368
13871507,402465436
13871508,903353277
13871509,602870833
13871510,503232830
13871511,908707291
13871512,501168166
13871513,824681100
13871514,306096568
13871515,300595576
13871516,911079537
13871517,905215912
13871518,400904236
13871519,100175451
13871520,600453135
13871521,419668719
13871522,903216717
13871523,933996227
13871524,104901745
13871525,931182383
13871526,900627371
13871527,300964966
13871528,302182466
13871529,204581344
13871530,800003651
13871531,915944530
13871532,307223245
13871533,828959136
13871534,100356415
13871535,300809107
13871536,912981626
13871537,100486427
13871538,400448315
13871539,500945064
13871540,800515242
13871541,900289196
13871542,101363004
13871543,903195999
13871544,500273475
13871545,400635011
13871546,100288195
13871547,100357854
13871548,700669217
13871549,600770434
13871550,918482416
13871551,400332866
13871552,101267843
13871553,204168049
13871554,100768634
13871555,916452376
13871556,903772351
13871557,300063991
13871558,905694148
13871559,200717261
13871560,426082955
13871561,900089942
13871562,903274747
13871563,303535541
13871564,503013039
13871565,904073044
13871566,300759986
13871567,300721401
13871568,400466026
13871569,602212545
13871570,600090120
13871571,503154390
13871572,909440506
13871573,2427836
13871574,253060
13871575,900347550
13871576,901078607
13871577,933278309
13871578,802059189
13871579,400912599
13871580,104614762
13871581,31060591
13871582,200868463
13871583,104806508
13871584,101333953
13871585,400366460
13871586,100903105
13871587,904595792
13871588,200277505
13871589,901367142
13871590,600556291
13871591,100331941
13871592,300764525
13871593,920999831
13871594,500283894
13871595,104964897
13871596,921351672
13871597,900275541
13871598,200010208
13871599,906772679
13871600,911537730
13871601,912127204
13871602,300931688
13871603,501435755
13871604,200628250
13871605,700563921
13871606,824114874
13871607,100791202
13871608,300122300
13871609,414837618
13871610,515738
13871611,1483092
13871612,921568592
13871613,306121705
13871614,200441340
13871615,400691706
13871616,101197029
13871617,200758005
13871618,200706929
13871619,200766607
13871620,605204167
13871621,103435009
13871622,400663334
13871623,106457721
13871624,919319880
13871625,908868779
13871626,509130374
13871627,916830421
13871628,100200187
13871629,203184786
13871630,400368277
13871631,100875103
13871632,400487646
13871633,100992812
13871634,201093698
13871635,410558863
13871636,411179960
13871637,928293335
13871638,700709412
13871639,415809589
13871640,374962
13871641,903799491
13871642,912839017
13871643,906660930
13871644,400177010
13871645,926747025
13871646,302186511
13871647,902091577
13871648,105923840
13871649,501013454
13871650,421088976
13871651,101342670
13871652,200926616
13871653,500753153
13871654,600521379
13871655,802336830
13871656,600873871
13871657,900321752
13871658,204525282
13871659,512546537
13871660,100362027
13871661,600583607
13871662,100012215
13871663,400785234
13871664,900320759
13871665,800622966
13871666,200259028
13871667,906521162
13871668,912111052
13871669,909812046
13871670,307199344
13871671,201069570
13871672,910956074
13871673,500506447
13871674,900418868
13871675,923588798
13871676,101571558
13871677,410055212
13871678,911860998
13871679,800118537
13871680,101447969
13871681,400231429
13871682,100973250
13871683,300068346
13871684,414756111
13871685,100157639
13871686,100968667
13871687,700426134
13871688,384050
13871689,500795768
13871690,200882201
13871691,500643814
13871692,902059898
13871693,922136322
13871694,800293498
13871695,422470181
13871696,200023914
13871697,512116897
13871698,900168565
13871699,600791625
13871700,100702427
13871701,203188523
13871702,511943769
13871703,906547377
13871704,101283182
13871705,300826629
13871706,904207345
13871707,100081357
13871708,516631494
13871709,500729352
13871710,511068142
13871711,500087038
13871712,927166813
13871713,903751353
13871714,904261531
13871715,102517380
13871716,110053191
13871717,700719456
13871718,600334947
13871719,600932921
13871720,215013
13871721,100057512
13871722,900478176
13871723,927857246
13871724,203099167
13871725,100090135
13871726,101564917
13871727,204562531
13871728,400684094
13871729,500477024
13871730,410047870
13871731,901624502
13871732,498469
13871733,903882048
13871734,101475301
13871735,400667402
13871736,900479542
13871737,906918896
13871738,700336169
13871739,500142540
13871740,926227347
13871741,302194128
13871742,202320415
13871743,410104539
13871744,701975164
13871745,100847525
13871746,200745603
13871747,201044936
13871748,461753050
13871749,919059585
13871750,202216166
13871751,203516938
13871752,101292032
13871753,208412001
13871754,400084246
13871755,903579977
13871756,600506798
13871757,800064879
13871758,200926754
13871759,600543406
13871760,100032319
13871761,901255966
13871762,100304554
13871763,912273398
13871764,400825773
13871765,700738701
13871766,34286309
13871767,830468761
13871768,300165261
13871769,913284314
13871770,301090952
13871771,924563403
13871772,200936089
13871773,500906959
13871774,307292776
13871775,910272526
13871776,101052871
13871777,906028129
13871778,600025337
13871779,200234572
13871780,101447455
13871781,300739812
13871782,112789596
13871783,917778539
13871784,904620357
13871785,207421309
13871786,602529027
13871787,917211038
13871788,307105943
13871789,443974100
13871790,201339795
13871791,500094576
13871792,200737503
13871793,927251799
13871794,300000965
13871795,905941357
13871796,101737333
13871797,201255233
13871798,700092905
13871799,400441536
13871800,400109472
13871801,300246989
13871802,422167199
13871803,500581641
13871804,20544
13871805,300838540
13871806,422881838
13871807,200282385
13871808,300870745
13871809,803543450
13871810,606997796
13871811,204942275
13871812,100404961
13871813,800782268
13871814,800718271
13871815,201538331
13871816,416344714
13871817,200143857
13871818,101281314
13871819,303534718
13871820,301101627
13871821,509154141
13871822,200691267
13871823,201447666
13871824,901462832
13871825,32852288
13871826,900166404
13871827,200496693
13871828,928462490
13871829,903729772
13871830,906928333
13871831,201469919
13871832,919808130
13871833,300387493
13871834,800024362
13871835,511027903
13871836,931331482
13871837,603293119
13871838,101188212
13871839,400066650
13871840,303681592
13871841,914703834
13871842,422815663
13871843,701114128
13871844,410347721
13871845,419759804
13871846,302011673
13871847,936218364
13871848,113633269
13871849,600917737
13871850,411986080
13871851,800010056
13871852,400050808
13871853,101371480
13871854,300731354
13871855,410574751
13871856,102842146
13871857,201351563
13871858,300827950
13871859,700006878
13871860,800972272
13871861,105547355
13871862,300464806
13871863,441455199
13871864,800648750
13871865,36361
13871866,903486235
13871867,105496788
13871868,302935742
13871869,400856814
13871870,912196702
13871871,253452
13871872,908893569
13871873,920497758
13871874,916436701
13871875,418616366
13871876,100049057
13871877,402259338
13871878,904169479
13871879,516731128
13871880,411896918
13871881,903251232
13871882,205231780
13871883,200637900
13871884,931565936
13871885,600425482
13871886,700711014
13871887,402316243
13871888,300951623
13871889,600561384
13871890,500634233
13871891,500651867
13871892,424576305
13871893,200317551
13871894,934890871
13871895,800797683
13871896,36062834
13871897,412665670
13871898,832923820
13871899,446675001
13871900,200919271
13871901,201229640
13871902,100712369
13871903,700425937
13871904,700736586
13871905,800189769
13871906,205014860
13871907,201284421
13871908,600531896
13871909,102980400
13871910,413365954
13871911,36204637
13871912,302484800
13871913,600984791
13871914,601069922
13871915,923925273
13871916,800144468
13871917,31927153
13871918,441871187
13871919,104073222
13871920,105836295
13871921,32400124
13871922,903591987
13871923,300798823
13871924,800135667
13871925,702086581
13871926,501107511
13871927,701785591
13871928,918551609
13871929,927633975
13871930,205643984
13871931,101344643
13871932,928092628
13871933,412292790
13871934,600127649
13871935,913208000
13871936,420266677
13871937,400761913
13871938,502386031
13871939,201202927
13871940,500526155
13871941,903865179
13871942,303539684
13871943,203870962
13871944,600638526
13871945,205708544
13871946,903512074
13871947,200622652
13871948,903755977
13871949,300768718
13871950,700223430
13871951,302989666
13871952,101129997
13871953,922654814
13871954,900440090
13871955,300968346
13871956,9180
13871957,916925992
13871958,600793269
13871959,600651583
13871960,101156176
13871961,600943500
13871962,306828986
13871963,410174220
13871964,936528321
13871965,912286871
13871966,908053556
13871967,100860948
13871968,928041645
13871969,702253687
13871970,210380
13871971,1532050
13871972,935480636
13871973,800877639
13871974,826209389
13871975,600561953
13871976,530943
13871977,200460633
13871978,400992613
13871979,904449290
13871980,926294006
13871981,502262926
13871982,800041073
13871983,303776362
13871984,936441987
13871985,303882046
13871986,100723629
13871987,904516163
13871988,204785594
13871989,600506125
13871990,204781823
13871991,400168002
13871992,100293447
13871993,101295029
13871994,201007290
13871995,103701318
13871996,410290642
13871997,702101005
13871998,18795
13871999,921590961
13872000,463147
13872001,300322249
13872002,200987694
13872003,921306339
13872004,603408071
13872005,300848135
13872006,417288708
13872007,201071803
13872008,903931897
13872009,68697
13872010,909052290
13872011,600528567
13872012,801053016
13872013,502538042
13872014,500669557
13872015,600680899
13872016,500116003
13872017,200169805
13872018,906020262
13872019,200626975
13872020,901459973
13872021,416019783
13872022,300885649
13872023,500711218
13872024,932376973
13872025,800015194
13872026,200289179
13872027,901677006
13872028,900301732
13872029,201241244
13872030,410059824
13872031,602119366
13872032,100599464
13872033,300810399
13872034,700534230
13872035,600432087
13872036,201258588
13872037,903033569
13872038,106300025
13872039,203666858
13872040,900589367
13872041,500045133
13872042,100265958
13872043,203449972
13872044,412216374
13872045,507710658
13872046,201094512
13872047,602831010
13872048,500683782
13872049,905765912
13872050,303266151
13872051,906331342
13872052,200497974
13872053,904920151
13872054,106000933
13872055,935754744
13872056,200180025
13872057,910114879
13872058,101244686
13872059,920871055
13872060,419595792
13872061,919824179
13872062,701283991
13872063,255870
13872064,904035433
13872065,515529015
13872066,800055057
13872067,906852957
13872068,700671460
13872069,200728769
13872070,500466183
13872071,200716882
13872072,400472214
13872073,700032757
13872074,901364041
13872075,501196215
13872076,700734851
13872077,209307306
13872078,101082728
13872079,203895381
13872080,370045
13872081,909268502
13872082,700529818
13872083,410066575
13872084,100197396
13872085,900123291
13872086,500683255
13872087,700791062
13872088,600887044
13872089,700838955
13872090,100340391
13872091,200516142
13872092,100196488
13872093,200864671
13872094,926087213
13872095,500122823
13872096,200928066
13872097,100503255
13872098,400210453
13872099,300557418
13872100,911480864
13872101,300829396
13872102,201211708
13872103,100608411
13872104,297526
13872105,201229382
13872106,702200047
13872107,101583175
13872108,600667968
13872109,100907896
13872110,501281946
13872111,929214683
13872112,414169603
13872113,101149225
13872114,441801798
13872115,400723438
13872116,500820033
13872117,101169467
13872118,915423554
13872119,113326879
13872120,519642675
13872121,400480581
13872122,420676913
13872123,502641364
13872124,600293284
13872125,903084115
13872126,203122428
13872127,910877078
13872128,100064379
13872129,200925422
13872130,913417211
13872131,418251292
13872132,926550499
13872133,918730985
13872134,904314892
13872135,900055324
13872136,600223305
13872137,600564677
13872138,603347214
13872139,918643274
13872140,306311397
13872141,600634127
13872142,230679
13872143,700588155
13872144,200558868
13872145,800512919
13872146,425713
13872147,204172306
13872148,200140011
13872149,402286550
13872150,203650160
13872151,425508830
13872152,200638089
13872153,400058871
13872154,904208471
13872155,304147054
13872156,303039858
13872157,908343620
13872158,100552900
13872159,100641734
13872160,400941585
13872161,600520581
13872162,604512470
13872163,908378751
13872164,412903346
13872165,913663903
13872166,800150392
13872167,500034099
13872168,917721257
13872169,101969624
13872170,400014920
13872171,601037187
13872172,908786197
13872173,601013960
13872174,909465525
13872175,907519518
13872176,411755710
13872177,500252583
13872178,100064979
13872179,907728500
13872180,307052578
13872181,201367821
13872182,103219403
13872183,200208831
13872184,201715335
13872185,900296626
13872186,739627
13872187,700069340
13872188,907209602
13872189,600661221
13872190,903886100
13872191,908258210
13872192,422441708
13872193,204413444
13872194,900457278
13872195,400880991
13872196,104960561
13872197,104307503
13872198,410104946
13872199,104795970
13872200,600732478
13872201,902051058
13872202,900491175
13872203,921464833
13872204,900335919
13872205,700224296
13872206,300953339
13872207,105400111
13872208,906479312
13872209,248761
13872210,600738716
13872211,101089337
13872212,601571189
13872213,916489148
13872214,600616885
13872215,600784403
13872216,415479396
13872217,363939
13872218,501365468
13872219,416260721
13872220,300931300
13872221,106062514
13872222,103772310
13872223,901019208
13872224,909211216
13872225,100023036
13872226,425791346
13872227,201325415
13872228,205508345
13872229,101531716
13872230,200436247
13872231,300964488
13872232,330620627
13872233,300426401
13872234,423148135
13872235,300082911
13872236,104243138
13872237,1481742
13872238,901409152
13872239,400151660
13872240,401056268
13872241,426988
13872242,921445694
13872243,604172524
13872244,100354054
13872245,928652357
13872246,906087557
13872247,100355089
13872248,445924075
13872249,400610833
13872250,928583899
13872251,600636210
13872252,919457097
13872253,100355455
13872254,915993977
13872255,803286703
13872256,701730242
13872257,206319464
13872258,400509963
13872259,913407127
13872260,924212396
13872261,701771364
13872262,100084769
13872263,900030943
13872264,101363420
13872265,700782151
13872266,106326076
13872267,103878086
13872268,416502701
13872269,901328237
13872270,200579544
13872271,102568377
13872272,931575259
13872273,419755075
13872274,412216291
13872275,300963871
13872276,700341954
13872277,200587888
13872278,910279379
13872279,935071805
13872280,200777163
13872281,100866148
13872282,700727326
13872283,910193113
13872284,200191441
13872285,204280199
13872286,703018886
13872287,826057807
13872288,911672006
13872289,600454975
13872290,600194515
13872291,100358383
13872292,903875214
13872293,101584908
13872294,500379278
13872295,908864041
13872296,101546523
13872297,829374771
13872298,104941119
13872299,500188818
13872300,600566439
13872301,904417219
13872302,914273278
13872303,104788428
13872304,910058214
13872305,100052891
13872306,200281593
13872307,700241556
13872308,300564333
13872309,105952373
13872310,600562049
13872311,800183313
13872312,81290
13872313,603376923
13872314,700722846
13872315,112028905
13872316,905800355
13872317,400564671
13872318,907277333
13872319,105386959
13872320,828184376
13872321,700694557
13872322,426339415
13872323,104845464
13872324,802954791
13872325,417625679
13872326,300409671
13872327,100982020
13872328,300060689
13872329,700040495
13872330,100755499
13872331,401711185
13872332,201816950
13872333,101248374
13872334,400089473
13872335,33978119
13872336,101761021
13872337,102811836
13872338,293269
13872339,101269425
13872340,918038655
13872341,604455016
13872342,600958944
13872343,104899730
13872344,700925780
13872345,600894727
13872346,400277086
13872347,201197357
13872348,924919660
13872349,100136271
13872350,104878272
13872351,303821829
13872352,914510186
13872353,400852150
13872354,930296968
13872355,500643542
13872356,500136839
13872357,802590492
13872358,600091520
13872359,800652145
13872360,500582385
13872361,100602446
13872362,303018907
13872363,600605450
13872364,411983269
13872365,100597296
13872366,204817825
13872367,400861378
13872368,101462958
13872369,602342737
13872370,200969752
13872371,500542800
13872372,700498490
13872373,603115691
13872374,101491186
13872375,602240577
13872376,916857568
13872377,31337504
13872378,302365938
13872379,509331420
13872380,906058061
13872381,825636602
13872382,700368679
13872383,912787556
13872384,112797365
13872385,803519574
13872386,201044805
13872387,602417510
13872388,903010604
13872389,34843524
13872390,700697136
13872391,800902550
13872392,100432335
13872393,30858597
13872394,904257815
13872395,600646703
13872396,605128485
13872397,901451983
13872398,901641632
13872399,906913513
13872400,303514919
13872401,32132906
13872402,600025218
13872403,400069309
13872404,400387575
13872405,101173983
13872406,901199082
13872407,800070526
13872408,920200157
13872409,746262
13872410,600788896
13872411,500734688
13872412,900031093
13872413,414803085
13872414,602027383
13872415,212467175
13872416,700273638
13872417,600446412
13872418,500495303
13872419,508356416
13872420,200071819
13872421,483745491
13872422,918895446
13872423,105662692
13872424,300859083
13872425,900064584
13872426,921840497
13872427,909327305
13872428,600561072
13872429,400838234
13872430,928162314
13872431,31111180
13872432,600524677
13872433,201527813
13872434,500791116
13872435,501442204
13872436,303194460
13872437,800666898
13872438,401360847
13872439,500748684
13872440,700043406
13872441,400597497
13872442,803547932
13872443,803283233
13872444,100891107
13872445,103744603
13872446,111116493
13872447,700761097
13872448,500004751
13872449,400878620
13872450,901301451
13872451,914339063
13872452,701678761
13872453,200422333
13872454,104714531
13872455,509680085
13872456,900630889
13872457,101443890
13872458,201351471
13872459,100875331
13872460,700492198
13872461,100458502
13872462,915424515
13872463,102975785
13872464,204606141
13872465,908796587
13872466,900114741
13872467,33506510
13872468,400317586
13872469,904404820
13872470,30749475
13872471,926284281
13872472,104830923
13872473,602128367
13872474,101326574
13872475,400009118
13872476,101009480
13872477,300866297
13872478,419928055
13872479,200155755
13872480,201130169
13872481,500545551
13872482,201453409
13872483,410330816
13872484,901744598
13872485,303557730
13872486,700592430
13872487,400038172
13872488,800126915
13872489,500839680
13872490,205136277
13872491,927879574
13872492,700649751
13872493,306755632
13872494,300383806
13872495,501248280
13872496,102841556
13872497,400273540
13872498,100149426
13872499,916267557
13872500,422813722
13872501,700025042
13872502,301098110
13872503,300712221
13872504,907053609
13872505,307253272
13872506,828745958
13872507,411896482
13872508,103581411
13872509,101097208
13872510,300394351
13872511,907888736
13872512,402297058
13872513,900171655
13872514,903013116
13872515,300729167
13872516,701381929
13872517,800055979
13872518,200331602
13872519,900471062
13872520,905062895
13872521,600585928
13872522,104337467
13872523,907738033
13872524,700273651
13872525,487572
13872526,3083696
13872527,700632325
13872528,901446983
13872529,911574729
13872530,900166216
13872531,903982186
13872532,500444371
13872533,422844164
13872534,900328568
13872535,204988228
13872536,200045176
13872537,100068336
13872538,917101818
13872539,600042500
13872540,300841135
13872541,205246121
13872542,600089855
13872543,418639695
13872544,100173850
13872545,300114731
13872546,212133279
13872547,101381915
13872548,801043230
13872549,400343157
13872550,907893906
13872551,303734162
13872552,206941318
13872553,700064162
13872554,400107909
13872555,205572872
13872556,105261688
13872557,300884130
13872558,601825007
13872559,800523147
13872560,100032513
13872561,207891423
13872562,800651747
13872563,204165852
13872564,208578699
13872565,302525502
13872566,101257687
13872567,200007456
13872568,507659798
13872569,602544032
13872570,400305680
13872571,905487019
13872572,304189988
13872573,400253322
13872574,500337003
13872575,501636457
13872576,200259972
13872577,700511358
13872578,600703263
13872579,413358770
13872580,900158819
13872581,917829860
13872582,171612
13872583,104769813
13872584,400244206
13872585,600025249
13872586,824280765
13872587,500255410
13872588,100290802
13872589,906452376
13872590,104049707
13872591,601036394
13872592,300740669
13872593,302695384
13872594,300242422
13872595,200493136
13872596,101101538
13872597,203020762
13872598,400723930
13872599,307157072
13872600,400061580
13872601,101365158
13872602,104848247
13872603,600080266
13872604,800386373
13872605,200005250
13872606,908733881
13872607,208300657
13872608,906055238
13872609,412989310
13872610,1144551
13872611,104628144
13872612,414867021
13872613,104033646
13872614,112476942
13872615,424908264
13872616,100870062
13872617,918800889
13872618,34769879
13872619,700444351
13872620,400696444
13872621,100088961
13872622,910218944
13872623,100562599
13872624,400871235
13872625,908399514
13872626,101115718
13872627,507968029
13872628,600972852
13872629,500921859
13872630,200363350
13872631,700219924
13872632,104854994
13872633,261145
13872634,700752149
13872635,400350802
13872636,800801674
13872637,600948225
13872638,400548621
13872639,101382126
13872640,105712822
13872641,509736365
13872642,100681226
13872643,903055738
13872644,200794406
13872645,100732609
13872646,904498084
13872647,800250620
13872648,103960934
13872649,305922264
13872650,412662734
13872651,402487557
13872652,910240714
13872653,333453440
13872654,700736451
13872655,916605148
13872656,908135075
13872657,35584144
13872658,149792
13872659,824909964
13872660,104589815
13872661,600737227
13872662,800785885
13872663,104564706
13872664,200029492
13872665,400789887
13872666,922681502
13872667,904444939
13872668,910873043
13872669,200905785
13872670,100078339
13872671,100224368
13872672,102646424
13872673,833674239
13872674,920558447
13872675,100891469
13872676,901687862
13872677,200931532
13872678,65186
13872679,300256004
13872680,202638141
13872681,101033381
13872682,300920454
13872683,204802761
13872684,76139
13872685,600022950
13872686,204192896
13872687,300966998
13872688,932269541
13872689,200194650
13872690,500007630
13872691,400782114
13872692,500944337
13872693,105521443
13872694,904932386
13872695,333305801
13872696,500520320
13872697,500825805
13872698,801971738
13872699,500291426
13872700,410219384
13872701,910103874
13872702,203656221
13872703,911750059
13872704,100602537
13872705,509255959
13872706,600454466
13872707,100233132
13872708,204442044
13872709,908307668
13872710,932665815
13872711,909831146
13872712,101265084
13872713,908029809
13872714,101061871
13872715,905627920
13872716,500286142
13872717,104561582
13872718,400006573
13872719,800685267
13872720,100757933
13872721,106615063
13872722,105084755
13872723,600691793
13872724,103779050
13872725,600002261
13872726,900318491
13872727,500283940
13872728,502465508
13872729,904035813
13872730,100152139
13872731,101346405
13872732,700359599
13872733,800219993
13872734,601060283
13872735,300974836
13872736,101088460
13872737,100103117
13872738,300868777
13872739,928370441
13872740,303548239
13872741,602054108
13872742,903512956
13872743,909817692
13872744,911579290
13872745,912023352
13872746,300177667
13872747,300391289
13872748,907440919
13872749,600525827
13872750,800551762
13872751,500903604
13872752,904364572
13872753,904822815
13872754,103176706
13872755,508826636
13872756,300677676
13872757,100636478
13872758,400553145
13872759,920938324
13872760,500603882
13872761,905773053
13872762,800154384
13872763,900084489
13872764,100591356
13872765,210763238
13872766,100331952
13872767,908989276
13872768,103198870
13872769,824359826
13872770,100054142
13872771,908482262
13872772,205043990
13872773,703028692
13872774,500221124
13872775,102591739
13872776,100385597
13872777,500633028
13872778,828356976
13872779,906271289
13872780,200602432
13872781,419616562
13872782,105101481
13872783,506772282
13872784,500754463
13872785,106333729
13872786,201275283
13872787,104427606
13872788,907783139
13872789,410801159
13872790,600521436
13872791,922269854
13872792,915211324
13872793,300712478
13872794,103577814
13872795,913172517
13872796,423971500
13872797,511159279
13872798,414879778
13872799,106090286
13872800,300233576
13872801,913288702
13872802,100612181
13872803,201274698
13872804,909524824
13872805,922197953
13872806,300856384
13872807,200973857
13872808,909239066
13872809,600107841
13872810,500012956
13872811,410185804
13872812,824815949
13872813,444504712
13872814,100321100
13872815,300153998
13872816,908192231
13872817,915282745
13872818,100223173
13872819,500007284
13872820,100095039
13872821,900171752
13872822,201147450
13872823,204585627
13872824,904103078
13872825,200933180
13872826,926230339
13872827,924275235
13872828,906537633
13872829,930158270
13872830,100194523
13872831,907350291
13872832,417084903
13872833,504234349
13872834,200040540
13872835,104627187
13872836,200543246
13872837,600701393
13872838,800767916
13872839,111372229
13872840,102733926
13872841,100804756
13872842,917451107
13872843,917774655
13872844,501262618
13872845,243787
13872846,100346082
13872847,204431379
13872848,914389825
13872849,700530251
13872850,207000957
13872851,502535171
13872852,509227738
13872853,100450499
13872854,200737555
13872855,909672539
13872856,911106663
13872857,905866893
13872858,912865392
13872859,100919959
13872860,100892468
13872861,420853783
13872862,909279600
13872863,400256228
13872864,106177326
13872865,411967449
13872866,700793657
13872867,803279135
13872868,515213643
13872869,924722965
13872870,208290933
13872871,911849158
13872872,420064899
13872873,900056261
13872874,500790709
13872875,500796110
13872876,204595737
13872877,201351644
13872878,700011642
13872879,904503964
13872880,106243886
13872881,200440697
13872882,200680807
13872883,909781565
13872884,35785247
13872885,100644636
13872886,515586999
13872887,920482180
13872888,934471135
13872889,200773878
13872890,106233797
13872891,100321956
13872892,100885681
13872893,102560513
13872894,200718608
13872895,100139806
13872896,502906559
13872897,300009895
13872898,105565237
13872899,539218
13872900,402383866
13872901,600821091
13872902,300980193
13872903,89294
13872904,205699350
13872905,700128033
13872906,603317630
13872907,600775004
13872908,400724135
13872909,500790169
13872910,101415197
13872911,600682062
13872912,502886784
13872913,101162826
13872914,904336764
13872915,503106938
13872916,416736440
13872917,200464024
13872918,601076642
13872919,500824580
13872920,600301869
13872921,400327749
13872922,300156850
13872923,912260371
13872924,100469927
13872925,600640780
13872926,914235631
13872927,200017658
13872928,205070674
13872929,605658426
13872930,925195628
13872931,700103047
13872932,900303427
13872933,800075076
13872934,900005431
13872935,105718812
13872936,418134278
13872937,500801019
13872938,902013729
13872939,100878441
13872940,101209735
13872941,300971598
13872942,101152397
13872943,905655257
13872944,501482774
13872945,700328512
13872946,700640835
13872947,415847041
13872948,203092870
13872949,106287667
13872950,919995536
13872951,30252782
13872952,500778455
13872953,906241067
13872954,900385730
13872955,500502770
13872956,600289321
13872957,903415970
13872958,200680831
13872959,31902950
13872960,200485437
13872961,600884468
13872962,500674266
13872963,800142099
13872964,602632875
13872965,100607483
13872966,910549129
13872967,500115963
13872968,300781091
13872969,400986272
13872970,30525927
13872971,933827953
13872972,102985494
13872973,908911513
13872974,903923579
13872975,100148021
13872976,423598878
13872977,701214125
13872978,200624529
13872979,424161618
13872980,700255969
13872981,906577387
13872982,300837143
13872983,200859278
13872984,600025376
13872985,420968524
13872986,803014803
13872987,104965800
13872988,904135984
13872989,603208452
13872990,100096742
13872991,906202914
13872992,500694076
13872993,305686611
13872994,201212229
13872995,100040637
13872996,200047446
13872997,500036397
13872998,307224522
13872999,104388385
13873000,105124983
13873001,920164602
13873002,500756079
13873003,509582599
13873004,600990561
13873005,600537139
13873006,33820565
13873007,900472155
13873008,100927013
13873009,400468811
13873010,800195510
13873011,800697264
13873012,400150542
13873013,101318376
13873014,904642565
13873015,302259990
13873016,814330
13873017,903009019
13873018,908773338
13873019,200220722
13873020,916472449
13873021,300789735
13873022,700662578
13873023,34348116
13873024,441802938
13873025,506724161
13873026,910237561
13873027,204632673
13873028,917179300
13873029,203863074
13873030,501295624
13873031,100459118
13873032,502253275
13873033,600517980
13873034,513137301
13873035,415173923
13873036,901530624
13873037,908094202
13873038,100310740
13873039,600159274
13873040,802267814
13873041,200727029
13873042,500217827
13873043,101066932
13873044,101110816
13873045,101590766
13873046,800579408
13873047,205178774
13873048,402605
13873049,303526097
13873050,102945140
13873051,916370371
13873052,417056608
13873053,900535806
13873054,600373714
13873055,300017937
13873056,700733161
13873057,700682597
13873058,700091468
13873059,104587711
13873060,904259153
13873061,700739544
13873062,303836098
13873063,100127069
13873064,901509814
13873065,200493121
13873066,604966372
13873067,500805292
13873068,904114485
13873069,700232307
13873070,202766219
13873071,500790799
13873072,266812
13873073,518690605
13873074,900554923
13873075,908397951
13873076,100150512
13873077,700268104
13873078,200282975
13873079,601024766
13873080,500801185
13873081,801907867
13873082,101448827
13873083,200073327
13873084,600163646
13873085,800014418
13873086,700814635
13873087,105558069
13873088,908987031
13873089,200933136
13873090,420203049
13873091,916793566
13873092,400792833
13873093,101189215
13873094,105160060
13873095,906614516
13873096,300751664
13873097,330227814
13873098,905866573
13873099,100233611
13873100,104806452
13873101,500085954
13873102,200182423
13873103,206066248
13873104,903560219
13873105,300309536
13873106,301104212
13873107,900055974
13873108,76341
13873109,500490950
13873110,700661975
13873111,303526165
13873112,512193364
13873113,800280468
13873114,300314318
13873115,500791444
13873116,100792048
13873117,300186625
13873118,602374017
13873119,905945898
13873120,420801239
13873121,203106312
13873122,401070170
13873123,418247098
13873124,200048995
13873125,600056228
13873126,100564918
13873127,200223923
13873128,916144942
13873129,306096915
13873130,500814592
13873131,414204
13873132,918193383
13873133,443066748
13873134,100012935
13873135,600645613
13873136,911377635
13873137,800149170
13873138,800158605
13873139,100894895
13873140,100083959
13873141,412314098
13873142,402410246
13873143,801006680
13873144,500944150
13873145,400658173
13873146,101422783
13873147,104498834
13873148,801118875
13873149,800119667
13873150,400144640
13873151,931376004
13873152,200974024
13873153,600531308
13873154,101256790
13873155,413413886
13873156,200099272
13873157,600915456
13873158,901689709
13873159,35285191
13873160,200728657
13873161,903805139
13873162,600492317
13873163,906363764
13873164,411069296
13873165,100195128
13873166,105942107
13873167,101468357
13873168,106043103
13873169,600012622
13873170,303733795
13873171,400310526
13873172,400836
13873173,200964999
13873174,400491140
13873175,929435757
13873176,700801268
13873177,931517790
13873178,911112798
13873179,31168558
13873180,207590641
13873181,307220037
13873182,934844918
13873183,500011703
13873184,201316610
13873185,418326627
13873186,49166
13873187,703975797
13873188,802157526
13873189,906537625
13873190,932230910
13873191,601052960
13873192,900376628
13873193,600585457
13873194,100904741
13873195,203678511
13873196,204185369
13873197,517619
13873198,34716068
13873199,300994194
13873200,200725610
13873201,400319855
13873202,100835073
13873203,300911323
13873204,100000295
13873205,915706810
13873206,501006619
13873207,639304
13873208,908614580
13873209,600564714
13873210,700525746
13873211,903891554
13873212,211471899
13873213,907891383
13873214,100080222
13873215,1145323
13873216,100109548
13873217,101271862
13873218,907945967
13873219,100094741
13873220,3145899
13873221,112298478
13873222,412270166
13873223,603383264
13873224,413049769
13873225,100101212
13873226,200821703
13873227,200355717
13873228,200511426
13873229,307185948
13873230,900011059
13873231,444891463
13873232,906523469
13873233,909381668
13873234,900305599
13873235,700709071
13873236,200323112
13873237,800647278
13873238,442194
13873239,929967343
13873240,601190381
13873241,600411468
13873242,600801762
13873243,306949774
13873244,910961088
13873245,421683482
13873246,603388568
13873247,102839680
13873248,909258157
13873249,307199577
13873250,415966399
13873251,500286854
13873252,32203620
13873253,500757782
13873254,200091616
13873255,935541793
13873256,700277336
13873257,210765535
13873258,205100405
13873259,417473495
13873260,210108
13873261,463448
13873262,307290054
13873263,500939906
13873264,903871718
13873265,305699071
13873266,600191505
13873267,423245555
13873268,200263968
13873269,100951041
13873270,200717072
13873271,203758111
13873272,401254678
13873273,913180050
13873274,205663618
13873275,200969749
13873276,602585095
13873277,907903547
13873278,1064868
13873279,400389350
13873280,900374695
13873281,101143329
13873282,824736293
13873283,400638523
13873284,800788361
13873285,802273627
13873286,910302429
13873287,700229138
13873288,922411229
13873289,202357025
13873290,101026487
13873291,200768140
13873292,803170517
13873293,601731002
13873294,600653741
13873295,828190682
13873296,602208317
13873297,101197157
13873298,510144393
13873299,514083
13873300,600823414
13873301,204225141
13873302,400386529
13873303,923823462
13873304,307279346
13873305,908305169
13873306,200525017
13873307,700049013
13873308,410401327
13873309,601031643
13873310,200929349
13873311,828811237
13873312,101499840
13873313,100823128
13873314,700720197
13873315,800114661
13873316,101275387
13873317,204897432
13873318,101224065
13873319,936568463
13873320,210589010
13873321,600382447
13873322,204272360
13873323,101757902
13873324,907359479
13873325,911776226
13873326,605931035
13873327,105718919
13873328,800648692
13873329,303131397
13873330,600385483
13873331,903875045
13873332,400291098
13873333,510417697
13873334,600738743
13873335,302478917
13873336,419223665
13873337,901427699
13873338,922871034
13873339,501364419
13873340,800842923
13873341,603329308
13873342,207481
13873343,800785984
13873344,928301201
13873345,901745463
13873346,200352689
13873347,200876801
13873348,200672929
13873349,901152366
13873350,201188042
13873351,421268259
13873352,307138301
13873353,200788869
13873354,906322838
13873355,904219463
13873356,916575624
13873357,800037901
13873358,700713882
13873359,915662849
13873360,306076608
13873361,702303981
13873362,307287750
13873363,303561500
13873364,902030571
13873365,101367932
13873366,200832452
13873367,201748916
13873368,105159173
13873369,900798749
13873370,332434
13873371,905765163
13873372,910718946
13873373,500711449
13873374,413082793
13873375,413842609
13873376,105958932
13873377,913022340
13873378,300282731
13873379,920084265
13873380,603309932
13873381,900317969
13873382,400680874
13873383,904522051
13873384,105670858
13873385,604115125
13873386,101249578
13873387,500254933
13873388,922018859
13873389,200688700
13873390,903058338
13873391,412153008
13873392,263056
13873393,300703959
13873394,701140582
13873395,386465
13873396,101294307
13873397,302187620
13873398,900047931
13873399,101273477
13873400,935148012
13873401,201159614
13873402,105971800
13873403,101455479
13873404,106163378
13873405,500043291
13873406,826957600
13873407,600665359
13873408,209331385
13873409,200969412
13873410,825308525
13873411,700623954
13873412,402075726
13873413,600216935
13873414,480839
13873415,102168852
13873416,400529963
13873417,900138536
13873418,800754145
13873419,415846863
13873420,500900546
13873421,422645030
13873422,910518546
13873423,100470267
13873424,303173056
13873425,300423253
13873426,500280262
13873427,400346850
13873428,922029778
13873429,200408713
13873430,479485
13873431,800811428
13873432,100618307
13873433,201044921
13873434,201353565
13873435,500273174
13873436,400073474
13873437,400059143
13873438,930446559
13873439,411656918
13873440,202575122
13873441,500407212
13873442,904350120
13873443,500513400
13873444,303318078
13873445,101398262
13873446,908527065
13873447,201498848
13873448,600722968
13873449,101265988
13873450,906110988
13873451,100720557
13873452,500251733
13873453,900183337
13873454,100100851
13873455,200111535
13873456,906171304
13873457,827310599
13873458,912792174
13873459,510249276
13873460,400220971
13873461,418794315
13873462,906076837
13873463,300940058
13873464,202940907
13873465,100196243
13873466,600251723
13873467,35446536
13873468,600985213
13873469,510536244
13873470,700729607
13873471,422804633
13873472,106214087
13873473,400440223
13873474,907861581
13873475,202080245
13873476,303854613
13873477,928807871
13873478,110207478
13873479,302559043
13873480,842143448
13873481,410580771
13873482,102210155
13873483,200076093
13873484,400121316
13873485,908583109
13873486,300065829
13873487,500747912
13873488,100371374
13873489,903852723
13873490,700397373
13873491,100049362
13873492,306410375
13873493,100666875
13873494,300439861
13873495,700092707
13873496,400062854
13873497,909212182
13873498,500550225
13873499,833093087
13873500,500223876
13873501,101152127
13873502,300862748
13873503,914128518
13873504,701405058
13873505,100058103
13873506,259639
13873507,301082823
13873508,500021939
13873509,100457982
13873510,909837393
13873511,423930965
13873512,910008393
13873513,203631285
13873514,651383
13873515,201288634
13873516,100269571
13873517,500884655
13873518,928478453
13873519,500868197
13873520,803519613
13873521,36508179
13873522,200327240
13873523,802297435
13873524,104672261
13873525,300328677
13873526,302350022
13873527,500567159
13873528,102957950
13873529,200582134
13873530,700292468
13873531,208318617
13873532,300521003
13873533,200208539
13873534,927835194
13873535,900243776
13873536,105842108
13873537,200541972
13873538,600207837
13873539,920519005
13873540,500346429
13873541,300039216
13873542,700339409
13873543,202403911
13873544,501043998
13873545,600722945
13873546,923458015
13873547,903878277
13873548,400802507
13873549,604219933
13873550,925500771
13873551,801349560
13873552,933594196
13873553,601610082
13873554,274324
13873555,803751353
13873556,106240438
13873557,205663251
13873558,200193463
13873559,904182719
13873560,900464678
13873561,205713243
13873562,501444387
13873563,200492411
13873564,400212905
13873565,900127431
13873566,201003938
13873567,104185545
13873568,201240595
13873569,828349656
13873570,209175254
13873571,204408301
13873572,803269600
13873573,201156022
13873574,400025349
13873575,906048339
13873576,800001155
13873577,901705972
13873578,105032119
13873579,300266849
13873580,600558172
13873581,922309909
13873582,104970332
13873583,906379993
13873584,203639323
13873585,111302501
13873586,906085830
13873587,101272086
13873588,930760486
13873589,202738729
13873590,420820195
13873591,201297081
13873592,600098892
13873593,102625529
13873594,921733764
13873595,605572964
13873596,921017957
13873597,101270281
13873598,600036201
13873599,201255671
13873600,909593828
13873601,446062193
13873602,900791932
13873603,101236032
13873604,105916683
13873605,700018325
13873606,600946401
13873607,415266798
13873608,800310621
13873609,303721068
13873610,305722650
13873611,208226569
13873612,600776198
13873613,511476
13873614,905761643
13873615,104799460
13873616,101136761
13873617,602774828
13873618,800310080
13873619,207805103
13873620,201062265
13873621,500898643
13873622,500738815
13873623,200667938
13873624,601063057
13873625,210961643
13873626,500044226
13873627,401285372
13873628,100984205
13873629,908486640
13873630,905207839
13873631,505248896
13873632,918321539
13873633,700363817
13873634,101263816
13873635,200293312
13873636,904918549
13873637,700290265
13873638,305042201
13873639,600740171
13873640,101121050
13873641,602047691
13873642,200694935
13873643,500111307
13873644,200136799
13873645,412814289
13873646,501392627
13873647,400413292
13873648,101017948
13873649,600037601
13873650,802480810
13873651,400450109
13873652,201474368
13873653,100886264
13873654,106082780
13873655,500895092
13873656,106434383
13873657,300988399
13873658,204711917
13873659,103289684
13873660,506604211
13873661,100041788
13873662,100331381
13873663,200250644
13873664,910387683
13873665,105949164
13873666,300325927
13873667,100237484
13873668,501853628
13873669,103555119
13873670,919628612
13873671,800310314
13873672,105921595
13873673,900049585
13873674,300200504
13873675,704075930
13873676,410188282
13873677,100074677
13873678,900361618
13873679,828315395
13873680,603241960
13873681,200933650
13873682,100312527
13873683,904965022
13873684,600639566
13873685,102625455
13873686,606957220
13873687,418458087
13873688,905805777
13873689,916712603
13873690,413892613
13873691,300681322
13873692,300887227
13873693,910292461
13873694,502079052
13873695,920508968
13873696,913266634
13873697,700282366
13873698,701847911
13873699,101528395
13873700,900317643
13873701,500824960
13873702,104203589
13873703,906043087
13873704,901231310
13873705,500744120
13873706,570935
13873707,903365051
13873708,500060052
13873709,904631512
13873710,905810344
13873711,908843386
13873712,400848217
13873713,35685989
13873714,500289523
13873715,800140470
13873716,500022796
13873717,200925557
13873718,909350241
13873719,701171501
13873720,302368889
13873721,103669583
13873722,302309642
13873723,14094
13873724,500145496
13873725,600056727
13873726,919350082
13873727,200352282
13873728,600782825
13873729,201042840
13873730,443717898
13873731,600637741
13873732,201005987
13873733,204927753
13873734,908306014
13873735,400758582
13873736,500505757
13873737,400040115
13873738,100194059
13873739,700936986
13873740,600823009
13873741,906880248
13873742,904639047
13873743,302555852
13873744,826842693
13873745,400208365
13873746,100456196
13873747,906059547
13873748,510985264
13873749,906357779
13873750,600795020
13873751,824677125
13873752,205609909
13873753,411714819
13873754,500807202
13873755,700250161
13873756,921725276
13873757,418377674
13873758,500004874
13873759,500389012
13873760,200193709
13873761,600615659
13873762,200338548
13873763,73601
13873764,204653443
13873765,602673324
13873766,600307418
13873767,100294979
13873768,202557134
13873769,204995511
13873770,400192288
13873771,102838224
13873772,916214283
13873773,600391958
13873774,100344426
13873775,303094481
13873776,400097610
13873777,800076823
13873778,200060541
13873779,306993546
13873780,400253853
13873781,500901114
13873782,800646899
13873783,200983000
13873784,700114324
13873785,503178016
13873786,103423240
13873787,500306626
13873788,701196961
13873789,103665330
13873790,922826364
13873791,204097639
13873792,300456087
13873793,800492283
13873794,421298026
13873795,700714186
13873796,100082624
13873797,904514058
13873798,102065753
13873799,915376412
13873800,416135346
13873801,400174672
13873802,500908864
13873803,30091525
13873804,101524550
13873805,500567331
13873806,700676561
13873807,201210362
13873808,700153089
13873809,300435034
13873810,190918
13873811,4718820
13873812,701978493
13873813,400783771
13873814,400421941
13873815,101266607
13873816,200194243
13873817,700037698
13873818,33545539
13873819,303688901
13873820,100197810
13873821,903930069
13873822,424909558
13873823,918151414
13873824,700118622
13873825,919486015
13873826,100058880
13873827,300848834
13873828,509324777
13873829,100185515
13873830,500299322
13873831,100507746
13873832,900306234
13873833,600143650
13873834,500996467
13873835,600848747
13873836,32147
13873837,600789090
13873838,100974152
13873839,918788851
13873840,307333873
13873841,400849901
13873842,100866682
13873843,800327789
13873844,600531240
13873845,412119992
13873846,800144402
13873847,200852025
13873848,200214105
13873849,902047789
13873850,301030218
13873851,205602587
13873852,205360356
13873853,907813638
13873854,900512426
13873855,307250448
13873856,200316317
13873857,1406351
13873858,502724484
13873859,701944088
13873860,703605023
13873861,100060943
13873862,605077918
13873863,101396961
13873864,330870996
13873865,903731018
13873866,104688279
13873867,800020305
13873868,802308250
13873869,105826791
13873870,204519653
13873871,908192847
13873872,904838363
13873873,903899314
13873874,904712869
13873875,600445705
13873876,907420651
13873877,400059955
13873878,800013326
13873879,501471145
13873880,332903
13873881,500833373
13873882,300959691
13873883,700478503
13873884,703039058
13873885,902041676
13873886,443784011
13873887,924200826
13873888,908489130
13873889,600930123
13873890,200637687
13873891,909919488
13873892,36457859
13873893,500291956
13873894,500033561
13873895,101412062
13873896,300930586
13873897,913012064
13873898,100948758
13873899,441974398
13873900,103325651
13873901,700350596
13873902,900272261
13873903,301079329
13873904,200038737
13873905,417023483
13873906,827536438
13873907,103390499
13873908,915919938
13873909,449144
13873910,518572167
13873911,401938628
13873912,200970878
13873913,104723254
13873914,300053734
13873915,700490189
13873916,900359273
13873917,901764216
13873918,307302551
13873919,900486801
13873920,100643136
13873921,927219302
13873922,100728475
13873923,500638592
13873924,800651191
13873925,700176846
13873926,410129850
13873927,512009989
13873928,103373318
13873929,101494085
13873930,700003546
13873931,600303368
13873932,906117162
13873933,100317066
13873934,101042922
13873935,905693254
13873936,600534834
13873937,919839376
13873938,200938550
13873939,400770937
13873940,100556359
13873941,900297644
13873942,300559919
13873943,100900947
13873944,602757743
13873945,800753716
13873946,104475284
13873947,919815540
13873948,300946989
13873949,426493070
13873950,910958597
13873951,803190634
13873952,202054558
13873953,441870031
13873954,202020153
13873955,500414437
13873956,201189830
13873957,201268093
13873958,600072429
13873959,416671211
13873960,101068675
13873961,100074847
13873962,500246691
13873963,500286222
13873964,420134075
13873965,927573462
13873966,932328372
13873967,417131279
13873968,606568950
13873969,331028547
13873970,401642858
13873971,900137277
13873972,100864931
13873973,423377865
13873974,700165578
13873975,200708698
13873976,904087987
13873977,400383754
13873978,700991838
13873979,401037315
13873980,316618
13873981,903217730
13873982,600642785
13873983,418589424
13873984,921340234
13873985,201278521
13873986,101553098
13873987,600558004
13873988,300869624
13873989,106367347
13873990,800348199
13873991,500790798
13873992,600558574