_CustomObjectKey,accountId
6731429,0016g00002RsL1hAAF
6731430,0016g00002RJr3iAAD
6731431,0016g00002RJtPLAA1
6731432,0016g00002Tc5XBAAZ
6731433,0016g00002SoE5QAAV
6731434,0016g00002RJQWvAAP
6731435,0016g00002RJBGKAA5
6731436,0016g00002RJoexAAD
6731437,0016g00002RwzI3AAJ
6731438,0016g00002RJobnAAD
6731439,0016g00002TaECTAA3
6731440,0016g00002UBnx5AAD
6731441,0016g00002Ta04UAAR
6731442,0016g00002RsjBeAAJ
6731443,0016g00002TaFHiAAN
6731444,0016g00002SnIRPAA3
6731445,0016g00002TaEJ1AAN
6731446,0016g00002RJp5yAAD
6731447,0016g00002Rsj41AAB
6731448,0016g00002SooCgAAJ
6731449,0016g00002TZzvMAAT
6731450,0016g00002TcMzpAAF
6731451,0016g00002Sna4jAAB
6731452,0016g00002SnHwBAAV
6731453,0016g00002UBpcOAAT
6731454,0016g00002TaGqGAAV
6731455,0016g00002Rsk69AAB
6731456,0016g00002TdCp6AAF
6731457,0016g00002TaHdEAAV
6731458,0016g00002SYoupAAD
6731459,0016g00002RJpT7AAL
6731460,0016g00002ScbdSAAR
6731461,0016g00002TcPPSAA3
6731462,0016g00002TZaiQAAT
6731463,0016g00002RxtHXAAZ
6731464,0016g00002RJC4fAAH
6731465,0016g00002SopUuAAJ
6731466,0016g00002RJCbWAAX
6731467,0016g00002SnIkiAAF
6731468,0016g00002UBr3MAAT
6731469,0016g00002SnafbAAB
6731470,0016g00002SbGitAAF
6731471,0016g00002TakbqAAB
6731472,0016g00002ScbbhAAB
6731473,0016g00002TcMmnAAF
6731474,0016g00002RJRDUAA5
6731475,0016g00002RJu1JAAT
6731476,0016g00002SnagMAAR
6731477,0016g00002RJnsUAAT
6731478,0016g00002So0ozAAB
6731479,0016g00002RK0SnAAL
6731480,0016g00002SYx0AAAT
6731481,0016g00002Rx5JjAAJ
6731482,0016g00002Soz2GAAR
6731483,0016g00002RJmQtAAL
6731484,0016g00002TaDW5AAN
6731485,0016g00002RJq07AAD
6731486,0016g00002SokzEAAR
6731487,0016g00002RJmXfAAL
6731488,0016g00002RsL4QAAV
6731489,0016g00002TaIrAAAV
6731490,0016g00002RJQHNAA5
6731491,0016g00002RJR6iAAH
6731492,0016g00002RJAdOAAX
6731493,0016g00002RJRDoAAP
6731494,0016g00002SoqMCAAZ
6731495,0016g00002SoCuvAAF
6731496,0016g00002SlgWUAAZ
6731497,0016g00002RJszSAAT
6731498,0016g00002SoCYpAAN
6731499,0016g00002RsjOHAAZ
6731500,0016g00002RJu0MAAT
6731501,0016g00002SoyKdAAJ
6731502,0016g00002SoyUIAAZ
6731503,0016g00002RJw9ZAAT
6731504,0016g00002TaFHPAA3
6731505,0016g00002TcMeQAAV
6731506,0016g00002TcMhQAAV
6731507,0016g00002So455AAB
6731508,0016g00002Rsj39AAB
6731509,0016g00002TaGIfAAN
6731510,0016g00002SnncpAAB
6731511,0016g00002Soo7mAAB
6731512,0016g00002TcOr5AAF
6731513,0016g00002UBqSoAAL
6731514,0016g00002SoDPEAA3
6731515,0016g00002TZad5AAD
6731516,0016g00002RKIQ2AAP
6731517,0016g00002TcPdIAAV
6731518,0016g00002RJkpNAAT
6731519,0016g00002RJqXpAAL
6731520,0016g00002RJncuAAD
6731521,0016g00002Rx5SZAAZ
6731522,0016g00002SfsM5AAJ
6731523,0016g00002ScbnbAAB
6731524,0016g00002UBr4dAAD
6731525,0016g00002Scc9AAAR
6731526,0016g00002RsircAAB
6731527,0016g00002RsKfdAAF
6731528,0016g00002RK1YnAAL
6731529,0016g00002TcPYDAA3
6731530,0016g00002SnZ2vAAF
6731531,0016g00002RK1S5AAL
6731532,0016g00002RJtKiAAL
6731533,0016g00002SbG5pAAF
6731534,0016g00002TcPPNAA3
6731535,0016g00002RJqwOAAT
6731536,0016g00002Td0ctAAB
6731537,0016g00002TczdcAAB
6731538,0016g00002Rsjk5AAB
6731539,0016g00002TdCmsAAF
6731540,0016g00002Scch5AAB
6731541,0016g00002SnaKDAAZ
6731542,0016g00002Rsm8UAAR
6731543,0016g00002TcNu9AAF
6731544,0016g00002UBSq6AAH
6731545,0016g00002SopYbAAJ
6731546,0016g00002TaFKIAA3
6731547,0016g00002TaHcAAAV
6731548,0016g00002SnnqKAAR
6731549,0016g00002SbFm9AAF
6731550,0016g00002RwfMSAAZ
6731551,0016g00002RsL1bAAF
6731552,0016g00002RJAVdAAP
6731553,0016g00002RzsI6AAJ
6731554,0016g00002SoD37AAF
6731555,0016g00002RJr9FAAT
6731556,0016g00002RJuGwAAL
6731557,0016g00002SoKgbAAF
6731558,0016g00002Rzs2OAAR
6731559,0016g00002TaICOAA3
6731560,0016g00002SoyQGAAZ
6731561,0016g00002RJmYSAA1
6731562,0016g00002UBrGgAAL
6731563,0016g00002RK0MJAA1
6731564,0016g00002RJq6TAAT
6731565,0016g00002SoT9BAAV
6731566,0016g00002TaFmAAAV
6731567,0016g00002So07iAAB
6731568,0016g00002SoDWxAAN
6731569,0016g00002TcMopAAF
6731570,0016g00002RJB6vAAH
6731571,0016g00002SoCnFAAV
6731572,0016g00002SnZY2AAN
6731573,0016g00002RJBj9AAH
6731574,0016g00002RJljVAAT
6731575,0016g00002RsKkcAAF
6731576,0016g00002RJsbSAAT
6731577,0016g00002RJqoSAAT
6731578,0016g00002TcOvIAAV
6731579,0016g00002RsjZDAAZ
6731580,0016g00002SooVDAAZ
6731581,0016g00002Rsk6TAAR
6731582,0016g00002SnHrWAAV
6731583,0016g00002So2cHAAR
6731584,0016g00002RJAqjAAH
6731585,0016g00002TZMFMAA5
6731586,0016g00002Rzr4YAAR
6731587,0016g00002SnnfJAAR
6731588,0016g00002RK0QYAA1
6731589,0016g00002Soq25AAB
6731590,0016g00002UBMrLAAX
6731591,0016g00002Rsk2iAAB
6731592,0016g00002SbH3IAAV
6731593,0016g00002RJy6RAAT
6731594,0016g00002SbGnIAAV
6731595,0016g00002RJsaIAAT
6731596,0016g00002TaG1zAAF
6731597,0016g00002SnJSqAAN
6731598,0016g00002So0AdAAJ
6731599,0016g00002TaIx3AAF
6731600,0016g00002RKc6qAAD
6731601,0016g00002SnJPKAA3
6731602,0016g00002TcOh1AAF
6731603,0016g00002RJA1DAAX
6731604,0016g00002Rsj3hAAB
6731605,0016g00002UBan0AAD
6731606,0016g00002RK0N6AAL
6731607,0016g00002UBo17AAD
6731608,0016g00002SoylOAAR
6731609,0016g00002SoDdsAAF
6731610,0016g00002SlgXXAAZ
6731611,0016g00002SoCSOAA3
6731612,0016g00002UBaezAAD
6731613,0016g00002RJsE9AAL
6731614,0016g00002RJQK4AAP
6731615,0016g00002TcO3KAAV
6731616,0016g00002RJzLNAA1
6731617,0016g00002TaEeYAAV
6731618,0016g00002UBpiNAAT
6731619,0016g00002UBpc5AAD
6731620,0016g00002TaGtTAAV
6731621,0016g00002RK0VqAAL
6731622,0016g00002TaJ35AAF
6731623,0016g00002UBqCEAA1
6731624,0016g00002TcMjyAAF
6731625,0016g00002SoDwsAAF
6731626,0016g00002SoKWHAA3
6731627,0016g00002SoD1TAAV
6731628,0016g00002RJRu7AAH
6731629,0016g00002RK1yAAAT
6731630,0016g00002TcOzcAAF
6731631,0016g00002RK1qbAAD
6731632,0016g00002UBpMUAA1
6731633,0016g00002SoxkFAAR
6731634,0016g00002Soxv7AAB
6731635,0016g00002SbEHvAAN
6731636,0016g00002SoD2JAAV
6731637,0016g00002TcOgBAAV
6731638,0016g00002SoCeXAAV
6731639,0016g00002RJqXPAA1
6731640,0016g00002RtLOaAAN
6731641,0016g00002UBpo8AAD
6731642,0016g00002TZzQnAAL
6731643,0016g00002UBqSlAAL
6731644,0016g00002SoyIpAAJ
6731645,0016g00002SnILRAA3
6731646,0016g00002So1TuAAJ
6731647,0016g00002Soo2GAAR
6731648,0016g00002RJtXoAAL
6731649,0016g00002RJs3LAAT
6731650,0016g00002UBpDaAAL
6731651,0016g00002RJso9AAD
6731652,0016g00002RJQFgAAP
6731653,0016g00002SbEeRAAV
6731654,0016g00002TaEmHAAV
6731655,0016g00002RJrXuAAL
6731656,0016g00002SoD26AAF
6731657,0016g00002TZLsuAAH
6731658,0016g00002RJQSxAAP
6731659,0016g00002TaDd8AAF
6731660,0016g00002UBaV0AAL
6731661,0016g00002TaHp5AAF
6731662,0016g00002SnaRvAAJ
6731663,0016g00002ScbYWAAZ
6731664,0016g00002SoydbAAB
6731665,0016g00002SZUVDAA5
6731666,0016g00002SnYpdAAF
6731667,0016g00002SccjxAAB
6731668,0016g00002RKcZiAAL
6731669,0016g00002RsL6iAAF
6731670,0016g00002SbDNSAA3
6731671,0016g00002SdGRTAA3
6731672,0016g00002Rsi0RAAR
6731673,0016g00002TaGGOAA3
6731674,0016g00002RJyQaAAL
6731675,0016g00002TZaffAAD
6731676,0016g00002RsjDlAAJ
6731677,0016g00002RJq9xAAD
6731678,0016g00002TbdQVAAZ
6731679,0016g00002Tc5bjAAB
6731680,0016g00002TaIPIAA3
6731681,0016g00002RJA2dAAH
6731682,0016g00002RJmiLAAT
6731683,0016g00002RskOyAAJ
6731684,0016g00002RJnqeAAD
6731685,0016g00002RK12QAAT
6731686,0016g00002RK1xjAAD
6731687,0016g00002RJB9IAAX
6731688,0016g00002SnI8zAAF
6731689,0016g00002RJRZwAAP
6731690,0016g00002SoqEzAAJ
6731691,0016g00002TcNclAAF
6731692,0016g00002RK0SpAAL
6731693,0016g00002Snau1AAB
6731694,0016g00002SbE1zAAF
6731695,0016g00002TdChsAAF
6731696,0016g00002TaFytAAF
6731697,0016g00002SoKkPAAV
6731698,0016g00002So0v4AAB
6731699,0016g00002RK1UDAA1
6731700,0016g00002SonvdAAB
6731701,0016g00002SfsXZAAZ
6731702,0016g00002Rxt95AAB
6731703,0016g00002SoDw5AAF
6731704,0016g00002TaHGIAA3
6731705,0016g00002Sop6eAAB
6731706,0016g00002TZLNzAAP
6731707,0016g00002SoKdnAAF
6731708,0016g00002TaDqtAAF
6731709,0016g00002RJm2HAAT
6731710,0016g00002RJAjmAAH
6731711,0016g00002TcxLyAAJ
6731712,0016g00002ScbTlAAJ
6731713,0016g00002RJQjxAAH
6731714,0016g00002Tb0YUAAZ
6731715,0016g00002RJlhlAAD
6731716,0016g00002UBppkAAD
6731717,0016g00002TdCalAAF
6731718,0016g00002SnaG4AAJ
6731719,0016g00002TZzwvAAD
6731720,0016g00002Ta0RuAAJ
6731721,0016g00002SoDndAAF
6731722,0016g00002TaJHpAAN
6731723,0016g00002TcoVuAAJ
6731724,0016g00002TaFlrAAF
6731725,0016g00002SbGFrAAN
6731726,0016g00002TaDyXAAV
6731727,0016g00002SbGDFAA3
6731728,0016g00002RJCCzAAP
6731729,0016g00002RJvRdAAL
6731730,0016g00002RJsERAA1
6731731,0016g00002TcPNBAA3
6731732,0016g00002RJurhAAD
6731733,0016g00002SnaxQAAR
6731734,0016g00002RJyDiAAL
6731735,0016g00002TaIxdAAF
6731736,0016g00002SbFO2AAN
6731737,0016g00002UC2myAAD
6731738,0016g00002RJxN7AAL
6731739,0016g00002TcNDnAAN
6731740,0016g00002RJRkuAAH
6731741,0016g00002ScmoJAAR
6731742,0016g00002So1FQAAZ
6731743,0016g00002So0MtAAJ
6731744,0016g00002Rx5U9AAJ
6731745,0016g00002TcxXPAAZ
6731746,0016g00002RJultAAD
6731747,0016g00002Rx5xUAAR
6731748,0016g00002RJRFpAAP
6731749,0016g00002RJsiOAAT
6731750,0016g00002Ta0qEAAR
6731751,0016g00002SnIIQAA3
6731752,0016g00002RJq3bAAD
6731753,0016g00002RJus3AAD
6731754,0016g00002TaI3vAAF
6731755,0016g00002Rsk22AAB
6731756,0016g00002RsjsxAAB
6731757,0016g00002SoC7ZAAV
6731758,0016g00002TbdW7AAJ
6731759,0016g00002RJm3hAAD
6731760,0016g00002RJARaAAP
6731761,0016g00002UBnwdAAD
6731762,0016g00002RK0OLAA1
6731763,0016g00002SbELbAAN
6731764,0016g00002SccTBAAZ
6731765,0016g00002TaEuOAAV
6731766,0016g00002Snp06AAB
6731767,0016g00002TZaXqAAL
6731768,0016g00002TaDxLAAV
6731769,0016g00002RJmN2AAL
6731770,0016g00002RK0xlAAD
6731771,0016g00002RJmHMAA1
6731772,0016g00002RK0btAAD
6731773,0016g00002Ta0OgAAJ
6731774,0016g00002SbGZBAA3
6731775,0016g00002RJCSyAAP
6731776,0016g00002RJmEjAAL
6731777,0016g00002TZLIOAA5
6731778,0016g00002RJn8XAAT
6731779,0016g00002Slg7qAAB
6731780,0016g00002ScbP0AAJ
6731781,0016g00002TZaZOAA1
6731782,0016g00002TcPLCAA3
6731783,0016g00002Rzr9OAAR
6731784,0016g00002SooxxAAB
6731785,0016g00002RJsLdAAL
6731786,0016g00002TZM40AAH
6731787,0016g00002TaIpgAAF
6731788,0016g00002RJq02AAD
6731789,0016g00002TcOY3AAN
6731790,0016g00002RJB0hAAH
6731791,0016g00002RsjwDAAR
6731792,0016g00002UBrGyAAL
6731793,0016g00002RJvqZAAT
6731794,0016g00002TcNSdAAN
6731795,0016g00002UBqgpAAD
6731796,0016g00002SccmUAAR
6731797,0016g00002RJBUSAA5
6731798,0016g00002TaIPmAAN
6731799,0016g00002SbEWNAA3
6731800,0016g00002Rsk1xAAB
6731801,0016g00002Ta0l3AAB
6731802,0016g00002SnIA7AAN
6731803,0016g00002RK13EAAT
6731804,0016g00002RJyEgAAL
6731805,0016g00002RJAs7AAH
6731806,0016g00002SoDeAAAV
6731807,0016g00002RK1uvAAD
6731808,0016g00002RsiddAAB
6731809,0016g00002Slgl1AAB
6731810,0016g00002Soy5nAAB
6731811,0016g00002TaFcHAAV
6731812,0016g00002TaEFSAA3
6731813,0016g00002TcNVCAA3
6731814,0016g00002RJnI1AAL
6731815,0016g00002TaEhpAAF
6731816,0016g00002TZzd8AAD
6731817,0016g00002UBqzYAAT
6731818,0016g00002RKcRZAA1
6731819,0016g00002TaEb3AAF
6731820,0016g00002UBoTUAA1
6731821,0016g00002RsjMXAAZ
6731822,0016g00002RJzvnAAD
6731823,0016g00002RwzUtAAJ
6731824,0016g00002Soxz0AAB
6731825,0016g00002RJs3PAAT
6731826,0016g00002Rsm8cAAB
6731827,0016g00002SnaVlAAJ
6731828,0016g00002RJmhPAAT
6731829,0016g00002RJpLtAAL
6731830,0016g00002UBN0xAAH
6731831,0016g00002TbdU7AAJ
6731832,0016g00002UBMr0AAH
6731833,0016g00002So0ROAAZ
6731834,0016g00002UBNGLAA5
6731835,0016g00002TbdLZAAZ
6731836,0016g00002SnapsAAB
6731837,0016g00002TcP8UAAV
6731838,0016g00002RKcaLAAT
6731839,0016g00002RJmAnAAL
6731840,0016g00002Sb1XNAAZ
6731841,0016g00002RKcOlAAL
6731842,0016g00002SoDZrAAN
6731843,0016g00002TcNupAAF
6731844,0016g00002RJkdSAAT
6731845,0016g00002SnIToAAN
6731846,0016g00002RtM91AAF
6731847,0016g00002RsKlVAAV
6731848,0016g00002TZaycAAD
6731849,0016g00002TZLvpAAH
6731850,0016g00002TcNb5AAF
6731851,0016g00002Rsk8eAAB
6731852,0016g00002SoDsWAAV
6731853,0016g00002TcPOSAA3
6731854,0016g00002RshzRAAR
6731855,0016g00002So0JoAAJ
6731856,0016g00002RsisvAAB
6731857,0016g00002RJvBqAAL
6731858,0016g00002SoqAqAAJ
6731859,0016g00002SbGzGAAV
6731860,0016g00002SoDxtAAF
6731861,0016g00002RJBjvAAH
6731862,0016g00002UBalQAAT
6731863,0016g00002So0G1AAJ
6731864,0016g00002SopsRAAR
6731865,0016g00002RsjhqAAB
6731866,0016g00002SoDJSAA3
6731867,0016g00002Soq6mAAB
6731868,0016g00002SbFJRAA3
6731869,0016g00002RJp6fAAD
6731870,0016g00002RJCAJAA5
6731871,0016g00002SooJRAAZ
6731872,0016g00002TaHB3AAN
6731873,0016g00002RK1KAAA1
6731874,0016g00002SnabyAAB
6731875,0016g00002RJnMKAA1
6731876,0016g00002RJoroAAD
6731877,0016g00002SccPFAAZ
6731878,0016g00002Rx5QbAAJ
6731879,0016g00002Rx5I1AAJ
6731880,0016g00002RJrOfAAL
6731881,0016g00002RJB8cAAH
6731882,0016g00002SonxsAAB
6731883,0016g00002RJlsOAAT
6731884,0016g00002UC2eMAAT
6731885,0016g00002TZzWfAAL
6731886,0016g00002SoxnZAAR
6731887,0016g00002RJQygAAH
6731888,0016g00002RJmeuAAD
6731889,0016g00002SnJ60AAF
6731890,0016g00002RxtEtAAJ
6731891,0016g00002TZM2HAAX
6731892,0016g00002Sopt0AAB
6731893,0016g00002SnIy7AAF
6731894,0016g00002RJyt6AAD
6731895,0016g00002SbEghAAF
6731896,0016g00002SnJ9dAAF
6731897,0016g00002TZM1zAAH
6731898,0016g00002RJqzPAAT
6731899,0016g00002SnaWeAAJ
6731900,0016g00002So1FvAAJ
6731901,0016g00002SoowRAAR
6731902,0016g00002TaJ47AAF
6731903,0016g00002SoCeQAAV
6731904,0016g00002TcOSFAA3
6731905,0016g00002TcxTnAAJ
6731906,0016g00002Soy9nAAB
6731907,0016g00002RJx4UAAT
6731908,0016g00002TZzmpAAD
6731909,0016g00002RJkgzAAD
6731910,0016g00002TcOrBAAV
6731911,0016g00002RJBeIAAX
6731912,0016g00002TbpLJAAZ
6731913,0016g00002SbG5qAAF
6731914,0016g00002TcNfMAAV
6731915,0016g00002RKcb9AAD
6731916,0016g00002RtM1aAAF
6731917,0016g00002RJAKwAAP
6731918,0016g00002Tb0JzAAJ
6731919,0016g00002RshxqAAB
6731920,0016g00002So16jAAB
6731921,0016g00002TaF7JAAV
6731922,0016g00002RJSEFAA5
6731923,0016g00002SnZu2AAF
6731924,0016g00002SoKfOAAV
6731925,0016g00002TcYSdAAN
6731926,0016g00002UBo4ZAAT
6731927,0016g00002RskKVAAZ
6731928,0016g00002SnIiqAAF
6731929,0016g00002Rxt0FAAR
6731930,0016g00002TaivPAAR
6731931,0016g00002Rsm8pAAB
6731932,0016g00002TaIEvAAN
6731933,0016g00002TaG4NAAV
6731934,0016g00002TaDV8AAN
6731935,0016g00002SnHicAAF
6731936,0016g00002TaJKyAAN
6731937,0016g00002TcOMuAAN
6731938,0016g00002RJmlBAAT
6731939,0016g00002RJRBOAA5
6731940,0016g00002RJpjuAAD
6731941,0016g00002TZL59AAH
6731942,0016g00002SbEodAAF
6731943,0016g00002TaI3TAAV
6731944,0016g00002So1dfAAB
6731945,0016g00002Rx5WkAAJ
6731946,0016g00002SnnEJAAZ
6731947,0016g00002SfyUhAAJ
6731948,0016g00002SoCxMAAV
6731949,0016g00002RJxhQAAT
6731950,0016g00002TaIgyAAF
6731951,0016g00002So2bnAAB
6731952,0016g00002SbE8HAAV
6731953,0016g00002SbFziAAF
6731954,0016g00002UBoZ6AAL
6731955,0016g00002RJwP2AAL
6731956,0016g00002RsjHxAAJ
6731957,0016g00002UBovUAAT
6731958,0016g00002RJR27AAH
6731959,0016g00002Rx5VsAAJ
6731960,0016g00002RK03uAAD
6731961,0016g00002TcOeiAAF
6731962,0016g00002SoyQcAAJ
6731963,0016g00002TZankAAD
6731964,0016g00002SbGhMAAV
6731965,0016g00002RJyONAA1
6731966,0016g00002TaIBLAA3
6731967,0016g00002SfsOAAAZ
6731968,0016g00002SfsJHAAZ
6731969,0016g00002Rsk2bAAB
6731970,0016g00002SbFeZAAV
6731971,0016g00002TZzhZAAT
6731972,0016g00002SbFHfAAN
6731973,0016g00002RJnGeAAL
6731974,0016g00002RJmViAAL
6731975,0016g00002RKcUuAAL
6731976,0016g00002TaHH0AAN
6731977,0016g00002TZzteAAD
6731978,0016g00002RJty2AAD
6731979,0016g00002SdOXuAAN
6731980,0016g00002UBqe4AAD
6731981,0016g00002UBq1FAAT
6731982,0016g00002RJrfhAAD
6731983,0016g00002SomnGAAR
6731984,0016g00002RJAxTAAX
6731985,0016g00002RJAZrAAP
6731986,0016g00002RKbzjAAD
6731987,0016g00002TdAMGAA3
6731988,0016g00002SoDTZAA3
6731989,0016g00002RJu18AAD
6731990,0016g00002TaHJ6AAN
6731991,0016g00002RJtNtAAL
6731992,0016g00002RJo7PAAT
6731993,0016g00002TaDyZAAV
6731994,0016g00002So19aAAB
6731995,0016g00002SopbnAAB
6731996,0016g00002SbH1OAAV
6731997,0016g00002RJw9gAAD
6731998,0016g00002RxtGXAAZ
6731999,0016g00002SbFzxAAF
6732000,0016g00002TcOKDAA3
6732001,0016g00002RJwf9AAD
6732002,0016g00002RJAcmAAH
6732003,0016g00002SnnxwAAB
6732004,0016g00002TaFeBAAV
6732005,0016g00002SnnlXAAR
6732006,0016g00002Rwz5fAAB
6732007,0016g00002RKceDAAT
6732008,0016g00002TaDnRAAV
6732009,0016g00002SnYpBAAV
6732010,0016g00002TaGpZAAV
6732011,0016g00002SoqHmAAJ
6732012,0016g00002SbGeeAAF
6732013,0016g00002SbFOZAA3
6732014,0016g00002Ta0pWAAR
6732015,0016g00002UBaoTAAT
6732016,0016g00002SoqJOAAZ
6732017,0016g00002RsjQ2AAJ
6732018,0016g00002TcxCMAAZ
6732019,0016g00002UBpWlAAL
6732020,0016g00002Sop5GAAR
6732021,0016g00002TcNxfAAF
6732022,0016g00002RJokRAAT
6732023,0016g00002RJsl1AAD
6732024,0016g00002UBN9UAAX
6732025,0016g00002TaHbsAAF
6732026,0016g00002UBr4OAAT
6732027,0016g00002TbdSdAAJ
6732028,0016g00002RJAp9AAH
6732029,0016g00002Soqa0AAB
6732030,0016g00002SoDnvAAF
6732031,0016g00002RKbz7AAD
6732032,0016g00002RtMpnAAF
6732033,0016g00002UBpfyAAD
6732034,0016g00002SoCfoAAF
6732035,0016g00002RJngFAAT
6732036,0016g00002SoZ7VAAV
6732037,0016g00002So1dNAAR
6732038,0016g00002TaE3lAAF
6732039,0016g00002RJwfsAAD
6732040,0016g00002Ta0AWAAZ
6732041,0016g00002RtLOBAA3
6732042,0016g00002UBp0AAAT
6732043,0016g00002UBabmAAD
6732044,0016g00002TcOrvAAF
6732045,0016g00002TaHT5AAN
6732046,0016g00002TaEsYAAV
6732047,0016g00002SopTJAAZ
6732048,0016g00002TaFGmAAN
6732049,0016g00002RtLSzAAN
6732050,0016g00002SoDP7AAN
6732051,0016g00002Tcn2jAAB
6732052,0016g00002So0p6AAB
6732053,0016g00002TbdLPAAZ
6732054,0016g00002UBNCQAA5
6732055,0016g00002SnaNaAAJ
6732056,0016g00002SoC7aAAF
6732057,0016g00002SbE05AAF
6732058,0016g00002TaDWHAA3
6732059,0016g00002SbGZyAAN
6732060,0016g00002RJwRTAA1
6732061,0016g00002RK1e7AAD
6732062,0016g00002SnJcwAAF
6732063,0016g00002RtLh5AAF
6732064,0016g00002TaDTsAAN
6732065,0016g00002TZM3FAAX
6732066,0016g00002RJR37AAH
6732067,0016g00002TaFhkAAF
6732068,0016g00002SfsIOAAZ
6732069,0016g00002RsiR9AAJ
6732070,0016g00002TZLzXAAX
6732071,0016g00002RKc8TAAT
6732072,0016g00002TaEuLAAV
6732073,0016g00002SopkSAAR
6732074,0016g00002RK1zVAAT
6732075,0016g00002RsKqhAAF
6732076,0016g00002Rzs4oAAB
6732077,0016g00002TaEzTAAV
6732078,0016g00002UBrA7AAL
6732079,0016g00002TaEeVAAV
6732080,0016g00002SoDDJAA3
6732081,0016g00002TcN4YAAV
6732082,0016g00002SnJEQAA3
6732083,0016g00002Snn64AAB
6732084,0016g00002RsjCTAAZ
6732085,0016g00002SbEgZAAV
6732086,0016g00002SlgWXAAZ
6732087,0016g00002So1KwAAJ
6732088,0016g00002SbEqeAAF
6732089,0016g00002Ta0tkAAB
6732090,0016g00002TaIvrAAF
6732091,0016g00002TZajhAAD
6732092,0016g00002RJnLEAA1
6732093,0016g00002RJrWxAAL
6732094,0016g00002UBqjuAAD
6732095,0016g00002Rsj2PAAR
6732096,0016g00002SnJLmAAN
6732097,0016g00002RJRlvAAH
6732098,0016g00002TZLD7AAP
6732099,0016g00002Rwz9oAAB
6732100,0016g00002SbGSuAAN
6732101,0016g00002ScbuUAAR
6732102,0016g00002TZL3pAAH
6732103,0016g00002TaGTvAAN
6732104,0016g00002RK1z9AAD
6732105,0016g00002UBoHgAAL
6732106,0016g00002RKc0pAAD
6732107,0016g00002TdCiHAAV
6732108,0016g00002RsjO0AAJ
6732109,0016g00002RJnUwAAL
6732110,0016g00002RJBX8AAP
6732111,0016g00002TbdK6AAJ
6732112,0016g00002TcOMDAA3
6732113,0016g00002Tc5IHAAZ
6732114,0016g00002TaHC0AAN
6732115,0016g00002UC2v1AAD
6732116,0016g00002RJs4lAAD
6732117,0016g00002SbEqfAAF
6732118,0016g00002RskC1AAJ
6732119,0016g00002RJuybAAD
6732120,0016g00002Soq7hAAB
6732121,0016g00002SbFpMAAV
6732122,0016g00002Ta0iLAAR
6732123,0016g00002TZLxHAAX
6732124,0016g00002RJRuEAAX
6732125,0016g00002UBpjeAAD
6732126,0016g00002SnZfbAAF
6732127,0016g00002TcxUWAAZ
6732128,0016g00002RsipmAAB
6732129,0016g00002RJpmlAAD
6732130,0016g00002TZzhyAAD
6732131,0016g00002RJRBwAAP
6732132,0016g00002RsmCzAAJ
6732133,0016g00002TaGosAAF
6732134,0016g00002RJwEqAAL
6732135,0016g00002SooQYAAZ
6732136,0016g00002RJx6TAAT
6732137,0016g00002SoobOAAR
6732138,0016g00002SnZOoAAN
6732139,0016g00002Sood0AAB
6732140,0016g00002TaGrEAAV
6732141,0016g00002RJoZhAAL
6732142,0016g00002TaG3vAAF
6732143,0016g00002TdGjTAAV
6732144,0016g00002TaFtnAAF
6732145,0016g00002So1FdAAJ
6732146,0016g00002RJplfAAD
6732147,0016g00002So1E0AAJ
6732148,0016g00002SnagmAAB
6732149,0016g00002SnI5NAAV
6732150,0016g00002RJCKNAA5
6732151,0016g00002RsjqCAAR
6732152,0016g00002SnneQAAR
6732153,0016g00002RsKt8AAF
6732154,0016g00002RsmDJAAZ
6732155,0016g00002RJnBtAAL
6732156,0016g00002SbFjwAAF
6732157,0016g00002So0AaAAJ
6732158,0016g00002RxtBmAAJ
6732159,0016g00002SbFGXAA3
6732160,0016g00002RsKeHAAV
6732161,0016g00002RJx4yAAD
6732162,0016g00002SoKTqAAN
6732163,0016g00002RJqkIAAT
6732164,0016g00002RKcE0AAL
6732165,0016g00002TcMg3AAF
6732166,0016g00002TcPe4AAF
6732167,0016g00002RzqQXAAZ
6732168,0016g00002Rshv1AAB
6732169,0016g00002SopKxAAJ
6732170,0016g00002RsiccAAB
6732171,0016g00002RJtwaAAD
6732172,0016g00002RJs7jAAD
6732173,0016g00002RJR71AAH
6732174,0016g00002RJoJ7AAL
6732175,0016g00002TcNM3AAN
6732176,0016g00002Rx5ZIAAZ
6732177,0016g00002SccNeAAJ
6732178,0016g00002UBaUrAAL
6732179,0016g00002RsiohAAB
6732180,0016g00002RJo4VAAT
6732181,0016g00002RsKwfAAF
6732182,0016g00002TcMjnAAF
6732183,0016g00002RJnL1AAL
6732184,0016g00002RKcNLAA1
6732185,0016g00002RJyF5AAL
6732186,0016g00002RJuGnAAL
6732187,0016g00002So1dMAAR
6732188,0016g00002So0LVAAZ
6732189,0016g00002RJx81AAD
6732190,0016g00002So0BGAAZ
6732191,0016g00002TaI9mAAF
6732192,0016g00002RJyrvAAD
6732193,0016g00002TaGx4AAF
6732194,0016g00002RJp3KAAT
6732195,0016g00002TbUkPAAV
6732196,0016g00002RJmiMAAT
6732197,0016g00002So0VwAAJ
6732198,0016g00002SootgAAB
6732199,0016g00002TaqInAAJ
6732200,0016g00002TaIYnAAN
6732201,0016g00002RsjKuAAJ
6732202,0016g00002RsjDRAAZ
6732203,0016g00002TaHhlAAF
6732204,0016g00002RskPMAAZ
6732205,0016g00002SomQCAAZ
6732206,0016g00002SoDqhAAF
6732207,0016g00002SoCrWAAV
6732208,0016g00002RJx4PAAT
6732209,0016g00002RJpLWAA1
6732210,0016g00002TbdEvAAJ
6732211,0016g00002SnadnAAB
6732212,0016g00002SoDdtAAF
6732213,0016g00002SccYvAAJ
6732214,0016g00002RJw8RAAT
6732215,0016g00002RJmBiAAL
6732216,0016g00002Rsj5FAAR
6732217,0016g00002SoySeAAJ
6732218,0016g00002Sop7DAAR
6732219,0016g00002Ry24cAAB
6732220,0016g00002TZLPZAA5
6732221,0016g00002SbF1uAAF
6732222,0016g00002So0twAAB
6732223,0016g00002RK234AAD
6732224,0016g00002TZLhnAAH
6732225,0016g00002RJndRAAT
6732226,0016g00002Rx5RhAAJ
6732227,0016g00002TaFkxAAF
6732228,0016g00002UBaUmAAL
6732229,0016g00002SnnJzAAJ
6732230,0016g00002TZzkDAAT
6732231,0016g00002TdFZvAAN
6732232,0016g00002TaG2IAAV
6732233,0016g00002SoCWjAAN
6732234,0016g00002RsjP6AAJ
6732235,0016g00002SopVSAAZ
6732236,0016g00002SbElpAAF
6732237,0016g00002SnYzJAAV
6732238,0016g00002So3chAAB
6732239,0016g00002TaIgeAAF
6732240,0016g00002SbEA8AAN
6732241,0016g00002RtLqVAAV
6732242,0016g00002RJtq3AAD
6732243,0016g00002SnacrAAB
6732244,0016g00002TcPXIAA3
6732245,0016g00002RJke0AAD
6732246,0016g00002TaHJYAA3
6732247,0016g00002SonuPAAR
6732248,0016g00002RJwGpAAL
6732249,0016g00002RsjQcAAJ
6732250,0016g00002SnZ9GAAV
6732251,0016g00002So1WzAAJ
6732252,0016g00002TcORQAA3
6732253,0016g00002Tb4qwAAB
6732254,0016g00002RsjGcAAJ
6732255,0016g00002RK1ZGAA1
6732256,0016g00002SbGPNAA3
6732257,0016g00002Rzr9RAAR
6732258,0016g00002RJQSNAA5
6732259,0016g00002TaEYFAA3
6732260,0016g00002UBpqeAAD
6732261,0016g00002RJmLUAA1
6732262,0016g00002TaJAOAA3
6732263,0016g00002Slg4oAAB
6732264,0016g00002TdCncAAF
6732265,0016g00002Sop3kAAB
6732266,0016g00002RJmSrAAL
6732267,0016g00002RJA2XAAX
6732268,0016g00002RJCIHAA5
6732269,0016g00002Sood5AAB
6732270,0016g00002Sn8QBAAZ
6732271,0016g00002Sopl9AAB
6732272,0016g00002RJkw8AAD
6732273,0016g00002TcNP5AAN
6732274,0016g00002Ta0AJAAZ
6732275,0016g00002SnsGHAAZ
6732276,0016g00002Rxxw3AAB
6732277,0016g00002RsKm5AAF
6732278,0016g00002RJnZcAAL
6732279,0016g00002So0gDAAR
6732280,0016g00002SnJZUAA3
6732281,0016g00002RJwPjAAL
6732282,0016g00002RwhTRAAZ
6732283,0016g00002TcxB7AAJ
6732284,0016g00002UBqQGAA1
6732285,0016g00002RKcPDAA1
6732286,0016g00002SnnFzAAJ
6732287,0016g00002RJrbHAAT
6732288,0016g00002TZMA6AAP
6732289,0016g00002RJBxVAAX
6732290,0016g00002TcPXWAA3
6732291,0016g00002RJRBxAAP
6732292,0016g00002RJmJcAAL
6732293,0016g00002RK0atAAD
6732294,0016g00002SnnxrAAB
6732295,0016g00002SooxjAAB
6732296,0016g00002RK0Y5AAL
6732297,0016g00002UBqaWAAT
6732298,0016g00002TcNmpAAF
6732299,0016g00002SlgHDAAZ
6732300,0016g00002UC2nmAAD
6732301,0016g00002TZLlBAAX
6732302,0016g00002RsL4IAAV
6732303,0016g00002UBqlgAAD
6732304,0016g00002UC2YdAAL
6732305,0016g00002RJBCnAAP
6732306,0016g00002SooHCAAZ
6732307,0016g00002RJtJ2AAL
6732308,0016g00002UBaWgAAL
6732309,0016g00002Rzr5UAAR
6732310,0016g00002TakheAAB
6732311,0016g00002RxzbEAAR
6732312,0016g00002SbFxAAAV
6732313,0016g00002SbEMfAAN
6732314,0016g00002TakqHAAR
6732315,0016g00002SbF6oAAF
6732316,0016g00002TaHozAAF
6732317,0016g00002TcNk3AAF
6732318,0016g00002So0JlAAJ
6732319,0016g00002TcPK4AAN
6732320,0016g00002Ta09NAAR
6732321,0016g00002SbG4AAAV
6732322,0016g00002Rzr8qAAB
6732323,0016g00002SoDqaAAF
6732324,0016g00002TcNvAAAV
6732325,0016g00002SoCzlAAF
6732326,0016g00002RJs33AAD
6732327,0016g00002So194AAB
6732328,0016g00002RJQmYAAX
6732329,0016g00002SfsWLAAZ
6732330,0016g00002RxsvtAAB
6732331,0016g00002SnZ9nAAF
6732332,0016g00002SopAaAAJ
6732333,0016g00002SbGjLAAV
6732334,0016g00002SfsMXAAZ
6732335,0016g00002RJtC0AAL
6732336,0016g00002RKcV5AAL
6732337,0016g00002SlgN1AAJ
6732338,0016g00002RsKyDAAV
6732339,0016g00002RKcPwAAL
6732340,0016g00002Sno6JAAR
6732341,0016g00002SbFIZAA3
6732342,0016g00002TaEt4AAF
6732343,0016g00002SfsG9AAJ
6732344,0016g00002RJBeqAAH
6732345,0016g00002TaIguAAF
6732346,0016g00002SoCavAAF
6732347,0016g00002TaIhjAAF
6732348,0016g00002SbFAiAAN
6732349,0016g00002RtMpNAAV
6732350,0016g00002TcMoiAAF
6732351,0016g00002TaJAaAAN
6732352,0016g00002TaFm8AAF
6732353,0016g00002RJS3HAAX
6732354,0016g00002RJln1AAD
6732355,0016g00002SnIXMAA3
6732356,0016g00002ScboBAAR
6732357,0016g00002RJnSTAA1
6732358,0016g00002RJS7yAAH
6732359,0016g00002RsiiKAAR
6732360,0016g00002TaIslAAF
6732361,0016g00002Rxt4FAAR
6732362,0016g00002RJmklAAD
6732363,0016g00002UBah1AAD
6732364,0016g00002RJo8bAAD
6732365,0016g00002UBadTAAT
6732366,0016g00002RJCUBAA5
6732367,0016g00002TaEyyAAF
6732368,0016g00002UBoMGAA1
6732369,0016g00002RsKvpAAF
6732370,0016g00002So0IOAAZ
6732371,0016g00002RJC5tAAH
6732372,0016g00002SoyBAAAZ
6732373,0016g00002Soqa8AAB
6732374,0016g00002SnnREAAZ
6732375,0016g00002Soz4YAAR
6732376,0016g00002SoyTSAAZ
6732377,0016g00002SoCR7AAN
6732378,0016g00002TZLC1AAP
6732379,0016g00002UBoXuAAL
6732380,0016g00002SnZtiAAF
6732381,0016g00002SoqeVAAR
6732382,0016g00002RJspQAAT
6732383,0016g00002SfsV3AAJ
6732384,0016g00002SopO1AAJ
6732385,0016g00002TcNKcAAN
6732386,0016g00002RJRVpAAP
6732387,0016g00002So1DVAAZ
6732388,0016g00002TcPgpAAF
6732389,0016g00002RJlshAAD
6732390,0016g00002TaGcjAAF
6732391,0016g00002Snb7OAAR
6732392,0016g00002Rxt01AAB
6732393,0016g00002UBqnGAAT
6732394,0016g00002RJmUeAAL
6732395,0016g00002RJrcEAAT
6732396,0016g00002SoDVSAA3
6732397,0016g00002SoDBsAAN
6732398,0016g00002UBpSCAA1
6732399,0016g00002RJmSqAAL
6732400,0016g00002TaIEQAA3
6732401,0016g00002TcPK6AAN
6732402,0016g00002Soq9qAAB
6732403,0016g00002SoDZ0AAN
6732404,0016g00002TaFusAAF
6732405,0016g00002Soy4HAAR
6732406,0016g00002TZzeTAAT
6732407,0016g00002TaJM7AAN
6732408,0016g00002RJljHAAT
6732409,0016g00002UC2oKAAT
6732410,0016g00002RsKkHAAV
6732411,0016g00002RskBQAAZ
6732412,0016g00002RK10QAAT
6732413,0016g00002UBoKuAAL
6732414,0016g00002SnHpdAAF
6732415,0016g00002RsjPHAAZ
6732416,0016g00002TaGo7AAF
6732417,0016g00002SnZZQAA3
6732418,0016g00002RJwQCAA1
6732419,0016g00002RK0cMAAT
6732420,0016g00002RxyOdAAJ
6732421,0016g00002UC2c6AAD
6732422,0016g00002TZLWgAAP
6732423,0016g00002TZataAAD
6732424,0016g00002Tb0SmAAJ
6732425,0016g00002SnnKJAAZ
6732426,0016g00002TcPTpAAN
6732427,0016g00002SfyzoAAB
6732428,0016g00002SnIiHAAV
6732429,0016g00002SfscUAAR
6732430,0016g00002RsjrVAAR
6732431,0016g00002RzrNCAAZ
6732432,0016g00002TaG0nAAF
6732433,0016g00002SoKayAAF
6732434,0016g00002RJzpaAAD
6732435,0016g00002ScbQVAAZ
6732436,0016g00002TbdPXAAZ
6732437,0016g00002RwzMsAAJ
6732438,0016g00002Ta0EvAAJ
6732439,0016g00002RK20bAAD
6732440,0016g00002SfsTfAAJ
6732441,0016g00002RsjVSAAZ
6732442,0016g00002SonoQAAR
6732443,0016g00002So0EFAAZ
6732444,0016g00002Rwz6hAAB
6732445,0016g00002Rx5TCAAZ
6732446,0016g00002TZabNAAT
6732447,0016g00002TZLzvAAH
6732448,0016g00002TaF1DAAV
6732449,0016g00002UBqEHAA1
6732450,0016g00002RsiaqAAB
6732451,0016g00002RJlmgAAD
6732452,0016g00002SopHfAAJ
6732453,0016g00002RJQI0AAP
6732454,0016g00002TaDVgAAN
6732455,0016g00002TaJBYAA3
6732456,0016g00002TcNHQAA3
6732457,0016g00002OWbuxAAD
6732458,0016g00002UC2hTAAT
6732459,0016g00002SopU6AAJ
6732460,0016g00002RJlkNAAT
6732461,0016g00002RsjPdAAJ
6732462,0016g00002SnnyZAAR
6732463,0016g00002UC2QPAA1
6732464,0016g00002RJnasAAD
6732465,0016g00002ScbatAAB
6732466,0016g00002ScbguAAB
6732467,0016g00002So1LOAAZ
6732468,0016g00002SfsezAAB
6732469,0016g00002SnZFuAAN
6732470,0016g00002SnHtQAAV
6732471,0016g00002SbFyRAAV
6732472,0016g00002RJm5eAAD
6732473,0016g00002TcNBIAA3
6732474,0016g00002RKcUvAAL
6732475,0016g00002RKceUAAT
6732476,0016g00002SoylaAAB
6732477,0016g00002UBoiVAAT
6732478,0016g00002RsKwZAAV
6732479,0016g00002RJQQZAA5
6732480,0016g00002RK18gAAD
6732481,0016g00002RJQjQAAX
6732482,0016g00002ScckcAAB
6732483,0016g00002SnJ3qAAF
6732484,0016g00002RJqpyAAD
6732485,0016g00002RJr2ZAAT
6732486,0016g00002SnrUDAAZ
6732487,0016g00002RwzBpAAJ
6732488,0016g00002RJAi2AAH
6732489,0016g00002RJRnXAAX
6732490,0016g00002SnmHtAAJ
6732491,0016g00002UBpnvAAD
6732492,0016g00002Rsm7ZAAR
6732493,0016g00002RJzGsAAL
6732494,0016g00002Tc5c8AAB
6732495,0016g00002RJoWdAAL
6732496,0016g00002RJs7gAAD
6732497,0016g00002UBaZqAAL
6732498,0016g00002TcxXKAAZ
6732499,0016g00002TZLrzAAH
6732500,0016g00002TbdMUAAZ
6732501,0016g00002So11sAAB
6732502,0016g00002TaHLlAAN
6732503,0016g00002RJyAIAA1
6732504,0016g00002RJom6AAD
6732505,0016g00002SnnaDAAR
6732506,0016g00002RzrwoAAB
6732507,0016g00002SoniFAAR
6732508,0016g00002UBpjYAAT
6732509,0016g00002RsjlIAAR
6732510,0016g00002So3Z4AAJ
6732511,0016g00002RJxcQAAT
6732512,0016g00002RJp6ZAAT
6732513,0016g00002RxtIRAAZ
6732514,0016g00002RsKh1AAF
6732515,0016g00002SoKjvAAF
6732516,0016g00002RJBJDAA5
6732517,0016g00002RJoFRAA1
6732518,0016g00002SccF3AAJ
6732519,0016g00002SlfzqAAB
6732520,0016g00002RJqnqAAD
6732521,0016g00002RJsD5AAL
6732522,0016g00002TaIMcAAN
6732523,0016g00002RsjpkAAB
6732524,0016g00002RJu0kAAD
6732525,0016g00002RJBvnAAH
6732526,0016g00002RJoHxAAL
6732527,0016g00002SbGGtAAN
6732528,0016g00002SnIyWAAV
6732529,0016g00002UBqdHAAT
6732530,0016g00002So1edAAB
6732531,0016g00002UBogxAAD
6732532,0016g00002SbDrEAAV
6732533,0016g00002RJQh1AAH
6732534,0016g00002SnzFFAAZ
6732535,0016g00002RsKqKAAV
6732536,0016g00002Takj0AAB
6732537,0016g00002SnaaiAAB
6732538,0016g00002RtLAFAA3
6732539,0016g00002RskDdAAJ
6732540,0016g00002UBN5nAAH
6732541,0016g00002UBpqFAAT
6732542,0016g00002RJqXqAAL
6732543,0016g00002UBml7AAD
6732544,0016g00002RKcKXAA1
6732545,0016g00002UBo8lAAD
6732546,0016g00002SnYm3AAF
6732547,0016g00002UBoCeAAL
6732548,0016g00002Ta0bIAAR
6732549,0016g00002UBaYkAAL
6732550,0016g00002RKc5LAAT
6732551,0016g00002TZag3AAD
6732552,0016g00002RJtHzAAL
6732553,0016g00002Rxrn1AAB
6732554,0016g00002SbFneAAF
6732555,0016g00002RJtMTAA1
6732556,0016g00002SoywNAAR
6732557,0016g00002TZzopAAD
6732558,0016g00002Soz96AAB
6732559,0016g00002TcMlEAAV
6732560,0016g00002Ta0LaAAJ
6732561,0016g00002Takx1AAB
6732562,0016g00002RJzHwAAL
6732563,0016g00002SoKbeAAF
6732564,0016g00002TcPD1AAN
6732565,0016g00002TZaSvAAL
6732566,0016g00002TaE3ZAAV
6732567,0016g00002UBohlAAD
6732568,0016g00002RJrOOAA1
6732569,0016g00002SoKVWAA3
6732570,0016g00002RJmKyAAL
6732571,0016g00002TZLxYAAX
6732572,0016g00002SccAKAAZ
6732573,0016g00002RtKgNAAV
6732574,0016g00002SccaZAAR
6732575,0016g00002SnIrLAAV
6732576,0016g00002Ta0HRAAZ
6732577,0016g00002TaHrJAAV
6732578,0016g00002UBnruAAD
6732579,0016g00002SbGLlAAN
6732580,0016g00002TcxMlAAJ
6732581,0016g00002RJu2pAAD
6732582,0016g00002RK1QuAAL
6732583,0016g00002TcxKlAAJ
6732584,0016g00002Tcv8RAAR
6732585,0016g00002SoCmYAAV
6732586,0016g00002RJrwkAAD
6732587,0016g00002RJwfGAAT
6732588,0016g00002RJRAfAAP
6732589,0016g00002SnIbPAAV
6732590,0016g00002SoDXEAA3
6732591,0016g00002SnbLyAAJ
6732592,0016g00002SopqdAAB
6732593,0016g00002SlgYcAAJ
6732594,0016g00002SoCfpAAF
6732595,0016g00002TaG8wAAF
6732596,0016g00002RJocxAAD
6732597,0016g00002Rzp8KAAR
6732598,0016g00002SoyBsAAJ
6732599,0016g00002OW6UvAAL
6732600,0016g00002SnIbkAAF
6732601,0016g00002SonhlAAB
6732602,0016g00002Soz2AAAR
6732603,0016g00002RsKwxAAF
6732604,0016g00002RJqiZAAT
6732605,0016g00002TaFmrAAF
6732606,0016g00002So4xCAAR
6732607,0016g00002SopZJAAZ
6732608,0016g00002SoDmtAAF
6732609,0016g00002SnIcXAAV
6732610,0016g00002Ta0GKAAZ
6732611,0016g00002Rsj0jAAB
6732612,0016g00002TcOvAAAV
6732613,0016g00002RxjjlAAB
6732614,0016g00002Tb0MZAAZ
6732615,0016g00002TaF86AAF
6732616,0016g00002RJtZlAAL
6732617,0016g00002SnZlZAAV
6732618,0016g00002TcPafAAF
6732619,0016g00002RtMS7AAN
6732620,0016g00002TcO7KAAV
6732621,0016g00002TcMuGAAV
6732622,0016g00002So0SSAAZ
6732623,0016g00002RJB1ZAAX
6732624,0016g00002Tc5MSAAZ
6732625,0016g00002SnIn8AAF
6732626,0016g00002SbEAEAA3
6732627,0016g00002TakwmAAB
6732628,0016g00002RsKqDAAV
6732629,0016g00002TcNrVAAV
6732630,0016g00002RsKz2AAF
6732631,0016g00002TaEktAAF
6732632,0016g00002Tc5RqAAJ
6732633,0016g00002Tb0ZfAAJ
6732634,0016g00002SnbKRAAZ
6732635,0016g00002TcMkNAAV
6732636,0016g00002Rsk5hAAB
6732637,0016g00002RsKxUAAV
6732638,0016g00002RKcT0AAL
6732639,0016g00002RJolJAAT
6732640,0016g00002TakcdAAB
6732641,0016g00002SnnG4AAJ
6732642,0016g00002SoCOeAAN
6732643,0016g00002RJtzeAAD
6732644,0016g00002TcP47AAF
6732645,0016g00002TaE58AAF
6732646,0016g00002RK18IAAT
6732647,0016g00002SnIVhAAN
6732648,0016g00002UC2p9AAD
6732649,0016g00002RJpwhAAD
6732650,0016g00002UBpnyAAD
6732651,0016g00002SoKdUAAV
6732652,0016g00002SoDYMAA3
6732653,0016g00002TdDVMAA3
6732654,0016g00002UC2YQAA1
6732655,0016g00002UBpCxAAL
6732656,0016g00002RKc9iAAD
6732657,0016g00002RJszoAAD
6732658,0016g00002RJqiVAAT
6732659,0016g00002Rzra9AAB
6732660,0016g00002TaIp0AAF
6732661,0016g00002RxtA9AAJ
6732662,0016g00002RJR3jAAH
6732663,0016g00002RJq5XAAT
6732664,0016g00002SbEZrAAN
6732665,0016g00002RJvjvAAD
6732666,0016g00002RJuhBAAT
6732667,0016g00002SopiNAAR
6732668,0016g00002SnadLAAR
6732669,0016g00002TaJLyAAN
6732670,0016g00002TdD0eAAF
6732671,0016g00002RJS3iAAH
6732672,0016g00002SbGx2AAF
6732673,0016g00002SoCmEAAV
6732674,0016g00002SoDR2AAN
6732675,0016g00002SnJLNAA3
6732676,0016g00002RJB4rAAH
6732677,0016g00002UC2ecAAD
6732678,0016g00002SfsbvAAB
6732679,0016g00002RJkg5AAD
6732680,0016g00002TcPYhAAN
6732681,0016g00002TZzEWAA1
6732682,0016g00002TcOvwAAF
6732683,0016g00002RsifqAAB
6732684,0016g00002SoKSGAA3
6732685,0016g00002TcPAvAAN
6732686,0016g00002RJrjLAAT
6732687,0016g00002UBUHSAA5
6732688,0016g00002UBo8sAAD
6732689,0016g00002SnZGbAAN
6732690,0016g00002SoyozAAB
6732691,0016g00002RJQKBAA5
6732692,0016g00002Scci9AAB
6732693,0016g00002SbG9PAAV
6732694,0016g00002Ry0zgAAB
6732695,0016g00002RJADEAA5
6732696,0016g00002RJttdAAD
6732697,0016g00002TaFp3AAF
6732698,0016g00002Ta0KZAAZ
6732699,0016g00002UBoGAAA1
6732700,0016g00002SnI17AAF
6732701,0016g00002RskMDAAZ
6732702,0016g00002Soz6dAAB
6732703,0016g00002TaFbuAAF
6732704,0016g00002TaGrGAAV
6732705,0016g00002RKc8YAAT
6732706,0016g00002RJodmAAD
6732707,0016g00002SnHoBAAV
6732708,0016g00002RJQZdAAP
6732709,0016g00002SnJ2EAAV
6732710,0016g00002RJRNFAA5
6732711,0016g00002RJR3xAAH
6732712,0016g00002RJnC6AAL
6732713,0016g00002RsKlWAAV
6732714,0016g00002So1SJAAZ
6732715,0016g00002Sope2AAB
6732716,0016g00002SoDFdAAN
6732717,0016g00002RJvPrAAL
6732718,0016g00002RJqusAAD
6732719,0016g00002RK1T8AAL
6732720,0016g00002UC2pdAAD
6732721,0016g00002RJo2HAAT
6732722,0016g00002SbGXrAAN
6732723,0016g00002UBoAvAAL
6732724,0016g00002RsKs1AAF
6732725,0016g00002TaEzEAAV
6732726,0016g00002Td3rLAAR
6732727,0016g00002UBqE4AAL
6732728,0016g00002RJmUrAAL
6732729,0016g00002So1kqAAB
6732730,0016g00002RJAYcAAP
6732731,0016g00002TczMkAAJ
6732732,0016g00002UBouaAAD
6732733,0016g00002So0V2AAJ
6732734,0016g00002SoqcbAAB
6732735,0016g00002RJQLDAA5
6732736,0016g00002RJs7DAAT
6732737,0016g00002SoDFoAAN
6732738,0016g00002RJpuoAAD
6732739,0016g00002Tb0NVAAZ
6732740,0016g00002TaI7LAAV
6732741,0016g00002RJocKAAT
6732742,0016g00002SbGC9AAN
6732743,0016g00002UBnx3AAD
6732744,0016g00002RsibpAAB
6732745,0016g00002TajJiAAJ
6732746,0016g00002RJQSQAA5
6732747,0016g00002RskFeAAJ
6732748,0016g00002RtMa4AAF
6732749,0016g00002TaHhXAAV
6732750,0016g00002RJnrKAAT
6732751,0016g00002SnneaAAB
6732752,0016g00002SoCdEAAV
6732753,0016g00002RJtLeAAL
6732754,0016g00002SbETiAAN
6732755,0016g00002SoCb5AAF
6732756,0016g00002TZayPAAT
6732757,0016g00002TZLPMAA5
6732758,0016g00002SoE8CAAV
6732759,0016g00002RJCZ6AAP
6732760,0016g00002RJqaUAAT
6732761,0016g00002RtKymAAF
6732762,0016g00002RJszmAAD
6732763,0016g00002SbFvFAAV
6732764,0016g00002SfsDCAAZ
6732765,0016g00002UBpDoAAL
6732766,0016g00002RJBetAAH
6732767,0016g00002SnaWQAAZ
6732768,0016g00002TaGTFAA3
6732769,0016g00002TdCiPAAV
6732770,0016g00002RsjqxAAB
6732771,0016g00002RKcb0AAD
6732772,0016g00002UC2uLAAT
6732773,0016g00002RJvgGAAT
6732774,0016g00002So08sAAB
6732775,0016g00002RJuyOAAT
6732776,0016g00002RK11lAAD
6732777,0016g00002TZasuAAD
6732778,0016g00002So14xAAB
6732779,0016g00002RJyvEAAT
6732780,0016g00002RJwFTAA1
6732781,0016g00002RsjGPAAZ
6732782,0016g00002SoDlKAAV
6732783,0016g00002TakmiAAB
6732784,0016g00002TZapkAAD
6732785,0016g00002SoKhhAAF
6732786,0016g00002RJADAAA5
6732787,0016g00002RskRPAAZ
6732788,0016g00002UBqcNAAT
6732789,0016g00002SbG6qAAF
6732790,0016g00002SopSqAAJ
6732791,0016g00002RsiwyAAB
6732792,0016g00002TcPYiAAN
6732793,0016g00002RJQpBAAX
6732794,0016g00002RJm2vAAD
6732795,0016g00002TbdTEAAZ
6732796,0016g00002SnZ9TAAV
6732797,0016g00002Ta0BHAAZ
6732798,0016g00002SoycFAAR
6732799,0016g00002RKcQFAA1
6732800,0016g00002TaIHDAA3
6732801,0016g00002RJoYeAAL
6732802,0016g00002RJm1YAAT
6732803,0016g00002SnIUXAA3
6732804,0016g00002SnaqnAAB
6732805,0016g00002So1NkAAJ
6732806,0016g00002ScbahAAB
6732807,0016g00002UBohnAAD
6732808,0016g00002UC2eqAAD
6732809,0016g00002So180AAB
6732810,0016g00002RJmbWAAT
6732811,0016g00002SopyMAAR
6732812,0016g00002TaGmjAAF
6732813,0016g00002TcP3AAAV
6732814,0016g00002SZYR9AAP
6732815,0016g00002SbERcAAN
6732816,0016g00002SccXoAAJ
6732817,0016g00002Sno88AAB
6732818,0016g00002RJp7jAAD
6732819,0016g00002UBprcAAD
6732820,0016g00002RwzOWAAZ
6732821,0016g00002RJkjWAAT
6732822,0016g00002TdCkMAAV
6732823,0016g00002SopLDAAZ
6732824,0016g00002RJxVgAAL
6732825,0016g00002SooHAAAZ
6732826,0016g00002Rx5gLAAR
6732827,0016g00002RJlsaAAD
6732828,0016g00002UBaUSAA1
6732829,0016g00002UBoxGAAT
6732830,0016g00002UBouMAAT
6732831,0016g00002TcPJNAA3
6732832,0016g00002RJqSPAA1
6732833,0016g00002TaFNeAAN
6732834,0016g00002TbdRAAAZ
6732835,0016g00002RJrWRAA1
6732836,0016g00002UBqFFAA1
6732837,0016g00002TaFVHAA3
6732838,0016g00002SnHykAAF
6732839,0016g00002RJsCaAAL
6732840,0016g00002SoDWDAA3
6732841,0016g00002SoDiBAAV
6732842,0016g00002Sonp7AAB
6732843,0016g00002RJQsvAAH
6732844,0016g00002Soz8yAAB
6732845,0016g00002RJql8AAD
6732846,0016g00002TZakzAAD
6732847,0016g00002TaJFzAAN
6732848,0016g00002SoCgEAAV
6732849,0016g00002RJBuqAAH
6732850,0016g00002Slg8zAAB
6732851,0016g00002RJCNOAA5
6732852,0016g00002TaERAAA3
6732853,0016g00002SbFGcAAN
6732854,0016g00002Sno7xAAB
6732855,0016g00002Scc6rAAB
6732856,0016g00002RK12vAAD
6732857,0016g00002SoypPAAR
6732858,0016g00002Ta0egAAB
6732859,0016g00002SoE2TAAV
6732860,0016g00002RJrjXAAT
6732861,0016g00002SbGaaAAF
6732862,0016g00002RJprjAAD
6732863,0016g00002TaGMkAAN
6732864,0016g00002TdCrhAAF
6732865,0016g00002UBr8ZAAT
6732866,0016g00002SoCwYAAV
6732867,0016g00002So0W2AAJ
6732868,0016g00002UBqENAA1
6732869,0016g00002RJu0UAAT
6732870,0016g00002RsjBAAAZ
6732871,0016g00002TZM7JAAX
6732872,0016g00002So0GuAAJ
6732873,0016g00002TaIdcAAF
6732874,0016g00002RsjvyAAB
6732875,0016g00002SbFGhAAN
6732876,0016g00002SnJ7tAAF
6732877,0016g00002RJqvqAAD
6732878,0016g00002RsiCYAAZ
6732879,0016g00002Scc8MAAR
6732880,0016g00002Ta0m8AAB
6732881,0016g00002RJtunAAD
6732882,0016g00002RJkpTAAT
6732883,0016g00002TZLG7AAP
6732884,0016g00002RJzzpAAD
6732885,0016g00002Tb0MAAAZ
6732886,0016g00002SnaCrAAJ
6732887,0016g00002UBpFRAA1
6732888,0016g00002UC2hXAAT
6732889,0016g00002RJxh8AAD
6732890,0016g00002Scc7XAAR
6732891,0016g00002RsirJAAR
6732892,0016g00002RJAd9AAH
6732893,0016g00002UBNCZAA5
6732894,0016g00002SoqZuAAJ
6732895,0016g00002SnaHcAAJ
6732896,0016g00002So1e4AAB
6732897,0016g00002RJmKLAA1
6732898,0016g00002SooSUAAZ
6732899,0016g00002RJoFdAAL
6732900,0016g00002SfsFbAAJ
6732901,0016g00002SfsOcAAJ
6732902,0016g00002ScbtjAAB
6732903,0016g00002RJo6tAAD
6732904,0016g00002TcxGpAAJ
6732905,0016g00002TZAItAAP
6732906,0016g00002RJwRVAA1
6732907,0016g00002RJkedAAD
6732908,0016g00002RKcDGAA1
6732909,0016g00002SoD99AAF
6732910,0016g00002TaJGFAA3
6732911,0016g00002So1EVAAZ
6732912,0016g00002RJoGwAAL
6732913,0016g00002RsKfgAAF
6732914,0016g00002TcMtaAAF
6732915,0016g00002SbFhnAAF
6732916,0016g00002TaFLJAA3
6732917,0016g00002RsjoIAAR
6732918,0016g00002RskQrAAJ
6732919,0016g00002TcNzZAAV
6732920,0016g00002TZLozAAH
6732921,0016g00002RJRoAAAX
6732922,0016g00002RJp5oAAD
6732923,0016g00002TaIyDAAV
6732924,0016g00002RK0bqAAD
6732925,0016g00002RJtHQAA1
6732926,0016g00002UBoQ2AAL
6732927,0016g00002RskFuAAJ
6732928,0016g00002TaFxYAAV
6732929,0016g00002UBSdbAAH
6732930,0016g00002RJpBwAAL
6732931,0016g00002RJBc1AAH
6732932,0016g00002TaHJBAA3
6732933,0016g00002RskA7AAJ
6732934,0016g00002RJuL3AAL
6732935,0016g00002TZzc4AAD
6732936,0016g00002SnnM8AAJ
6732937,0016g00002RJoAuAAL
6732938,0016g00002SnZtlAAF
6732939,0016g00002RJCL7AAP
6732940,0016g00002RJoVoAAL
6732941,0016g00002SnJGRAA3
6732942,0016g00002SnYxjAAF
6732943,0016g00002TcNgGAAV
6732944,0016g00002TaFgxAAF
6732945,0016g00002RJq0lAAD
6732946,0016g00002RJRJ7AAP
6732947,0016g00002SnnyDAAR
6732948,0016g00002Sons1AAB
6732949,0016g00002TZJznAAH
6732950,0016g00002RJkw0AAD
6732951,0016g00002TcMcLAAV
6732952,0016g00002SnZhlAAF
6732953,0016g00002TZO02AAH
6732954,0016g00002SbHwJAAV
6732955,0016g00002SccEiAAJ
6732956,0016g00002Tb0VRAAZ
6732957,0016g00002RK10ZAAT
6732958,0016g00002RJybjAAD
6732959,0016g00002RJlf3AAD
6732960,0016g00002RJB3YAAX
6732961,0016g00002TZzxyAAD
6732962,0016g00002SbF8lAAF
6732963,0016g00002UBoE7AAL
6732964,0016g00002TZLdgAAH
6732965,0016g00002SnYwNAAV
6732966,0016g00002RJlxFAAT
6732967,0016g00002RJQ5sAAH
6732968,0016g00002RJmLrAAL
6732969,0016g00002SZSToAAP
6732970,0016g00002UBoLYAA1
6732971,0016g00002TZzZjAAL
6732972,0016g00002TcxQUAAZ
6732973,0016g00002TcN1WAAV
6732974,0016g00002RzrSrAAJ
6732975,0016g00002SbEC6AAN
6732976,0016g00002RJCIMAA5
6732977,0016g00002RJmJbAAL
6732978,0016g00002RJm0wAAD
6732979,0016g00002UBo89AAD
6732980,0016g00002RJuJjAAL
6732981,0016g00002RJrezAAD
6732982,0016g00002RJC1hAAH
6732983,0016g00002SnJEyAAN
6732984,0016g00002SoD6mAAF
6732985,0016g00002SoobkAAB
6732986,0016g00002SbENEAA3
6732987,0016g00002TaEy6AAF
6732988,0016g00002RxtDxAAJ
6732989,0016g00002SnZi3AAF
6732990,0016g00002RJo1sAAD
6732991,0016g00002RJsk9AAD
6732992,0016g00002RJrV3AAL
6732993,0016g00002SnJ9GAAV
6732994,0016g00002RJle0AAD
6732995,0016g00002RwzMgAAJ
6732996,0016g00002RK0ofAAD
6732997,0016g00002TaIcTAAV
6732998,0016g00002TZzu5AAD
6732999,0016g00002UC2usAAD
6733000,0016g00002RJmczAAD
6733001,0016g00002RKcceAAD
6733002,0016g00002TZamjAAD
6733003,0016g00002TcONjAAN
6733004,0016g00002Rsk78AAB
6733005,0016g00002SoDiAAAV
6733006,0016g00002Snn89AAB
6733007,0016g00002So0BEAAZ
6733008,0016g00002SbFImAAN
6733009,0016g00002SoyGvAAJ
6733010,0016g00002RJmP3AAL
6733011,0016g00002SbDp7AAF
6733012,0016g00002SlgRYAAZ
6733013,0016g00002TaIlOAAV
6733014,0016g00002RJwOAAA1
6733015,0016g00002SoCvBAAV
6733016,0016g00002ScbR8AAJ
6733017,0016g00002Rx5KjAAJ
6733018,0016g00002SnI6fAAF
6733019,0016g00002RJQXiAAP
6733020,0016g00002SoECJAA3
6733021,0016g00002SbGIVAA3
6733022,0016g00002RJmT9AAL
6733023,0016g00002Tc5HjAAJ
6733024,0016g00002SfsJnAAJ
6733025,0016g00002RJtX0AAL
6733026,0016g00002TaHdzAAF
6733027,0016g00002SnaJmAAJ
6733028,0016g00002TaH8EAAV
6733029,0016g00002SopogAAB
6733030,0016g00002SoKk0AAF
6733031,0016g00002RJzruAAD
6733032,0016g00002RJBrGAAX
6733033,0016g00002SoChpAAF
6733034,0016g00002SnaLVAAZ
6733035,0016g00002UBo7oAAD
6733036,0016g00002RJAM6AAP
6733037,0016g00002RJvruAAD
6733038,0016g00002RJuF1AAL
6733039,0016g00002RJuzZAAT
6733040,0016g00002RJy5RAAT
6733041,0016g00002RzsIXAAZ
6733042,0016g00002RJqwwAAD
6733043,0016g00002SnaZKAAZ
6733044,0016g00002ScbUUAAZ
6733045,0016g00002TaH87AAF
6733046,0016g00002TaGh7AAF
6733047,0016g00002UBqDwAAL
6733048,0016g00002RJB3kAAH
6733049,0016g00002SlgF1AAJ
6733050,0016g00002SnZV8AAN
6733051,0016g00002So0JVAAZ
6733052,0016g00002RsiJlAAJ
6733053,0016g00002Sn5Q8AAJ
6733054,0016g00002SnJ4bAAF
6733055,0016g00002UBrIAAA1
6733056,0016g00002RxskZAAR
6733057,0016g00002RK20DAAT
6733058,0016g00002SoorkAAB
6733059,0016g00002RJsaWAAT
6733060,0016g00002RK1xIAAT
6733061,0016g00002RJmaXAAT
6733062,0016g00002TaHjKAAV
6733063,0016g00002RJuiiAAD
6733064,0016g00002Rx5gMAAR
6733065,0016g00002SnZ8pAAF
6733066,0016g00002TaF4nAAF
6733067,0016g00002UBanFAAT
6733068,0016g00002RJRXBAA5
6733069,0016g00002TaJGIAA3
6733070,0016g00002SbDotAAF
6733071,0016g00002SnIrTAAV
6733072,0016g00002RJB10AAH
6733073,0016g00002RsjJXAAZ
6733074,0016g00002TbsRYAAZ
6733075,0016g00002Tbc2UAAR
6733076,0016g00002RJAVmAAP
6733077,0016g00002RJnDHAA1
6733078,0016g00002RJQNSAA5
6733079,0016g00002RxtE3AAJ
6733080,0016g00002RJoWwAAL
6733081,0016g00002TZLa6AAH
6733082,0016g00002SnIi8AAF
6733083,0016g00002RJtKNAA1
6733084,0016g00002TcO6uAAF
6733085,0016g00002Rsi4ZAAR
6733086,0016g00002RJRZjAAP
6733087,0016g00002RwzEZAAZ
6733088,0016g00002RwzPrAAJ
6733089,0016g00002Sna6kAAB
6733090,0016g00002SnnqzAAB
6733091,0016g00002Rxwy9AAB
6733092,0016g00002SbE3BAAV
6733093,0016g00002RJqniAAD
6733094,0016g00002UC2TcAAL
6733095,0016g00002SoKYEAA3
6733096,0016g00002RJvqkAAD
6733097,0016g00002SfsO9AAJ
6733098,0016g00002SccdXAAR
6733099,0016g00002RJzgxAAD
6733100,0016g00002RK254AAD
6733101,0016g00002TaEybAAF
6733102,0016g00002RJyvyAAD
6733103,0016g00002RJzy1AAD
6733104,0016g00002RJlkMAAT
6733105,0016g00002Ta0vMAAR
6733106,0016g00002SoDF3AAN
6733107,0016g00002OWC4hAAH
6733108,0016g00002RJpeUAAT
6733109,0016g00002TZLvPAAX
6733110,0016g00002RsiW7AAJ
6733111,0016g00002SnHtcAAF
6733112,0016g00002SoqBFAAZ
6733113,0016g00002SnZmZAAV
6733114,0016g00002RJu1iAAD
6733115,0016g00002RJBfHAAX
6733116,0016g00002Tc5ROAAZ
6733117,0016g00002RJzImAAL
6733118,0016g00002RJCUeAAP
6733119,0016g00002ScbpPAAR
6733120,0016g00002So1BwAAJ
6733121,0016g00002RJksIAAT
6733122,0016g00002RJCOVAA5
6733123,0016g00002RtKtmAAF
6733124,0016g00002RxtDFAAZ
6733125,0016g00002UBolzAAD
6733126,0016g00002SoDHoAAN
6733127,0016g00002TaHwuAAF
6733128,0016g00002RK00CAAT
6733129,0016g00002TdCyCAAV
6733130,0016g00002Rsj9WAAR
6733131,0016g00002SopD5AAJ
6733132,0016g00002TaEKYAA3
6733133,0016g00002RJxP5AAL
6733134,0016g00002ScbVlAAJ
6733135,0016g00002RJuM4AAL
6733136,0016g00002Rx5J1AAJ
6733137,0016g00002SoXtrAAF
6733138,0016g00002SopxtAAB
6733139,0016g00002RJoivAAD
6733140,0016g00002UBq27AAD
6733141,0016g00002RJq3NAAT
6733142,0016g00002Scca9AAB
6733143,0016g00002Ry0tsAAB
6733144,0016g00002TaFCIAA3
6733145,0016g00002SccZ2AAJ
6733146,0016g00002SoqNtAAJ
6733147,0016g00002UBpPLAA1
6733148,0016g00002RJoEOAA1
6733149,0016g00002SbDvhAAF
6733150,0016g00002ScbZfAAJ
6733151,0016g00002SnIREAA3
6733152,0016g00002UBmqLAAT
6733153,0016g00002SlgbLAAR
6733154,0016g00002SnIJfAAN
6733155,0016g00002Soh1OAAR
6733156,0016g00002SnItUAAV
6733157,0016g00002RJu2ZAAT
6733158,0016g00002TaIWCAA3
6733159,0016g00002RJx4ZAAT
6733160,0016g00002RJQQzAAP
6733161,0016g00002UBp0fAAD
6733162,0016g00002TcODDAA3
6733163,0016g00002Rx5elAAB
6733164,0016g00002RJo2BAAT
6733165,0016g00002Ta0PaAAJ
6733166,0016g00002UBoBTAA1
6733167,0016g00002SnZdzAAF
6733168,0016g00002RsKz7AAF
6733169,0016g00002RsiHNAAZ
6733170,0016g00002SoqJrAAJ
6733171,0016g00002TZam4AAD
6733172,0016g00002UBrEUAA1
6733173,0016g00002Sooh2AAB
6733174,0016g00002RxtBAAAZ
6733175,0016g00002TdCmuAAF
6733176,0016g00002RJoEnAAL
6733177,0016g00002TaHj6AAF
6733178,0016g00002Rsj2uAAB
6733179,0016g00002SbFs8AAF
6733180,0016g00002TaINSAA3
6733181,0016g00002TdCvrAAF
6733182,0016g00002RK0RfAAL
6733183,0016g00002SnaniAAB
6733184,0016g00002SnIRoAAN
6733185,0016g00002So0mKAAR
6733186,0016g00002SoyZMAAZ
6733187,0016g00002RJBzkAAH
6733188,0016g00002SnnfFAAR
6733189,0016g00002UC2aAAAT
6733190,0016g00002TaEdgAAF
6733191,0016g00002SnYikAAF
6733192,0016g00002UC2TTAA1
6733193,0016g00002TakmQAAR
6733194,0016g00002TcNcBAAV
6733195,0016g00002UBaivAAD
6733196,0016g00002TZzXUAA1
6733197,0016g00002SnnFRAAZ
6733198,0016g00002SnHxgAAF
6733199,0016g00002RJvjpAAD
6733200,0016g00002OXHamAAH
6733201,0016g00002SnZd3AAF
6733202,0016g00002RJA3uAAH
6733203,0016g00002Ta066AAB
6733204,0016g00002TaHbnAAF
6733205,0016g00002RsiHJAAZ
6733206,0016g00002Snac5AAB
6733207,0016g00002RsiFxAAJ
6733208,0016g00002Sopq9AAB
6733209,0016g00002RJvhYAAT
6733210,0016g00002UBp4rAAD
6733211,0016g00002SdKxDAAV
6733212,0016g00002TaHlKAAV
6733213,0016g00002RskA4AAJ
6733214,0016g00002TZzkaAAD
6733215,0016g00002SccifAAB
6733216,0016g00002Ta0iYAAR
6733217,0016g00002RsjWgAAJ
6733218,0016g00002RJyyfAAD
6733219,0016g00002RJwAeAAL
6733220,0016g00002RsskOAAR
6733221,0016g00002SopuqAAB
6733222,0016g00002RJnzOAAT
6733223,0016g00002TaFe2AAF
6733224,0016g00002Ta09UAAR
6733225,0016g00002SbEd8AAF
6733226,0016g00002TcP69AAF
6733227,0016g00002Rxt69AAB
6733228,0016g00002SbEKIAA3
6733229,0016g00002RJzaXAAT
6733230,0016g00002RJAPQAA5
6733231,0016g00002RJr9MAAT
6733232,0016g00002SoouuAAB
6733233,0016g00002SnaqDAAR
6733234,0016g00002SnnWnAAJ
6733235,0016g00002RJz6bAAD
6733236,0016g00002SoppMAAR
6733237,0016g00002TcNC4AAN
6733238,0016g00002RsjzDAAR
6733239,0016g00002RJzt7AAD
6733240,0016g00002Soyx7AAB
6733241,0016g00002TcOOMAA3
6733242,0016g00002Rx5KSAAZ
6733243,0016g00002RJp2lAAD
6733244,0016g00002SoDNVAA3
6733245,0016g00002SoxtjAAB
6733246,0016g00002RK1wFAAT
6733247,0016g00002RKc50AAD
6733248,0016g00002TcxCFAAZ
6733249,0016g00002RJslgAAD
6733250,0016g00002So1M3AAJ
6733251,0016g00002RJzgmAAD
6733252,0016g00002RJy9HAAT
6733253,0016g00002SnJQHAA3
6733254,0016g00002RK1SDAA1
6733255,0016g00002SoyP5AAJ
6733256,0016g00002SbG2HAAV
6733257,0016g00002RJs2fAAD
6733258,0016g00002RJmBqAAL
6733259,0016g00002RJnZLAA1
6733260,0016g00002TaEAoAAN
6733261,0016g00002UBp0eAAD
6733262,0016g00002RsL0PAAV
6733263,0016g00002Sooe7AAB
6733264,0016g00002SoChMAAV
6733265,0016g00002Soo88AAB
6733266,0016g00002UBN2FAAX
6733267,0016g00002RJq9JAAT
6733268,0016g00002RJQf1AAH
6733269,0016g00002SfsHcAAJ
6733270,0016g00002TaIaNAAV
6733271,0016g00002Sop3XAAR
6733272,0016g00002TaGXlAAN
6733273,0016g00002Sck4pAAB
6733274,0016g00002SoogEAAR
6733275,0016g00002SnLwOAAV
6733276,0016g00002UBpzSAAT
6733277,0016g00002RJQW7AAP
6733278,0016g00002TaEMPAA3
6733279,0016g00002TaE85AAF
6733280,0016g00002RJC7XAAX
6733281,0016g00002Tc5WGAAZ
6733282,0016g00002SnzVmAAJ
6733283,0016g00002TaEp7AAF
6733284,0016g00002TcOOxAAN
6733285,0016g00002RJwqcAAD
6733286,0016g00002SoCcwAAF
6733287,0016g00002TcPaYAAV
6733288,0016g00002Soy22AAB
6733289,0016g00002SbFsiAAF
6733290,0016g00002SoDYqAAN
6733291,0016g00002Taku2AAB
6733292,0016g00002UBagsAAD
6733293,0016g00002SoE3lAAF
6733294,0016g00002RwzBwAAJ
6733295,0016g00002So0pwAAB
6733296,0016g00002RJpheAAD
6733297,0016g00002Sons9AAB
6733298,0016g00002TZMEkAAP
6733299,0016g00002RJrYtAAL
6733300,0016g00002SoD5AAAV
6733301,0016g00002RK03MAAT
6733302,0016g00002RtLImAAN
6733303,0016g00002RxtAPAAZ
6733304,0016g00002SnZLNAA3
6733305,0016g00002RsjkXAAR
6733306,0016g00002TaHg2AAF
6733307,0016g00002TZKwbAAH
6733308,0016g00002SoCToAAN
6733309,0016g00002SlgfWAAR
6733310,0016g00002TcO3jAAF
6733311,0016g00002RsjZ0AAJ
6733312,0016g00002RJBzbAAH
6733313,0016g00002SnZ7iAAF
6733314,0016g00002SoyVeAAJ
6733315,0016g00002Soq5OAAR
6733316,0016g00002TcNMBAA3
6733317,0016g00002RJxcxAAD
6733318,0016g00002SoKOwAAN
6733319,0016g00002UBoZuAAL
6733320,0016g00002RsjTKAAZ
6733321,0016g00002SoyJaAAJ
6733322,0016g00002TaFXeAAN
6733323,0016g00002TaH8mAAF
6733324,0016g00002RtLqwAAF
6733325,0016g00002Ta0i8AAB
6733326,0016g00002Sno1KAAR
6733327,0016g00002SnJTOAA3
6733328,0016g00002Tc5SRAAZ
6733329,0016g00002RK1w1AAD
6733330,0016g00002RJC8rAAH
6733331,0016g00002RJn8zAAD
6733332,0016g00002UBox1AAD
6733333,0016g00002SnaKsAAJ
6733334,0016g00002TcNIxAAN
6733335,0016g00002TaFrJAAV
6733336,0016g00002TaFl0AAF
6733337,0016g00002RK1yWAAT
6733338,0016g00002RJBrpAAH
6733339,0016g00002TaEUfAAN
6733340,0016g00002RJy7TAAT
6733341,0016g00002RJBz1AAH
6733342,0016g00002TcPehAAF
6733343,0016g00002RJQosAAH
6733344,0016g00002TaFFYAA3
6733345,0016g00002TZah3AAD
6733346,0016g00002SoDIGAA3
6733347,0016g00002SoolWAAR
6733348,0016g00002Ta0sZAAR
6733349,0016g00002SfsJrAAJ
6733350,0016g00002Ta0I5AAJ
6733351,0016g00002TaGaQAAV
6733352,0016g00002SlfhJAAR
6733353,0016g00002UBrASAA1
6733354,0016g00002SopMhAAJ
6733355,0016g00002RskFBAAZ
6733356,0016g00002SoKcPAAV
6733357,0016g00002RK0pdAAD
6733358,0016g00002Scbn2AAB
6733359,0016g00002TZacgAAD
6733360,0016g00002SnnXpAAJ
6733361,0016g00002RzrX1AAJ
6733362,0016g00002SbE6QAAV
6733363,0016g00002TaHnYAAV
6733364,0016g00002RsjZQAAZ
6733365,0016g00002SoE4aAAF
6733366,0016g00002Ta0FJAAZ
6733367,0016g00002Rxt0sAAB
6733368,0016g00002Sonx7AAB
6733369,0016g00002RtLefAAF
6733370,0016g00002SoyTNAAZ
6733371,0016g00002TcNurAAF
6733372,0016g00002RxzRCAAZ
6733373,0016g00002TcN8rAAF
6733374,0016g00002UBpP5AAL
6733375,0016g00002Rsjd8AAB
6733376,0016g00002SoD3fAAF
6733377,0016g00002SnaIKAAZ
6733378,0016g00002TaHjDAAV
6733379,0016g00002SccQ7AAJ
6733380,0016g00002TaGP1AAN
6733381,0016g00002TaHAsAAN
6733382,0016g00002TZLi1AAH
6733383,0016g00002SoojhAAB
6733384,0016g00002RJpiEAAT
6733385,0016g00002RJwB0AAL
6733386,0016g00002TcPYMAA3
6733387,0016g00002SlgDrAAJ
6733388,0016g00002SbH2sAAF
6733389,0016g00002Snn2VAAR
6733390,0016g00002Tc5c1AAB
6733391,0016g00002RtKyhAAF
6733392,0016g00002ScbTjAAJ
6733393,0016g00002TZr5HAAT
6733394,0016g00002RJAm4AAH
6733395,0016g00002So1MiAAJ
6733396,0016g00002Rsi6RAAR
6733397,0016g00002SbG3xAAF
6733398,0016g00002RJQwOAAX
6733399,0016g00002TaI0wAAF
6733400,0016g00002TcMmYAAV
6733401,0016g00002SlfyQAAR
6733402,0016g00002TaIs4AAF
6733403,0016g00002SnnkzAAB
6733404,0016g00002RJktpAAD
6733405,0016g00002RKcbKAAT
6733406,0016g00002SooroAAB
6733407,0016g00002TZaXsAAL
6733408,0016g00002RJpZnAAL
6733409,0016g00002RKc4OAAT
6733410,0016g00002RJrC5AAL
6733411,0016g00002RJqZvAAL
6733412,0016g00002UBnssAAD
6733413,0016g00002RJA1MAAX
6733414,0016g00002TaGqPAAV
6733415,0016g00002Tb0L2AAJ
6733416,0016g00002RskNRAAZ
6733417,0016g00002Soz47AAB
6733418,0016g00002RsjT2AAJ
6733419,0016g00002RJyGGAA1
6733420,0016g00002SbFsLAAV
6733421,0016g00002RK0UoAAL
6733422,0016g00002SoKVVAA3
6733423,0016g00002SnnslAAB
6733424,0016g00002RsikRAAR
6733425,0016g00002SopBeAAJ
6733426,0016g00002SoDy5AAF
6733427,0016g00002Tc5TyAAJ
6733428,0016g00002RJphxAAD
6733429,0016g00002RJRLoAAP
6733430,0016g00002So1EDAAZ
6733431,0016g00002TZL7qAAH
6733432,0016g00002TaHcHAAV
6733433,0016g00002SnnYoAAJ
6733434,0016g00002RJnL0AAL
6733435,0016g00002Rwz02AAB
6733436,0016g00002Rsm85AAB
6733437,0016g00002UBr3UAAT
6733438,0016g00002TcMlOAAV
6733439,0016g00002TcNcQAAV
6733440,0016g00002SbFJfAAN
6733441,0016g00002TaG1cAAF
6733442,0016g00002So19oAAB
6733443,0016g00002TdCn2AAF
6733444,0016g00002RJwPnAAL
6733445,0016g00002RKcHDAA1
6733446,0016g00002UC2zBAAT
6733447,0016g00002RshvKAAR
6733448,0016g00002RK0pJAAT
6733449,0016g00002Rsjq5AAB
6733450,0016g00002SoEBpAAN
6733451,0016g00002SoCpIAAV
6733452,0016g00002SbFs9AAF
6733453,0016g00002UBMuxAAH
6733454,0016g00002RxJSwAAN
6733455,0016g00002RJn9RAAT
6733456,0016g00002RJmmGAAT
6733457,0016g00002RJyBCAA1
6733458,0016g00002RJvPhAAL
6733459,0016g00002RJxBrAAL
6733460,0016g00002SnaFTAAZ
6733461,0016g00002Rxss5AAB
6733462,0016g00002RJRLHAA5
6733463,0016g00002RJnMfAAL
6733464,0016g00002SnI5EAAV
6733465,0016g00002TcOv2AAF
6733466,0016g00002SopvyAAB
6733467,0016g00002TaFyNAAV
6733468,0016g00002TakhVAAR
6733469,0016g00002RJq5mAAD
6733470,0016g00002SbFeiAAF
6733471,0016g00002Scc7iAAB
6733472,0016g00002SoplUAAR
6733473,0016g00002UBaqFAAT
6733474,0016g00002UBoNrAAL
6733475,0016g00002SnYrPAAV
6733476,0016g00002So0lfAAB
6733477,0016g00002Soq1sAAB
6733478,0016g00002RJvOqAAL
6733479,0016g00002RJtX8AAL
6733480,0016g00002TaEpdAAF
6733481,0016g00002Rx5JCAAZ
6733482,0016g00002SnIMXAA3
6733483,0016g00002UBqFmAAL
6733484,0016g00002RwzFEAAZ
6733485,0016g00002SnJWmAAN
6733486,0016g00002RsjoLAAR
6733487,0016g00002RJof7AAD
6733488,0016g00002RsikvAAB
6733489,0016g00002TaDjkAAF
6733490,0016g00002SoowNAAR
6733491,0016g00002RJiOfAAL
6733492,0016g00002SbE3QAAV
6733493,0016g00002TZLqhAAH
6733494,0016g00002UBq1ZAAT
6733495,0016g00002RzrDXAAZ
6733496,0016g00002RJn2hAAD
6733497,0016g00002Rx5NMAAZ
6733498,0016g00002TZap9AAD
6733499,0016g00002RJpzpAAD
6733500,0016g00002SbEvXAAV
6733501,0016g00002UBpxlAAD
6733502,0016g00002Soq1pAAB
6733503,0016g00002TcNeNAAV
6733504,0016g00002RJkmpAAD
6733505,0016g00002SfsFKAAZ
6733506,0016g00002RK17wAAD
6733507,0016g00002RJtuDAAT
6733508,0016g00002Rsi5ZAAR
6733509,0016g00002SbGMgAAN
6733510,0016g00002RK0NWAA1
6733511,0016g00002RJsbOAAT
6733512,0016g00002SbE2BAAV
6733513,0016g00002RJzGZAA1
6733514,0016g00002UBaoWAAT
6733515,0016g00002RsjG9AAJ
6733516,0016g00002RJCLFAA5
6733517,0016g00002SnZcXAAV
6733518,0016g00002RJq7xAAD
6733519,0016g00002SnZg7AAF
6733520,0016g00002RJztyAAD
6733521,0016g00002TaEnbAAF
6733522,0016g00002RJmRSAA1
6733523,0016g00002Soo1UAAR
6733524,0016g00002TZzm6AAD
6733525,0016g00002RJo33AAD
6733526,0016g00002TaHlIAAV
6733527,0016g00002RshveAAB
6733528,0016g00002UBpUhAAL
6733529,0016g00002SccRlAAJ
6733530,0016g00002RJQTQAA5
6733531,0016g00002RJxljAAD
6733532,0016g00002SoDN0AAN
6733533,0016g00002SopDuAAJ
6733534,0016g00002SnZF4AAN
6733535,0016g00002RJmiuAAD
6733536,0016g00002Tc5UXAAZ
6733537,0016g00002So0yjAAB
6733538,0016g00002SnZpeAAF
6733539,0016g00002Rx5nqAAB
6733540,0016g00002RsiP7AAJ
6733541,0016g00002RJnLpAAL
6733542,0016g00002TcP5PAAV
6733543,0016g00002SoKetAAF
6733544,0016g00002TZadXAAT
6733545,0016g00002SnYksAAF
6733546,0016g00002TZaw6AAD
6733547,0016g00002TcxQwAAJ
6733548,0016g00002Tb0bVAAR
6733549,0016g00002RsKtQAAV
6733550,0016g00002TaIM6AAN
6733551,0016g00002TZzazAAD
6733552,0016g00002RJrMfAAL
6733553,0016g00002SfsDlAAJ
6733554,0016g00002RJlsMAAT
6733555,0016g00002RJzFyAAL
6733556,0016g00002Scc2SAAR
6733557,0016g00002TZM3jAAH
6733558,0016g00002UBpepAAD
6733559,0016g00002UBp4OAAT
6733560,0016g00002SnmRPAAZ
6733561,0016g00002SbF1tAAF
6733562,0016g00002TcNHqAAN
6733563,0016g00002RJqxyAAD
6733564,0016g00002RwzB1AAJ
6733565,0016g00002Ta0PmAAJ
6733566,0016g00002RJpz1AAD
6733567,0016g00002RJRa6AAH
6733568,0016g00002Rx5erAAB
6733569,0016g00002SbGgjAAF
6733570,0016g00002RJnrqAAD
6733571,0016g00002UBpq4AAD
6733572,0016g00002Tc5aUAAR
6733573,0016g00002TcxEUAAZ
6733574,0016g00002TZLd1AAH
6733575,0016g00002TbdJpAAJ
6733576,0016g00002RJsClAAL
6733577,0016g00002RtM1sAAF
6733578,0016g00002RsL9bAAF
6733579,0016g00002RJROjAAP
6733580,0016g00002SoCulAAF
6733581,0016g00002RskB7AAJ
6733582,0016g00002Sop8AAAR
6733583,0016g00002RJxhiAAD
6733584,0016g00002TcMhFAAV
6733585,0016g00002UBqa0AAD
6733586,0016g00002RJBeUAAX
6733587,0016g00002SnJItAAN
6733588,0016g00002RsjH5AAJ
6733589,0016g00002UBplMAAT
6733590,0016g00002TcMtHAAV
6733591,0016g00002TdHGxAAN
6733592,0016g00002RzrmIAAR
6733593,0016g00002UBpV7AAL
6733594,0016g00002RJkcdAAD
6733595,0016g00002SnareAAB
6733596,0016g00002TaHMCAA3
6733597,0016g00002RJwpyAAD
6733598,0016g00002RJkvvAAD
6733599,0016g00002SbH3gAAF
6733600,0016g00002TcPQQAA3
6733601,0016g00002SccBwAAJ
6733602,0016g00002SoCw4AAF
6733603,0016g00002RJx5oAAD
6733604,0016g00002UBokiAAD
6733605,0016g00002SnI0dAAF
6733606,0016g00002RsivMAAR
6733607,0016g00002TaHZSAA3
6733608,0016g00002TaEUUAA3
6733609,0016g00002RK1uXAAT
6733610,0016g00002RJmkwAAD
6733611,0016g00002SnoUFAAZ
6733612,0016g00002TcODCAA3
6733613,0016g00002RJqZ5AAL
6733614,0016g00002RKc3gAAD
6733615,0016g00002So1hDAAR
6733616,0016g00002TcMvcAAF
6733617,0016g00002TaJAdAAN
6733618,0016g00002UBp3VAAT
6733619,0016g00002RJlxYAAT
6733620,0016g00002RJnZIAA1
6733621,0016g00002TaJ5nAAF
6733622,0016g00002RsiUPAAZ
6733623,0016g00002RJC2bAAH
6733624,0016g00002TaH0ZAAV
6733625,0016g00002TaHWfAAN
6733626,0016g00002RJpfnAAD
6733627,0016g00002TaIOeAAN
6733628,0016g00002TZaoRAAT
6733629,0016g00002TaFz1AAF
6733630,0016g00002Rx5l3AAB
6733631,0016g00002UBrIDAA1
6733632,0016g00002TZzwKAAT
6733633,0016g00002Sft4GAAR
6733634,0016g00002TaDP6AAN
6733635,0016g00002UBaUTAA1
6733636,0016g00002Rzr9UAAR
6733637,0016g00002Rwz68AAB
6733638,0016g00002RJlv4AAD
6733639,0016g00002SoobPAAR
6733640,0016g00002SnnKjAAJ
6733641,0016g00002RJBplAAH
6733642,0016g00002TZauEAAT
6733643,0016g00002RsiQsAAJ
6733644,0016g00002Soz4mAAB
6733645,0016g00002SoqOzAAJ
6733646,0016g00002TcNs3AAF
6733647,0016g00002RJR2dAAH
6733648,0016g00002TZaobAAD
6733649,0016g00002SfsXLAAZ
6733650,0016g00002RJvgLAAT
6733651,0016g00002TakpfAAB
6733652,0016g00002So0EpAAJ
6733653,0016g00002SoCFcAAN
6733654,0016g00002RJmazAAD
6733655,0016g00002So14VAAR
6733656,0016g00002Rsm98AAB
6733657,0016g00002RJBa3AAH
6733658,0016g00002RJWbAAAX
6733659,0016g00002SoDs6AAF
6733660,0016g00002SoCFeAAN
6733661,0016g00002UBrNHAA1
6733662,0016g00002TcNhmAAF
6733663,0016g00002TbonqAAB
6733664,0016g00002TakhSAAR
6733665,0016g00002Rx5gXAAR
6733666,0016g00002RsKZ5AAN
6733667,0016g00002RJAbmAAH
6733668,0016g00002RJoDsAAL
6733669,0016g00002RJzK6AAL
6733670,0016g00002TaEfIAAV
6733671,0016g00002SbFJmAAN
6733672,0016g00002SoCyuAAF
6733673,0016g00002SoCNlAAN
6733674,0016g00002SoyXGAAZ
6733675,0016g00002Rsi50AAB
6733676,0016g00002TcOMvAAN
6733677,0016g00002RJly0AAD
6733678,0016g00002RK1YFAA1
6733679,0016g00002Tc5KAAAZ
6733680,0016g00002RJo6vAAD
6733681,0016g00002SnYv0AAF
6733682,0016g00002RsipzAAB
6733683,0016g00002TZzx9AAD
6733684,0016g00002TcxX5AAJ
6733685,0016g00002SbER1AAN
6733686,0016g00002SnIGzAAN
6733687,0016g00002RJRGqAAP
6733688,0016g00002SnnJHAAZ
6733689,0016g00002So0xgAAB
6733690,0016g00002UBNGKAA5
6733691,0016g00002So0DaAAJ
6733692,0016g00002UBpH2AAL
6733693,0016g00002RJQu7AAH
6733694,0016g00002RJvODAA1
6733695,0016g00002RwzShAAJ
6733696,0016g00002SnIckAAF
6733697,0016g00002RtLKlAAN
6733698,0016g00002Tc5XVAAZ
6733699,0016g00002RKcCAAA1
6733700,0016g00002RsKvuAAF
6733701,0016g00002SoqNlAAJ
6733702,0016g00002TaDr2AAF
6733703,0016g00002SoCVuAAN
6733704,0016g00002TaIzkAAF
6733705,0016g00002UBt0BAAT
6733706,0016g00002RJoIsAAL
6733707,0016g00002UBozmAAD
6733708,0016g00002SoDNsAAN
6733709,0016g00002SoECWAA3
6733710,0016g00002UBqfZAAT
6733711,0016g00002UBN6fAAH
6733712,0016g00002RJn0uAAD
6733713,0016g00002UC2rAAAT
6733714,0016g00002Sop7UAAR
6733715,0016g00002RJQIZAA5
6733716,0016g00002RJzHfAAL
6733717,0016g00002RJBSCAA5
6733718,0016g00002TZMKnAAP
6733719,0016g00002UBqPaAAL
6733720,0016g00002SbEWPAA3
6733721,0016g00002RKcVmAAL
6733722,0016g00002UBoX3AAL
6733723,0016g00002SoE3aAAF
6733724,0016g00002RJoeoAAD
6733725,0016g00002RJoH0AAL
6733726,0016g00002TZafjAAD
6733727,0016g00002UC2rUAAT
6733728,0016g00002RJCYdAAP
6733729,0016g00002RJS2KAAX
6733730,0016g00002Ta0LeAAJ
6733731,0016g00002SooBQAAZ
6733732,0016g00002Soyq2AAB
6733733,0016g00002UBN0uAAH
6733734,0016g00002TZlTwAAL
6733735,0016g00002RJtvIAAT
6733736,0016g00002RtL8nAAF
6733737,0016g00002TcMq4AAF
6733738,0016g00002RJr1lAAD
6733739,0016g00002UBpOqAAL
6733740,0016g00002TcNYhAAN
6733741,0016g00002TaFoaAAF
6733742,0016g00002RJCFkAAP
6733743,0016g00002TZKpFAAX
6733744,0016g00002TaHsdAAF
6733745,0016g00002Takj3AAB
6733746,0016g00002SnIWBAA3
6733747,0016g00002TaE5xAAF
6733748,0016g00002RJAhDAAX
6733749,0016g00002RJyvjAAD
6733750,0016g00002TbdVoAAJ
6733751,0016g00002RwzBzAAJ
6733752,0016g00002SoCluAAF
6733753,0016g00002RJzVnAAL
6733754,0016g00002TcP2LAAV
6733755,0016g00002RsiJnAAJ
6733756,0016g00002SnnvVAAR
6733757,0016g00002SbFodAAF
6733758,0016g00002RJmJ6AAL
6733759,0016g00002RJpl7AAD
6733760,0016g00002RJzu3AAD
6733761,0016g00002Tc5RJAAZ
6733762,0016g00002RJm1MAAT
6733763,0016g00002TZzYDAA1
6733764,0016g00002TaInEAAV
6733765,0016g00002RxrFFAAZ
6733766,0016g00002SoohbAAB
6733767,0016g00002SccXSAAZ
6733768,0016g00002RJBjsAAH
6733769,0016g00002SnIdfAAF
6733770,0016g00002SbDt1AAF
6733771,0016g00002SopAzAAJ
6733772,0016g00002SnYx0AAF
6733773,0016g00002RJQHdAAP
6733774,0016g00002RJq3IAAT
6733775,0016g00002RxswcAAB
6733776,0016g00002RJARuAAP
6733777,0016g00002Rski0AAB
6733778,0016g00002SnHjwAAF
6733779,0016g00002RJpZDAA1
6733780,0016g00002Rzr3tAAB
6733781,0016g00002SoyfAAAR
6733782,0016g00002TcxIpAAJ
6733783,0016g00002RslPpAAJ
6733784,0016g00002SbGYCAA3
6733785,0016g00002UBpydAAD
6733786,0016g00002TaGYSAA3
6733787,0016g00002RK0xmAAD
6733788,0016g00002Rsju9AAB
6733789,0016g00002TaHpDAAV
6733790,0016g00002TcOkRAAV
6733791,0016g00002SoyoiAAB
6733792,0016g00002TaE2cAAF
6733793,0016g00002RJCTGAA5
6733794,0016g00002RJBDkAAP
6733795,0016g00002RK1dIAAT
6733796,0016g00002RJzzbAAD
6733797,0016g00002SnapQAAR
6733798,0016g00002UC2R1AAL
6733799,0016g00002RJnCZAA1
6733800,0016g00002TaGneAAF
6733801,0016g00002SbGIqAAN
6733802,0016g00002RJyrfAAD
6733803,0016g00002RJqvRAAT
6733804,0016g00002UBomdAAD
6733805,0016g00002SfsHiAAJ
6733806,0016g00002RJRFcAAP
6733807,0016g00002SbEeGAAV
6733808,0016g00002TcOP7AAN
6733809,0016g00002RJBEmAAP
6733810,0016g00002UBqYSAA1
6733811,0016g00002SbGAYAA3
6733812,0016g00002SbE97AAF
6733813,0016g00002UBp3dAAD
6733814,0016g00002RJyX5AAL
6733815,0016g00002RJSDVAA5
6733816,0016g00002TaFHaAAN
6733817,0016g00002Soz8OAAR
6733818,0016g00002TcNWUAA3
6733819,0016g00002UBaldAAD
6733820,0016g00002RsiDOAAZ
6733821,0016g00002TcNqOAAV
6733822,0016g00002RKcEdAAL
6733823,0016g00002RsjZeAAJ
6733824,0016g00002RJmOoAAL
6733825,0016g00002RJR6sAAH
6733826,0016g00002RJxcnAAD
6733827,0016g00002TcOEGAA3
6733828,0016g00002RJAs2AAH
6733829,0016g00002RsioQAAR
6733830,0016g00002TcPGXAA3
6733831,0016g00002So0G7AAJ
6733832,0016g00002RsiX0AAJ
6733833,0016g00002SomFEAAZ
6733834,0016g00002RJvBuAAL
6733835,0016g00002TdCxjAAF
6733836,0016g00002Soy1aAAB
6733837,0016g00002RJs6mAAD
6733838,0016g00002SnJPRAA3
6733839,0016g00002UC2TpAAL
6733840,0016g00002RJolRAAT
6733841,0016g00002SonwzAAB
6733842,0016g00002TcMv9AAF
6733843,0016g00002SnZJWAA3
6733844,0016g00002RKcDhAAL
6733845,0016g00002UBpfwAAD
6733846,0016g00002RK1YQAA1
6733847,0016g00002TaFxcAAF
6733848,0016g00002SnZLIAA3
6733849,0016g00002TaDolAAF
6733850,0016g00002SoCjOAAV
6733851,0016g00002So1P3AAJ
6733852,0016g00002SbGyBAAV
6733853,0016g00002RKcbVAAT
6733854,0016g00002RsipeAAB
6733855,0016g00002RK1XDAA1
6733856,0016g00002TcNVlAAN
6733857,0016g00002TZacOAAT
6733858,0016g00002RsKgAAAV
6733859,0016g00002TZag6AAD
6733860,0016g00002RJriyAAD
6733861,0016g00002RJktjAAD
6733862,0016g00002So106AAB
6733863,0016g00002SoKJVAA3
6733864,0016g00002Sfsc1AAB
6733865,0016g00002Scc5rAAB
6733866,0016g00002RtKtuAAF
6733867,0016g00002RJzJNAA1
6733868,0016g00002UBarvAAD
6733869,0016g00002TaEYjAAN
6733870,0016g00002TZLnlAAH
6733871,0016g00002TaGGLAA3
6733872,0016g00002RJRDSAA5
6733873,0016g00002UBoLbAAL
6733874,0016g00002SooAkAAJ
6733875,0016g00002RJn7UAAT
6733876,0016g00002Tb0ExAAJ
6733877,0016g00002TZLSYAA5
6733878,0016g00002SnXw1AAF
6733879,0016g00002Tb0ceAAB
6733880,0016g00002SoDLwAAN
6733881,0016g00002TaI4JAAV
6733882,0016g00002RstVCAAZ
6733883,0016g00002TaEtZAAV
6733884,0016g00002SfsF1AAJ
6733885,0016g00002RJwOhAAL
6733886,0016g00002ScbSvAAJ
6733887,0016g00002SbFx6AAF
6733888,0016g00002RzsBRAAZ
6733889,0016g00002Rsj91AAB
6733890,0016g00002TaE82AAF
6733891,0016g00002RJo1kAAD
6733892,0016g00002TcNT7AAN
6733893,0016g00002RKcaQAAT
6733894,0016g00002RJyOGAA1
6733895,0016g00002TZMKHAA5
6733896,0016g00002UBoh1AAD
6733897,0016g00002SooHgAAJ
6733898,0016g00002So1l4AAB
6733899,0016g00002SnIE9AAN
6733900,0016g00002SoKYdAAN
6733901,0016g00002TaIqHAAV
6733902,0016g00002Snb4NAAR
6733903,0016g00002RwzNlAAJ
6733904,0016g00002TcO5cAAF
6733905,0016g00002Sno1lAAB
6733906,0016g00002TdEclAAF
6733907,0016g00002RJAvyAAH
6733908,0016g00002TaHSfAAN
6733909,0016g00002SoCakAAF
6733910,0016g00002TaIbvAAF
6733911,0016g00002RJRxFAAX
6733912,0016g00002UBojtAAD
6733913,0016g00002RJtv2AAD
6733914,0016g00002RJszaAAD
6733915,0016g00002RsKrgAAF
6733916,0016g00002RJxdRAAT
6733917,0016g00002SnZT6AAN
6733918,0016g00002RJv4IAAT
6733919,0016g00002RJAxxAAH
6733920,0016g00002TaE23AAF
6733921,0016g00002RJrAIAA1
6733922,0016g00002ScbmWAAR
6733923,0016g00002SbEP5AAN
6733924,0016g00002SbDq8AAF
6733925,0016g00002TaIxYAAV
6733926,0016g00002UC2vmAAD
6733927,0016g00002RsKtzAAF
6733928,0016g00002SbFLOAA3